{
	"type" : "FeatureCollection",
	"name" : "SLA_DWELLING_INFORMATION_PUB",
	"features" : [
		{
			"type" : "Feature",
			"geometry" : {
				"type" : "Point",
				"coordinates" : [ 103.8708204128989, 1.4082623673411725 ]
			},
			"properties" : {
				"OBJECTID" : 34238,
				"POSTAL_CODE" : "798409",
				"HOUSE_BLK_NO" : "6",
				"STREET_NAME" : "OXFORD STREET",
				"D_TYPE" : "Terrace House",
				"NO_OF_UNITS" : 1,
				"INC_CRC" : "1B4A788D509AA8C7",
				"FMEL_UPD_D" : "20241215232953"
			}
		},
		{
			"type" : "Feature",
			"geometry" : {
				"type" : "Point",
				"coordinates" : [ 103.87074375822934, 1.4082057418411749 ]
			},
			"properties" : {
				"OBJECTID" : 34239,
				"POSTAL_CODE" : "798410",
				"HOUSE_BLK_NO" : "7",
				"STREET_NAME" : "OXFORD STREET",
				"D_TYPE" : "Terrace House",
				"NO_OF_UNITS" : 1,
				"INC_CRC" : "97260F0D41CAEAEC",
				"FMEL_UPD_D" : "20241215232953"
			}
		},
		{
			"type" : "Feature",
			"geometry" : {
				"type" : "Point",
				"coordinates" : [ 103.8707035776718, 1.4081841300036435 ]
			},
			"properties" : {
				"OBJECTID" : 34240,
				"POSTAL_CODE" : "798411",
				"HOUSE_BLK_NO" : "8",
				"STREET_NAME" : "OXFORD STREET",
				"D_TYPE" : "Terrace House",
				"NO_OF_UNITS" : 1,
				"INC_CRC" : "DFC25AC1D42F45D1",
				"FMEL_UPD_D" : "20241215232953"
			}
		},
		{
			"type" : "Feature",
			"geometry" : {
				"type" : "Point",
				"coordinates" : [ 103.87040771238902, 1.408013910880765 ]
			},
			"properties" : {
				"OBJECTID" : 34241,
				"POSTAL_CODE" : "798412",
				"HOUSE_BLK_NO" : "9",
				"STREET_NAME" : "OXFORD STREET",
				"D_TYPE" : "Terrace House",
				"NO_OF_UNITS" : 1,
				"INC_CRC" : "618B7E036CA2F005",
				"FMEL_UPD_D" : "20241215232953"
			}
		},
		{
			"type" : "Feature",
			"geometry" : {
				"type" : "Point",
				"coordinates" : [ 103.87036429701978, 1.4079977831510118 ]
			},
			"properties" : {
				"OBJECTID" : 34242,
				"POSTAL_CODE" : "798413",
				"HOUSE_BLK_NO" : "10",
				"STREET_NAME" : "OXFORD STREET",
				"D_TYPE" : "Terrace House",
				"NO_OF_UNITS" : 1,
				"INC_CRC" : "D8A66E39BBBCCE0E",
				"FMEL_UPD_D" : "20241215232953"
			}
		},
		{
			"type" : "Feature",
			"geometry" : {
				"type" : "Point",
				"coordinates" : [ 103.87029228006058, 1.407947252973342 ]
			},
			"properties" : {
				"OBJECTID" : 34243,
				"POSTAL_CODE" : "798414",
				"HOUSE_BLK_NO" : "11",
				"STREET_NAME" : "OXFORD STREET",
				"D_TYPE" : "Terrace House",
				"NO_OF_UNITS" : 1,
				"INC_CRC" : "EF9FB9E6FFE1E1B4",
				"FMEL_UPD_D" : "20241215232953"
			}
		},
		{
			"type" : "Feature",
			"geometry" : {
				"type" : "Point",
				"coordinates" : [ 103.87025533343535, 1.4079204292275591 ]
			},
			"properties" : {
				"OBJECTID" : 34244,
				"POSTAL_CODE" : "798415",
				"HOUSE_BLK_NO" : "12",
				"STREET_NAME" : "OXFORD STREET",
				"D_TYPE" : "Terrace House",
				"NO_OF_UNITS" : 1,
				"INC_CRC" : "D38EEF008E25D8AD",
				"FMEL_UPD_D" : "20241215232953"
			}
		},
		{
			"type" : "Feature",
			"geometry" : {
				"type" : "Point",
				"coordinates" : [ 103.86993396360518, 1.407744547322099 ]
			},
			"properties" : {
				"OBJECTID" : 34245,
				"POSTAL_CODE" : "798416",
				"HOUSE_BLK_NO" : "13",
				"STREET_NAME" : "OXFORD STREET",
				"D_TYPE" : "Terrace House",
				"NO_OF_UNITS" : 1,
				"INC_CRC" : "8687DB530387A60D",
				"FMEL_UPD_D" : "20241215232953"
			}
		},
		{
			"type" : "Feature",
			"geometry" : {
				"type" : "Point",
				"coordinates" : [ 103.86992473774109, 1.4076806794867507 ]
			},
			"properties" : {
				"OBJECTID" : 34246,
				"POSTAL_CODE" : "798417",
				"HOUSE_BLK_NO" : "14",
				"STREET_NAME" : "OXFORD STREET",
				"D_TYPE" : "Terrace House",
				"NO_OF_UNITS" : 1,
				"INC_CRC" : "B0D08F1F9633483B",
				"FMEL_UPD_D" : "20241215232953"
			}
		},
		{
			"type" : "Feature",
			"geometry" : {
				"type" : "Point",
				"coordinates" : [ 103.86991153564188, 1.4076168451755398 ]
			},
			"properties" : {
				"OBJECTID" : 34247,
				"POSTAL_CODE" : "798418",
				"HOUSE_BLK_NO" : "15",
				"STREET_NAME" : "OXFORD STREET",
				"D_TYPE" : "Terrace House",
				"NO_OF_UNITS" : 1,
				"INC_CRC" : "C02C8A2386899C45",
				"FMEL_UPD_D" : "20241215232953"
			}
		},
		{
			"type" : "Feature",
			"geometry" : {
				"type" : "Point",
				"coordinates" : [ 103.86990135266568, 1.407545216104867 ]
			},
			"properties" : {
				"OBJECTID" : 34248,
				"POSTAL_CODE" : "798419",
				"HOUSE_BLK_NO" : "16",
				"STREET_NAME" : "OXFORD STREET",
				"D_TYPE" : "Terrace House",
				"NO_OF_UNITS" : 1,
				"INC_CRC" : "6595DAD671DA93CC",
				"FMEL_UPD_D" : "20241215232953"
			}
		},
		{
			"type" : "Feature",
			"geometry" : {
				"type" : "Point",
				"coordinates" : [ 103.80453540917415, 1.3020408282483842 ]
			},
			"properties" : {
				"OBJECTID" : 34249,
				"POSTAL_CODE" : "248614",
				"HOUSE_BLK_NO" : "8",
				"STREET_NAME" : "PEEL ROAD",
				"D_TYPE" : "Detached House",
				"NO_OF_UNITS" : 1,
				"INC_CRC" : "5E9BD2DA9B8BFFD2",
				"FMEL_UPD_D" : "20241215232953"
			}
		},
		{
			"type" : "Feature",
			"geometry" : {
				"type" : "Point",
				"coordinates" : [ 103.87157025081372, 1.4054749376408049 ]
			},
			"properties" : {
				"OBJECTID" : 34250,
				"POSTAL_CODE" : "798364",
				"HOUSE_BLK_NO" : "1",
				"STREET_NAME" : "PICCADILLY",
				"D_TYPE" : "Detached House",
				"NO_OF_UNITS" : 1,
				"INC_CRC" : "4B941EAD280796D8",
				"FMEL_UPD_D" : "20241215232953"
			}
		},
		{
			"type" : "Feature",
			"geometry" : {
				"type" : "Point",
				"coordinates" : [ 103.87163605873026, 1.4058147657268616 ]
			},
			"properties" : {
				"OBJECTID" : 34251,
				"POSTAL_CODE" : "798365",
				"HOUSE_BLK_NO" : "2",
				"STREET_NAME" : "PICCADILLY",
				"D_TYPE" : "Detached House",
				"NO_OF_UNITS" : 1,
				"INC_CRC" : "D18C29F082D1C4E7",
				"FMEL_UPD_D" : "20241215232953"
			}
		},
		{
			"type" : "Feature",
			"geometry" : {
				"type" : "Point",
				"coordinates" : [ 103.87141451264011, 1.4025221045915919 ]
			},
			"properties" : {
				"OBJECTID" : 34252,
				"POSTAL_CODE" : "797640",
				"HOUSE_BLK_NO" : "1",
				"STREET_NAME" : "PICCADILLY CIRCUS",
				"D_TYPE" : "Detached House",
				"NO_OF_UNITS" : 1,
				"INC_CRC" : "7836654815DDA601",
				"FMEL_UPD_D" : "20241215232953"
			}
		},
		{
			"type" : "Feature",
			"geometry" : {
				"type" : "Point",
				"coordinates" : [ 103.87154142648569, 1.4025130046100491 ]
			},
			"properties" : {
				"OBJECTID" : 34253,
				"POSTAL_CODE" : "797642",
				"HOUSE_BLK_NO" : "2",
				"STREET_NAME" : "PICCADILLY CIRCUS",
				"D_TYPE" : "Detached House",
				"NO_OF_UNITS" : 1,
				"INC_CRC" : "639B4CF4E1F478D9",
				"FMEL_UPD_D" : "20241215232954"
			}
		},
		{
			"type" : "Feature",
			"geometry" : {
				"type" : "Point",
				"coordinates" : [ 103.87172959480587, 1.4026083757211278 ]
			},
			"properties" : {
				"OBJECTID" : 34254,
				"POSTAL_CODE" : "797643",
				"HOUSE_BLK_NO" : "4",
				"STREET_NAME" : "PICCADILLY CIRCUS",
				"D_TYPE" : "Detached House",
				"NO_OF_UNITS" : 1,
				"INC_CRC" : "83BBD280A349B316",
				"FMEL_UPD_D" : "20241215232954"
			}
		},
		{
			"type" : "Feature",
			"geometry" : {
				"type" : "Point",
				"coordinates" : [ 103.8693004963855, 1.4022677741508394 ]
			},
			"properties" : {
				"OBJECTID" : 34255,
				"POSTAL_CODE" : "798338",
				"HOUSE_BLK_NO" : "53",
				"STREET_NAME" : "REGENT STREET",
				"D_TYPE" : "Semi-Detached House",
				"NO_OF_UNITS" : 1,
				"INC_CRC" : "61EDFB6E495FBA75",
				"FMEL_UPD_D" : "20241215232954"
			}
		},
		{
			"type" : "Feature",
			"geometry" : {
				"type" : "Point",
				"coordinates" : [ 103.86936704202489, 1.4026347051906876 ]
			},
			"properties" : {
				"OBJECTID" : 34256,
				"POSTAL_CODE" : "798339",
				"HOUSE_BLK_NO" : "54",
				"STREET_NAME" : "REGENT STREET",
				"D_TYPE" : "Semi-Detached House",
				"NO_OF_UNITS" : 1,
				"INC_CRC" : "59F64975EB1AE593",
				"FMEL_UPD_D" : "20241215232954"
			}
		},
		{
			"type" : "Feature",
			"geometry" : {
				"type" : "Point",
				"coordinates" : [ 103.86944044575951, 1.4022453564203041 ]
			},
			"properties" : {
				"OBJECTID" : 34257,
				"POSTAL_CODE" : "798340",
				"HOUSE_BLK_NO" : "55",
				"STREET_NAME" : "REGENT STREET",
				"D_TYPE" : "Semi-Detached House",
				"NO_OF_UNITS" : 1,
				"INC_CRC" : "B881A51E3EF5C626",
				"FMEL_UPD_D" : "20241215232954"
			}
		},
		{
			"type" : "Feature",
			"geometry" : {
				"type" : "Point",
				"coordinates" : [ 103.86950876602984, 1.4026063909757331 ]
			},
			"properties" : {
				"OBJECTID" : 34258,
				"POSTAL_CODE" : "798341",
				"HOUSE_BLK_NO" : "56",
				"STREET_NAME" : "REGENT STREET",
				"D_TYPE" : "Semi-Detached House",
				"NO_OF_UNITS" : 1,
				"INC_CRC" : "A3D1F8B7340B591C",
				"FMEL_UPD_D" : "20241215232954"
			}
		},
		{
			"type" : "Feature",
			"geometry" : {
				"type" : "Point",
				"coordinates" : [ 103.86970563434859, 1.4021774092414978 ]
			},
			"properties" : {
				"OBJECTID" : 34259,
				"POSTAL_CODE" : "798342",
				"HOUSE_BLK_NO" : "57",
				"STREET_NAME" : "REGENT STREET",
				"D_TYPE" : "Semi-Detached House",
				"NO_OF_UNITS" : 1,
				"INC_CRC" : "57E261BC3D638EE1",
				"FMEL_UPD_D" : "20241215232954"
			}
		},
		{
			"type" : "Feature",
			"geometry" : {
				"type" : "Point",
				"coordinates" : [ 103.86976741756537, 1.4025446514442304 ]
			},
			"properties" : {
				"OBJECTID" : 34260,
				"POSTAL_CODE" : "798343",
				"HOUSE_BLK_NO" : "58",
				"STREET_NAME" : "REGENT STREET",
				"D_TYPE" : "Semi-Detached House",
				"NO_OF_UNITS" : 1,
				"INC_CRC" : "0CE5450B681623A1",
				"FMEL_UPD_D" : "20241215232954"
			}
		},
		{
			"type" : "Feature",
			"geometry" : {
				"type" : "Point",
				"coordinates" : [ 103.86984699884569, 1.402146323137057 ]
			},
			"properties" : {
				"OBJECTID" : 34261,
				"POSTAL_CODE" : "798344",
				"HOUSE_BLK_NO" : "59",
				"STREET_NAME" : "REGENT STREET",
				"D_TYPE" : "Semi-Detached House",
				"NO_OF_UNITS" : 1,
				"INC_CRC" : "21E62C5BF865C3E6",
				"FMEL_UPD_D" : "20241215232954"
			}
		},
		{
			"type" : "Feature",
			"geometry" : {
				"type" : "Point",
				"coordinates" : [ 103.869904037579, 1.4025142843794387 ]
			},
			"properties" : {
				"OBJECTID" : 34262,
				"POSTAL_CODE" : "798345",
				"HOUSE_BLK_NO" : "60",
				"STREET_NAME" : "REGENT STREET",
				"D_TYPE" : "Semi-Detached House",
				"NO_OF_UNITS" : 1,
				"INC_CRC" : "06FE2EACFFAA5F73",
				"FMEL_UPD_D" : "20241215232954"
			}
		},
		{
			"type" : "Feature",
			"geometry" : {
				"type" : "Point",
				"coordinates" : [ 103.87009218462075, 1.4020561080774128 ]
			},
			"properties" : {
				"OBJECTID" : 34263,
				"POSTAL_CODE" : "798346",
				"HOUSE_BLK_NO" : "61",
				"STREET_NAME" : "REGENT STREET",
				"D_TYPE" : "Semi-Detached House",
				"NO_OF_UNITS" : 1,
				"INC_CRC" : "3FEF86189FE40390",
				"FMEL_UPD_D" : "20241215232954"
			}
		},
		{
			"type" : "Feature",
			"geometry" : {
				"type" : "Point",
				"coordinates" : [ 103.87023773187246, 1.402016522671961 ]
			},
			"properties" : {
				"OBJECTID" : 34264,
				"POSTAL_CODE" : "798347",
				"HOUSE_BLK_NO" : "63",
				"STREET_NAME" : "REGENT STREET",
				"D_TYPE" : "Semi-Detached House",
				"NO_OF_UNITS" : 1,
				"INC_CRC" : "AEE1BC3549AB9E6F",
				"FMEL_UPD_D" : "20241215232954"
			}
		},
		{
			"type" : "Feature",
			"geometry" : {
				"type" : "Point",
				"coordinates" : [ 103.81453799270604, 1.2997011109922147 ]
			},
			"properties" : {
				"OBJECTID" : 34265,
				"POSTAL_CODE" : "248481",
				"HOUSE_BLK_NO" : "6",
				"STREET_NAME" : "RIDLEY PARK",
				"D_TYPE" : "Detached House",
				"NO_OF_UNITS" : 1,
				"INC_CRC" : "2F7327A1741617C7",
				"FMEL_UPD_D" : "20241215232954"
			}
		},
		{
			"type" : "Feature",
			"geometry" : {
				"type" : "Point",
				"coordinates" : [ 103.81396106764191, 1.2995781247556812 ]
			},
			"properties" : {
				"OBJECTID" : 34266,
				"POSTAL_CODE" : "248482",
				"HOUSE_BLK_NO" : "7",
				"STREET_NAME" : "RIDLEY PARK",
				"D_TYPE" : "Detached House",
				"NO_OF_UNITS" : 1,
				"INC_CRC" : "8CED7052720048DE",
				"FMEL_UPD_D" : "20241215232954"
			}
		},
		{
			"type" : "Feature",
			"geometry" : {
				"type" : "Point",
				"coordinates" : [ 103.8146635388636, 1.2990113339358207 ]
			},
			"properties" : {
				"OBJECTID" : 34267,
				"POSTAL_CODE" : "248483",
				"HOUSE_BLK_NO" : "8",
				"STREET_NAME" : "RIDLEY PARK",
				"D_TYPE" : "Detached House",
				"NO_OF_UNITS" : 1,
				"INC_CRC" : "A24488AE6EC3F668",
				"FMEL_UPD_D" : "20241215232954"
			}
		},
		{
			"type" : "Feature",
			"geometry" : {
				"type" : "Point",
				"coordinates" : [ 103.8142448455771, 1.298325928109151 ]
			},
			"properties" : {
				"OBJECTID" : 34268,
				"POSTAL_CODE" : "248484",
				"HOUSE_BLK_NO" : "9",
				"STREET_NAME" : "RIDLEY PARK",
				"D_TYPE" : "Detached House",
				"NO_OF_UNITS" : 1,
				"INC_CRC" : "6B406B7A1C538249",
				"FMEL_UPD_D" : "20241215232954"
			}
		},
		{
			"type" : "Feature",
			"geometry" : {
				"type" : "Point",
				"coordinates" : [ 103.81393467248486, 1.297155443494599 ]
			},
			"properties" : {
				"OBJECTID" : 34269,
				"POSTAL_CODE" : "248485",
				"HOUSE_BLK_NO" : "10",
				"STREET_NAME" : "RIDLEY PARK",
				"D_TYPE" : "Detached House",
				"NO_OF_UNITS" : 1,
				"INC_CRC" : "0186AB6C122E1EB7",
				"FMEL_UPD_D" : "20241215232954"
			}
		},
		{
			"type" : "Feature",
			"geometry" : {
				"type" : "Point",
				"coordinates" : [ 103.81293286579749, 1.2986462094294073 ]
			},
			"properties" : {
				"OBJECTID" : 34270,
				"POSTAL_CODE" : "248486",
				"HOUSE_BLK_NO" : "11",
				"STREET_NAME" : "RIDLEY PARK",
				"D_TYPE" : "Detached House",
				"NO_OF_UNITS" : 1,
				"INC_CRC" : "4E9ADDAE92D585BB",
				"FMEL_UPD_D" : "20241215232954"
			}
		},
		{
			"type" : "Feature",
			"geometry" : {
				"type" : "Point",
				"coordinates" : [ 103.81284913946361, 1.2980829830388143 ]
			},
			"properties" : {
				"OBJECTID" : 34271,
				"POSTAL_CODE" : "248487",
				"HOUSE_BLK_NO" : "12",
				"STREET_NAME" : "RIDLEY PARK",
				"D_TYPE" : "Detached House",
				"NO_OF_UNITS" : 1,
				"INC_CRC" : "FACDF265C0F1684F",
				"FMEL_UPD_D" : "20241215232954"
			}
		},
		{
			"type" : "Feature",
			"geometry" : {
				"type" : "Point",
				"coordinates" : [ 103.81472020132135, 1.3003294369463827 ]
			},
			"properties" : {
				"OBJECTID" : 34272,
				"POSTAL_CODE" : "248488",
				"HOUSE_BLK_NO" : "16",
				"STREET_NAME" : "RIDLEY PARK",
				"D_TYPE" : "Detached House",
				"NO_OF_UNITS" : 1,
				"INC_CRC" : "C4AD56519B5417B4",
				"FMEL_UPD_D" : "20241215232954"
			}
		},
		{
			"type" : "Feature",
			"geometry" : {
				"type" : "Point",
				"coordinates" : [ 103.81437298228862, 1.3001618465139968 ]
			},
			"properties" : {
				"OBJECTID" : 34273,
				"POSTAL_CODE" : "248489",
				"HOUSE_BLK_NO" : "17",
				"STREET_NAME" : "RIDLEY PARK",
				"D_TYPE" : "Detached House",
				"NO_OF_UNITS" : 1,
				"INC_CRC" : "E2EF7AAAF8813B1E",
				"FMEL_UPD_D" : "20241215232954"
			}
		},
		{
			"type" : "Feature",
			"geometry" : {
				"type" : "Point",
				"coordinates" : [ 103.81371586283032, 1.3002791954490565 ]
			},
			"properties" : {
				"OBJECTID" : 34274,
				"POSTAL_CODE" : "248490",
				"HOUSE_BLK_NO" : "18",
				"STREET_NAME" : "RIDLEY PARK",
				"D_TYPE" : "Detached House",
				"NO_OF_UNITS" : 1,
				"INC_CRC" : "40F78666A34C0EDF",
				"FMEL_UPD_D" : "20241215232954"
			}
		},
		{
			"type" : "Feature",
			"geometry" : {
				"type" : "Point",
				"coordinates" : [ 103.81317604774003, 1.299683667888385 ]
			},
			"properties" : {
				"OBJECTID" : 34275,
				"POSTAL_CODE" : "248491",
				"HOUSE_BLK_NO" : "19",
				"STREET_NAME" : "RIDLEY PARK",
				"D_TYPE" : "Detached House",
				"NO_OF_UNITS" : 1,
				"INC_CRC" : "55B51C286B3D1C4D",
				"FMEL_UPD_D" : "20241215232954"
			}
		},
		{
			"type" : "Feature",
			"geometry" : {
				"type" : "Point",
				"coordinates" : [ 103.81399786614784, 1.3008246534788723 ]
			},
			"properties" : {
				"OBJECTID" : 34276,
				"POSTAL_CODE" : "248492",
				"HOUSE_BLK_NO" : "20",
				"STREET_NAME" : "RIDLEY PARK",
				"D_TYPE" : "Detached House",
				"NO_OF_UNITS" : 1,
				"INC_CRC" : "8643FB9BC4B96AE2",
				"FMEL_UPD_D" : "20241215232954"
			}
		},
		{
			"type" : "Feature",
			"geometry" : {
				"type" : "Point",
				"coordinates" : [ 103.8135301053512, 1.3007865932557392 ]
			},
			"properties" : {
				"OBJECTID" : 34277,
				"POSTAL_CODE" : "248493",
				"HOUSE_BLK_NO" : "21",
				"STREET_NAME" : "RIDLEY PARK",
				"D_TYPE" : "Detached House",
				"NO_OF_UNITS" : 1,
				"INC_CRC" : "A3271BCF64F4B730",
				"FMEL_UPD_D" : "20241215232954"
			}
		},
		{
			"type" : "Feature",
			"geometry" : {
				"type" : "Point",
				"coordinates" : [ 103.81256959421316, 1.299078773156883 ]
			},
			"properties" : {
				"OBJECTID" : 34278,
				"POSTAL_CODE" : "248504",
				"HOUSE_BLK_NO" : "78",
				"STREET_NAME" : "RIDLEY PARK",
				"D_TYPE" : "Detached House",
				"NO_OF_UNITS" : 1,
				"INC_CRC" : "00B921C48AAB48BC",
				"FMEL_UPD_D" : "20241215232954"
			}
		},
		{
			"type" : "Feature",
			"geometry" : {
				"type" : "Point",
				"coordinates" : [ 103.80484945480147, 1.306964973503278 ]
			},
			"properties" : {
				"OBJECTID" : 34279,
				"POSTAL_CODE" : "248418",
				"HOUSE_BLK_NO" : "24",
				"STREET_NAME" : "RIDOUT ROAD",
				"D_TYPE" : "Detached House",
				"NO_OF_UNITS" : 1,
				"INC_CRC" : "A4CE73C352248FF0",
				"FMEL_UPD_D" : "20241215232954"
			}
		},
		{
			"type" : "Feature",
			"geometry" : {
				"type" : "Point",
				"coordinates" : [ 103.80361265422147, 1.3075381625660272 ]
			},
			"properties" : {
				"OBJECTID" : 34280,
				"POSTAL_CODE" : "248420",
				"HOUSE_BLK_NO" : "26",
				"STREET_NAME" : "RIDOUT ROAD",
				"D_TYPE" : "Detached House",
				"NO_OF_UNITS" : 1,
				"INC_CRC" : "53F75B211E6DEFF7",
				"FMEL_UPD_D" : "20241215232954"
			}
		},
		{
			"type" : "Feature",
			"geometry" : {
				"type" : "Point",
				"coordinates" : [ 103.80429864482659, 1.3044186136440563 ]
			},
			"properties" : {
				"OBJECTID" : 34281,
				"POSTAL_CODE" : "248428",
				"HOUSE_BLK_NO" : "31",
				"STREET_NAME" : "RIDOUT ROAD",
				"D_TYPE" : "Detached House",
				"NO_OF_UNITS" : 1,
				"INC_CRC" : "744CF1CEC5BB52E5",
				"FMEL_UPD_D" : "20241215232954"
			}
		},
		{
			"type" : "Feature",
			"geometry" : {
				"type" : "Point",
				"coordinates" : [ 103.80320005258444, 1.3025784274892223 ]
			},
			"properties" : {
				"OBJECTID" : 34282,
				"POSTAL_CODE" : "248440",
				"HOUSE_BLK_NO" : "40",
				"STREET_NAME" : "RIDOUT ROAD",
				"D_TYPE" : "Other Apartment nec",
				"NO_OF_UNITS" : 6,
				"INC_CRC" : "ECC06BAC9395E324",
				"FMEL_UPD_D" : "20241215232954"
			}
		},
		{
			"type" : "Feature",
			"geometry" : {
				"type" : "Point",
				"coordinates" : [ 103.78745575649684, 1.3056260713922923 ]
			},
			"properties" : {
				"OBJECTID" : 34283,
				"POSTAL_CODE" : "139221",
				"HOUSE_BLK_NO" : "10",
				"STREET_NAME" : "ROCHESTER PARK",
				"D_TYPE" : "Detached House",
				"NO_OF_UNITS" : 1,
				"INC_CRC" : "0979C404CCFEAE4B",
				"FMEL_UPD_D" : "20241215232954"
			}
		},
		{
			"type" : "Feature",
			"geometry" : {
				"type" : "Point",
				"coordinates" : [ 103.78732084737312, 1.3059457400459633 ]
			},
			"properties" : {
				"OBJECTID" : 34284,
				"POSTAL_CODE" : "139222",
				"HOUSE_BLK_NO" : "11",
				"STREET_NAME" : "ROCHESTER PARK",
				"D_TYPE" : "Detached House",
				"NO_OF_UNITS" : 1,
				"INC_CRC" : "FB489CBCED18A9E8",
				"FMEL_UPD_D" : "20241215232954"
			}
		},
		{
			"type" : "Feature",
			"geometry" : {
				"type" : "Point",
				"coordinates" : [ 103.78687227388319, 1.3062417573610081 ]
			},
			"properties" : {
				"OBJECTID" : 34285,
				"POSTAL_CODE" : "139223",
				"HOUSE_BLK_NO" : "12",
				"STREET_NAME" : "ROCHESTER PARK",
				"D_TYPE" : "Detached House",
				"NO_OF_UNITS" : 1,
				"INC_CRC" : "8B1427DC60E19EF6",
				"FMEL_UPD_D" : "20241215232954"
			}
		},
		{
			"type" : "Feature",
			"geometry" : {
				"type" : "Point",
				"coordinates" : [ 103.78643269406606, 1.3065744214162376 ]
			},
			"properties" : {
				"OBJECTID" : 34286,
				"POSTAL_CODE" : "139224",
				"HOUSE_BLK_NO" : "13",
				"STREET_NAME" : "ROCHESTER PARK",
				"D_TYPE" : "Detached House",
				"NO_OF_UNITS" : 1,
				"INC_CRC" : "314FF5BFA12044B9",
				"FMEL_UPD_D" : "20241215232954"
			}
		},
		{
			"type" : "Feature",
			"geometry" : {
				"type" : "Point",
				"coordinates" : [ 103.7858438160073, 1.3064299416817706 ]
			},
			"properties" : {
				"OBJECTID" : 34287,
				"POSTAL_CODE" : "139225",
				"HOUSE_BLK_NO" : "14",
				"STREET_NAME" : "ROCHESTER PARK",
				"D_TYPE" : "Detached House",
				"NO_OF_UNITS" : 1,
				"INC_CRC" : "00F25DD18954BDA9",
				"FMEL_UPD_D" : "20241215232954"
			}
		},
		{
			"type" : "Feature",
			"geometry" : {
				"type" : "Point",
				"coordinates" : [ 103.7871999013948, 1.3065248249898371 ]
			},
			"properties" : {
				"OBJECTID" : 34288,
				"POSTAL_CODE" : "139226",
				"HOUSE_BLK_NO" : "15",
				"STREET_NAME" : "ROCHESTER PARK",
				"D_TYPE" : "Detached House",
				"NO_OF_UNITS" : 1,
				"INC_CRC" : "99A7A25DFE8E063E",
				"FMEL_UPD_D" : "20241215232954"
			}
		},
		{
			"type" : "Feature",
			"geometry" : {
				"type" : "Point",
				"coordinates" : [ 103.78689138458681, 1.3068067548891686 ]
			},
			"properties" : {
				"OBJECTID" : 34289,
				"POSTAL_CODE" : "139227",
				"HOUSE_BLK_NO" : "16",
				"STREET_NAME" : "ROCHESTER PARK",
				"D_TYPE" : "Detached House",
				"NO_OF_UNITS" : 1,
				"INC_CRC" : "2A1FD34A8BB1E393",
				"FMEL_UPD_D" : "20241215232954"
			}
		},
		{
			"type" : "Feature",
			"geometry" : {
				"type" : "Point",
				"coordinates" : [ 103.7865078648808, 1.306905103688574 ]
			},
			"properties" : {
				"OBJECTID" : 34290,
				"POSTAL_CODE" : "139228",
				"HOUSE_BLK_NO" : "17",
				"STREET_NAME" : "ROCHESTER PARK",
				"D_TYPE" : "Detached House",
				"NO_OF_UNITS" : 1,
				"INC_CRC" : "43C1212F55A462BF",
				"FMEL_UPD_D" : "20241215232954"
			}
		},
		{
			"type" : "Feature",
			"geometry" : {
				"type" : "Point",
				"coordinates" : [ 103.78610156711963, 1.3067552410359422 ]
			},
			"properties" : {
				"OBJECTID" : 34291,
				"POSTAL_CODE" : "139229",
				"HOUSE_BLK_NO" : "18",
				"STREET_NAME" : "ROCHESTER PARK",
				"D_TYPE" : "Detached House",
				"NO_OF_UNITS" : 1,
				"INC_CRC" : "70A4AD717916BAD2",
				"FMEL_UPD_D" : "20241215232954"
			}
		},
		{
			"type" : "Feature",
			"geometry" : {
				"type" : "Point",
				"coordinates" : [ 103.7855045551755, 1.3064797267990198 ]
			},
			"properties" : {
				"OBJECTID" : 34292,
				"POSTAL_CODE" : "139230",
				"HOUSE_BLK_NO" : "19",
				"STREET_NAME" : "ROCHESTER PARK",
				"D_TYPE" : "Detached House",
				"NO_OF_UNITS" : 1,
				"INC_CRC" : "D570101159BEC6A0",
				"FMEL_UPD_D" : "20241215232954"
			}
		},
		{
			"type" : "Feature",
			"geometry" : {
				"type" : "Point",
				"coordinates" : [ 103.78559149029559, 1.3069186807348665 ]
			},
			"properties" : {
				"OBJECTID" : 34293,
				"POSTAL_CODE" : "139231",
				"HOUSE_BLK_NO" : "20",
				"STREET_NAME" : "ROCHESTER PARK",
				"D_TYPE" : "Detached House",
				"NO_OF_UNITS" : 1,
				"INC_CRC" : "EF423774482DE93E",
				"FMEL_UPD_D" : "20241215232954"
			}
		},
		{
			"type" : "Feature",
			"geometry" : {
				"type" : "Point",
				"coordinates" : [ 103.78618782896237, 1.3071662618369153 ]
			},
			"properties" : {
				"OBJECTID" : 34294,
				"POSTAL_CODE" : "139232",
				"HOUSE_BLK_NO" : "21",
				"STREET_NAME" : "ROCHESTER PARK",
				"D_TYPE" : "Detached House",
				"NO_OF_UNITS" : 1,
				"INC_CRC" : "9657DA1A0AA21ABA",
				"FMEL_UPD_D" : "20241215232954"
			}
		},
		{
			"type" : "Feature",
			"geometry" : {
				"type" : "Point",
				"coordinates" : [ 103.78664083870123, 1.307266043457755 ]
			},
			"properties" : {
				"OBJECTID" : 34295,
				"POSTAL_CODE" : "139233",
				"HOUSE_BLK_NO" : "22",
				"STREET_NAME" : "ROCHESTER PARK",
				"D_TYPE" : "Detached House",
				"NO_OF_UNITS" : 1,
				"INC_CRC" : "55C83B4C4EDC5C41",
				"FMEL_UPD_D" : "20241215232954"
			}
		},
		{
			"type" : "Feature",
			"geometry" : {
				"type" : "Point",
				"coordinates" : [ 103.78694647579148, 1.307226706591481 ]
			},
			"properties" : {
				"OBJECTID" : 34296,
				"POSTAL_CODE" : "139234",
				"HOUSE_BLK_NO" : "23",
				"STREET_NAME" : "ROCHESTER PARK",
				"D_TYPE" : "Detached House",
				"NO_OF_UNITS" : 1,
				"INC_CRC" : "048AE134E8F7E93D",
				"FMEL_UPD_D" : "20241215232954"
			}
		},
		{
			"type" : "Feature",
			"geometry" : {
				"type" : "Point",
				"coordinates" : [ 103.78758273669706, 1.3062569592794306 ]
			},
			"properties" : {
				"OBJECTID" : 34297,
				"POSTAL_CODE" : "139250",
				"HOUSE_BLK_NO" : "35",
				"STREET_NAME" : "ROCHESTER PARK",
				"D_TYPE" : "Detached House",
				"NO_OF_UNITS" : 1,
				"INC_CRC" : "28AD8FDB293BA971",
				"FMEL_UPD_D" : "20241215232954"
			}
		},
		{
			"type" : "Feature",
			"geometry" : {
				"type" : "Point",
				"coordinates" : [ 103.78608164482661, 1.3061142759744722 ]
			},
			"properties" : {
				"OBJECTID" : 34298,
				"POSTAL_CODE" : "139242",
				"HOUSE_BLK_NO" : "38",
				"STREET_NAME" : "ROCHESTER PARK",
				"D_TYPE" : "Detached House",
				"NO_OF_UNITS" : 1,
				"INC_CRC" : "8899A3E293374B37",
				"FMEL_UPD_D" : "20241215232954"
			}
		},
		{
			"type" : "Feature",
			"geometry" : {
				"type" : "Point",
				"coordinates" : [ 103.78634729354516, 1.3062312279711947 ]
			},
			"properties" : {
				"OBJECTID" : 34299,
				"POSTAL_CODE" : "139243",
				"HOUSE_BLK_NO" : "39",
				"STREET_NAME" : "ROCHESTER PARK",
				"D_TYPE" : "Detached House",
				"NO_OF_UNITS" : 1,
				"INC_CRC" : "60448E296BA48BBB",
				"FMEL_UPD_D" : "20241215232954"
			}
		},
		{
			"type" : "Feature",
			"geometry" : {
				"type" : "Point",
				"coordinates" : [ 103.78666842769339, 1.305854023577491 ]
			},
			"properties" : {
				"OBJECTID" : 34300,
				"POSTAL_CODE" : "139244",
				"HOUSE_BLK_NO" : "40",
				"STREET_NAME" : "ROCHESTER PARK",
				"D_TYPE" : "Detached House",
				"NO_OF_UNITS" : 1,
				"INC_CRC" : "E9ADDB35C6EE862C",
				"FMEL_UPD_D" : "20241215232954"
			}
		},
		{
			"type" : "Feature",
			"geometry" : {
				"type" : "Point",
				"coordinates" : [ 103.78709885499923, 1.305557235442275 ]
			},
			"properties" : {
				"OBJECTID" : 34301,
				"POSTAL_CODE" : "139245",
				"HOUSE_BLK_NO" : "41",
				"STREET_NAME" : "ROCHESTER PARK",
				"D_TYPE" : "Detached House",
				"NO_OF_UNITS" : 1,
				"INC_CRC" : "79ADAAD361554059",
				"FMEL_UPD_D" : "20241215232954"
			}
		},
		{
			"type" : "Feature",
			"geometry" : {
				"type" : "Point",
				"coordinates" : [ 103.78713345885342, 1.3050198808021711 ]
			},
			"properties" : {
				"OBJECTID" : 34302,
				"POSTAL_CODE" : "139246",
				"HOUSE_BLK_NO" : "42",
				"STREET_NAME" : "ROCHESTER PARK",
				"D_TYPE" : "Detached House",
				"NO_OF_UNITS" : 1,
				"INC_CRC" : "FAC1DF2631B642D2",
				"FMEL_UPD_D" : "20241215232954"
			}
		},
		{
			"type" : "Feature",
			"geometry" : {
				"type" : "Point",
				"coordinates" : [ 103.78676033294511, 1.3047746979576371 ]
			},
			"properties" : {
				"OBJECTID" : 34303,
				"POSTAL_CODE" : "139247",
				"HOUSE_BLK_NO" : "43",
				"STREET_NAME" : "ROCHESTER PARK",
				"D_TYPE" : "Detached House",
				"NO_OF_UNITS" : 1,
				"INC_CRC" : "620AB7572BBE7053",
				"FMEL_UPD_D" : "20241215232954"
			}
		},
		{
			"type" : "Feature",
			"geometry" : {
				"type" : "Point",
				"coordinates" : [ 103.8170635013125, 1.3255599515413428 ]
			},
			"properties" : {
				"OBJECTID" : 34304,
				"POSTAL_CODE" : "298199",
				"HOUSE_BLK_NO" : "1",
				"STREET_NAME" : "ROSS AVENUE",
				"D_TYPE" : "Detached House",
				"NO_OF_UNITS" : 1,
				"INC_CRC" : "4F740E90F288A402",
				"FMEL_UPD_D" : "20241215232954"
			}
		},
		{
			"type" : "Feature",
			"geometry" : {
				"type" : "Point",
				"coordinates" : [ 103.81675870879656, 1.3256004460488255 ]
			},
			"properties" : {
				"OBJECTID" : 34305,
				"POSTAL_CODE" : "298200",
				"HOUSE_BLK_NO" : "3",
				"STREET_NAME" : "ROSS AVENUE",
				"D_TYPE" : "Detached House",
				"NO_OF_UNITS" : 1,
				"INC_CRC" : "5FA9B15CA5316220",
				"FMEL_UPD_D" : "20241215232954"
			}
		},
		{
			"type" : "Feature",
			"geometry" : {
				"type" : "Point",
				"coordinates" : [ 103.81644101933877, 1.325638725641067 ]
			},
			"properties" : {
				"OBJECTID" : 34306,
				"POSTAL_CODE" : "298201",
				"HOUSE_BLK_NO" : "5",
				"STREET_NAME" : "ROSS AVENUE",
				"D_TYPE" : "Detached House",
				"NO_OF_UNITS" : 1,
				"INC_CRC" : "C723919C3D00D02E",
				"FMEL_UPD_D" : "20241215232954"
			}
		},
		{
			"type" : "Feature",
			"geometry" : {
				"type" : "Point",
				"coordinates" : [ 103.81617674747012, 1.3256258818357174 ]
			},
			"properties" : {
				"OBJECTID" : 34307,
				"POSTAL_CODE" : "298202",
				"HOUSE_BLK_NO" : "7",
				"STREET_NAME" : "ROSS AVENUE",
				"D_TYPE" : "Detached House",
				"NO_OF_UNITS" : 1,
				"INC_CRC" : "06713575ED8139AC",
				"FMEL_UPD_D" : "20241215232954"
			}
		},
		{
			"type" : "Feature",
			"geometry" : {
				"type" : "Point",
				"coordinates" : [ 103.81588931056469, 1.3256580155056632 ]
			},
			"properties" : {
				"OBJECTID" : 34308,
				"POSTAL_CODE" : "298203",
				"HOUSE_BLK_NO" : "9",
				"STREET_NAME" : "ROSS AVENUE",
				"D_TYPE" : "Detached House",
				"NO_OF_UNITS" : 1,
				"INC_CRC" : "CF1219691279AB5C",
				"FMEL_UPD_D" : "20241215232954"
			}
		},
		{
			"type" : "Feature",
			"geometry" : {
				"type" : "Point",
				"coordinates" : [ 103.81551982704342, 1.3257641337105925 ]
			},
			"properties" : {
				"OBJECTID" : 34309,
				"POSTAL_CODE" : "298204",
				"HOUSE_BLK_NO" : "11",
				"STREET_NAME" : "ROSS AVENUE",
				"D_TYPE" : "Detached House",
				"NO_OF_UNITS" : 1,
				"INC_CRC" : "D0944D3225FBE370",
				"FMEL_UPD_D" : "20241215232954"
			}
		},
		{
			"type" : "Feature",
			"geometry" : {
				"type" : "Point",
				"coordinates" : [ 103.81524302828537, 1.3256465796710275 ]
			},
			"properties" : {
				"OBJECTID" : 34310,
				"POSTAL_CODE" : "298205",
				"HOUSE_BLK_NO" : "15",
				"STREET_NAME" : "ROSS AVENUE",
				"D_TYPE" : "Detached House",
				"NO_OF_UNITS" : 1,
				"INC_CRC" : "3AA958B81B98CE56",
				"FMEL_UPD_D" : "20241215232954"
			}
		},
		{
			"type" : "Feature",
			"geometry" : {
				"type" : "Point",
				"coordinates" : [ 103.8542336955745, 1.308812454864701 ]
			},
			"properties" : {
				"OBJECTID" : 34311,
				"POSTAL_CODE" : "207980",
				"HOUSE_BLK_NO" : "22",
				"STREET_NAME" : "ROWELL ROAD",
				"D_TYPE" : "Other Apartment nec",
				"NO_OF_UNITS" : 2,
				"INC_CRC" : "08A8184E6EA18994",
				"FMEL_UPD_D" : "20241215232954"
			}
		},
		{
			"type" : "Feature",
			"geometry" : {
				"type" : "Point",
				"coordinates" : [ 103.85430060377642, 1.3087662548331163 ]
			},
			"properties" : {
				"OBJECTID" : 34312,
				"POSTAL_CODE" : "207981",
				"HOUSE_BLK_NO" : "24",
				"STREET_NAME" : "ROWELL ROAD",
				"D_TYPE" : "Other Apartment nec",
				"NO_OF_UNITS" : 2,
				"INC_CRC" : "048ECCF6A3CC7955",
				"FMEL_UPD_D" : "20241215232954"
			}
		},
		{
			"type" : "Feature",
			"geometry" : {
				"type" : "Point",
				"coordinates" : [ 103.85435837914896, 1.3087219052069456 ]
			},
			"properties" : {
				"OBJECTID" : 34313,
				"POSTAL_CODE" : "207982",
				"HOUSE_BLK_NO" : "26",
				"STREET_NAME" : "ROWELL ROAD",
				"D_TYPE" : "Other Apartment nec",
				"NO_OF_UNITS" : 2,
				"INC_CRC" : "4F1443AEAC041970",
				"FMEL_UPD_D" : "20241215232954"
			}
		},
		{
			"type" : "Feature",
			"geometry" : {
				"type" : "Point",
				"coordinates" : [ 103.85442819510587, 1.3086826777991207 ]
			},
			"properties" : {
				"OBJECTID" : 34314,
				"POSTAL_CODE" : "207983",
				"HOUSE_BLK_NO" : "28",
				"STREET_NAME" : "ROWELL ROAD",
				"D_TYPE" : "Other Apartment nec",
				"NO_OF_UNITS" : 2,
				"INC_CRC" : "C8148E32629E706A",
				"FMEL_UPD_D" : "20241215232954"
			}
		},
		{
			"type" : "Feature",
			"geometry" : {
				"type" : "Point",
				"coordinates" : [ 103.8544849155282, 1.308632282501107 ]
			},
			"properties" : {
				"OBJECTID" : 34315,
				"POSTAL_CODE" : "207985",
				"HOUSE_BLK_NO" : "30",
				"STREET_NAME" : "ROWELL ROAD",
				"D_TYPE" : "Other Apartment nec",
				"NO_OF_UNITS" : 2,
				"INC_CRC" : "10B1C0ECE0AA8731",
				"FMEL_UPD_D" : "20241215232954"
			}
		},
		{
			"type" : "Feature",
			"geometry" : {
				"type" : "Point",
				"coordinates" : [ 103.8545590112705, 1.3085937387530404 ]
			},
			"properties" : {
				"OBJECTID" : 34316,
				"POSTAL_CODE" : "207987",
				"HOUSE_BLK_NO" : "32",
				"STREET_NAME" : "ROWELL ROAD",
				"D_TYPE" : "Other Apartment nec",
				"NO_OF_UNITS" : 2,
				"INC_CRC" : "C5B3736A65F08D10",
				"FMEL_UPD_D" : "20241215232954"
			}
		},
		{
			"type" : "Feature",
			"geometry" : {
				"type" : "Point",
				"coordinates" : [ 103.85546482529793, 1.3076105462955523 ]
			},
			"properties" : {
				"OBJECTID" : 34317,
				"POSTAL_CODE" : "207433",
				"HOUSE_BLK_NO" : "54",
				"STREET_NAME" : "ROWELL ROAD",
				"D_TYPE" : "Other Apartment nec",
				"NO_OF_UNITS" : 1,
				"INC_CRC" : "3FF1A5B0669CCF12",
				"FMEL_UPD_D" : "20241215232954"
			}
		},
		{
			"type" : "Feature",
			"geometry" : {
				"type" : "Point",
				"coordinates" : [ 103.85550143260639, 1.3076649688282047 ]
			},
			"properties" : {
				"OBJECTID" : 34318,
				"POSTAL_CODE" : "207434",
				"HOUSE_BLK_NO" : "56",
				"STREET_NAME" : "ROWELL ROAD",
				"D_TYPE" : "Other Apartment nec",
				"NO_OF_UNITS" : 1,
				"INC_CRC" : "C4BA3901A318DAD9",
				"FMEL_UPD_D" : "20241215232954"
			}
		},
		{
			"type" : "Feature",
			"geometry" : {
				"type" : "Point",
				"coordinates" : [ 103.85553431986375, 1.3077119620375444 ]
			},
			"properties" : {
				"OBJECTID" : 34319,
				"POSTAL_CODE" : "207435",
				"HOUSE_BLK_NO" : "58",
				"STREET_NAME" : "ROWELL ROAD",
				"D_TYPE" : "Other Apartment nec",
				"NO_OF_UNITS" : 1,
				"INC_CRC" : "CF839C7B97B67070",
				"FMEL_UPD_D" : "20241215232954"
			}
		},
		{
			"type" : "Feature",
			"geometry" : {
				"type" : "Point",
				"coordinates" : [ 103.8000946501664, 1.334645202270624 ]
			},
			"properties" : {
				"OBJECTID" : 34320,
				"POSTAL_CODE" : "289551",
				"HOUSE_BLK_NO" : "80",
				"STREET_NAME" : "ENG NEO AVENUE",
				"D_TYPE" : "Detached House",
				"NO_OF_UNITS" : 1,
				"INC_CRC" : "6B8B3C047A3E54B2",
				"FMEL_UPD_D" : "20241215232954"
			}
		},
		{
			"type" : "Feature",
			"geometry" : {
				"type" : "Point",
				"coordinates" : [ 103.80035477193141, 1.3344939834054785 ]
			},
			"properties" : {
				"OBJECTID" : 34321,
				"POSTAL_CODE" : "289552",
				"HOUSE_BLK_NO" : "82",
				"STREET_NAME" : "ENG NEO AVENUE",
				"D_TYPE" : "Detached House",
				"NO_OF_UNITS" : 1,
				"INC_CRC" : "EA83C0C5CD0F81EB",
				"FMEL_UPD_D" : "20241215232954"
			}
		},
		{
			"type" : "Feature",
			"geometry" : {
				"type" : "Point",
				"coordinates" : [ 103.80047639210822, 1.3347980784774387 ]
			},
			"properties" : {
				"OBJECTID" : 34322,
				"POSTAL_CODE" : "289553",
				"HOUSE_BLK_NO" : "84",
				"STREET_NAME" : "ENG NEO AVENUE",
				"D_TYPE" : "Detached House",
				"NO_OF_UNITS" : 1,
				"INC_CRC" : "07A8101CC57984CC",
				"FMEL_UPD_D" : "20241215232954"
			}
		},
		{
			"type" : "Feature",
			"geometry" : {
				"type" : "Point",
				"coordinates" : [ 103.80061261227932, 1.3350187868194954 ]
			},
			"properties" : {
				"OBJECTID" : 34323,
				"POSTAL_CODE" : "289554",
				"HOUSE_BLK_NO" : "86",
				"STREET_NAME" : "ENG NEO AVENUE",
				"D_TYPE" : "Detached House",
				"NO_OF_UNITS" : 1,
				"INC_CRC" : "C2A9249D8E36EBE2",
				"FMEL_UPD_D" : "20241215232954"
			}
		},
		{
			"type" : "Feature",
			"geometry" : {
				"type" : "Point",
				"coordinates" : [ 103.8007578870173, 1.3352562829912504 ]
			},
			"properties" : {
				"OBJECTID" : 34324,
				"POSTAL_CODE" : "289555",
				"HOUSE_BLK_NO" : "88",
				"STREET_NAME" : "ENG NEO AVENUE",
				"D_TYPE" : "Detached House",
				"NO_OF_UNITS" : 1,
				"INC_CRC" : "1A58A1CD54A93C00",
				"FMEL_UPD_D" : "20241215232954"
			}
		},
		{
			"type" : "Feature",
			"geometry" : {
				"type" : "Point",
				"coordinates" : [ 103.80092961532728, 1.3354930867625496 ]
			},
			"properties" : {
				"OBJECTID" : 34325,
				"POSTAL_CODE" : "289556",
				"HOUSE_BLK_NO" : "90",
				"STREET_NAME" : "ENG NEO AVENUE",
				"D_TYPE" : "Detached House",
				"NO_OF_UNITS" : 1,
				"INC_CRC" : "4E1E3AFD5A468AEB",
				"FMEL_UPD_D" : "20241215232954"
			}
		},
		{
			"type" : "Feature",
			"geometry" : {
				"type" : "Point",
				"coordinates" : [ 103.80115348871874, 1.3356646666405994 ]
			},
			"properties" : {
				"OBJECTID" : 34326,
				"POSTAL_CODE" : "289557",
				"HOUSE_BLK_NO" : "92",
				"STREET_NAME" : "ENG NEO AVENUE",
				"D_TYPE" : "Detached House",
				"NO_OF_UNITS" : 1,
				"INC_CRC" : "A532E69C43C7DFA9",
				"FMEL_UPD_D" : "20241215232954"
			}
		},
		{
			"type" : "Feature",
			"geometry" : {
				"type" : "Point",
				"coordinates" : [ 103.80136000901125, 1.3359199641883346 ]
			},
			"properties" : {
				"OBJECTID" : 34327,
				"POSTAL_CODE" : "289558",
				"HOUSE_BLK_NO" : "94",
				"STREET_NAME" : "ENG NEO AVENUE",
				"D_TYPE" : "Detached House",
				"NO_OF_UNITS" : 1,
				"INC_CRC" : "9906E96AF48CAC98",
				"FMEL_UPD_D" : "20241215232954"
			}
		},
		{
			"type" : "Feature",
			"geometry" : {
				"type" : "Point",
				"coordinates" : [ 103.80104046798441, 1.3359517022692207 ]
			},
			"properties" : {
				"OBJECTID" : 34328,
				"POSTAL_CODE" : "289559",
				"HOUSE_BLK_NO" : "96",
				"STREET_NAME" : "ENG NEO AVENUE",
				"D_TYPE" : "Detached House",
				"NO_OF_UNITS" : 1,
				"INC_CRC" : "57A0A7C63D38C8EF",
				"FMEL_UPD_D" : "20241215232954"
			}
		},
		{
			"type" : "Feature",
			"geometry" : {
				"type" : "Point",
				"coordinates" : [ 103.80071286510676, 1.3359140456073926 ]
			},
			"properties" : {
				"OBJECTID" : 34329,
				"POSTAL_CODE" : "289560",
				"HOUSE_BLK_NO" : "98",
				"STREET_NAME" : "ENG NEO AVENUE",
				"D_TYPE" : "Detached House",
				"NO_OF_UNITS" : 1,
				"INC_CRC" : "2B127F3DAB90EA47",
				"FMEL_UPD_D" : "20241215232954"
			}
		},
		{
			"type" : "Feature",
			"geometry" : {
				"type" : "Point",
				"coordinates" : [ 103.80039776897246, 1.3359658451786387 ]
			},
			"properties" : {
				"OBJECTID" : 34330,
				"POSTAL_CODE" : "289561",
				"HOUSE_BLK_NO" : "100",
				"STREET_NAME" : "ENG NEO AVENUE",
				"D_TYPE" : "Detached House",
				"NO_OF_UNITS" : 1,
				"INC_CRC" : "E4129FC244085469",
				"FMEL_UPD_D" : "20241215232954"
			}
		},
		{
			"type" : "Feature",
			"geometry" : {
				"type" : "Point",
				"coordinates" : [ 103.80012690076207, 1.3360158510518378 ]
			},
			"properties" : {
				"OBJECTID" : 34331,
				"POSTAL_CODE" : "289563",
				"HOUSE_BLK_NO" : "102",
				"STREET_NAME" : "ENG NEO AVENUE",
				"D_TYPE" : "Detached House",
				"NO_OF_UNITS" : 1,
				"INC_CRC" : "E0C1E48AE4F7D6E3",
				"FMEL_UPD_D" : "20241215232954"
			}
		},
		{
			"type" : "Feature",
			"geometry" : {
				"type" : "Point",
				"coordinates" : [ 103.79981416568442, 1.3362245713652354 ]
			},
			"properties" : {
				"OBJECTID" : 34332,
				"POSTAL_CODE" : "289565",
				"HOUSE_BLK_NO" : "104",
				"STREET_NAME" : "ENG NEO AVENUE",
				"D_TYPE" : "Detached House",
				"NO_OF_UNITS" : 1,
				"INC_CRC" : "6C02D6F95B696E1B",
				"FMEL_UPD_D" : "20241215232954"
			}
		},
		{
			"type" : "Feature",
			"geometry" : {
				"type" : "Point",
				"coordinates" : [ 103.79978034628088, 1.3358553288706132 ]
			},
			"properties" : {
				"OBJECTID" : 34333,
				"POSTAL_CODE" : "289566",
				"HOUSE_BLK_NO" : "106",
				"STREET_NAME" : "ENG NEO AVENUE",
				"D_TYPE" : "Detached House",
				"NO_OF_UNITS" : 1,
				"INC_CRC" : "5882EDB84D4C1435",
				"FMEL_UPD_D" : "20241215232954"
			}
		},
		{
			"type" : "Feature",
			"geometry" : {
				"type" : "Point",
				"coordinates" : [ 103.81916551712615, 1.3164576784075586 ]
			},
			"properties" : {
				"OBJECTID" : 34334,
				"POSTAL_CODE" : "259361",
				"HOUSE_BLK_NO" : "2",
				"STREET_NAME" : "EVANS ROAD",
				"D_TYPE" : "Other Apartment nec",
				"NO_OF_UNITS" : 4,
				"INC_CRC" : "6B1A6D89BDDB1A23",
				"FMEL_UPD_D" : "20241215232954"
			}
		},
		{
			"type" : "Feature",
			"geometry" : {
				"type" : "Point",
				"coordinates" : [ 103.81916551712615, 1.3164576784075586 ]
			},
			"properties" : {
				"OBJECTID" : 34335,
				"POSTAL_CODE" : "259362",
				"HOUSE_BLK_NO" : "4",
				"STREET_NAME" : "EVANS ROAD",
				"D_TYPE" : "Other Apartment nec",
				"NO_OF_UNITS" : 4,
				"INC_CRC" : "6B1A6D892A45C0A7",
				"FMEL_UPD_D" : "20241215232954"
			}
		},
		{
			"type" : "Feature",
			"geometry" : {
				"type" : "Point",
				"coordinates" : [ 103.79824683404883, 1.2937276998099858 ]
			},
			"properties" : {
				"OBJECTID" : 34336,
				"POSTAL_CODE" : "138812",
				"HOUSE_BLK_NO" : "4",
				"STREET_NAME" : "WHITCHURCH ROAD",
				"D_TYPE" : "Semi-Detached House",
				"NO_OF_UNITS" : 1,
				"INC_CRC" : "80E50F2E89235FD8",
				"FMEL_UPD_D" : "20241215232954"
			}
		},
		{
			"type" : "Feature",
			"geometry" : {
				"type" : "Point",
				"coordinates" : [ 103.79809479892128, 1.2935263011024598 ]
			},
			"properties" : {
				"OBJECTID" : 34337,
				"POSTAL_CODE" : "138813",
				"HOUSE_BLK_NO" : "5",
				"STREET_NAME" : "WHITCHURCH ROAD",
				"D_TYPE" : "Semi-Detached House",
				"NO_OF_UNITS" : 1,
				"INC_CRC" : "172797E91849F4F2",
				"FMEL_UPD_D" : "20241215232954"
			}
		},
		{
			"type" : "Feature",
			"geometry" : {
				"type" : "Point",
				"coordinates" : [ 103.79802848779985, 1.2934308263960268 ]
			},
			"properties" : {
				"OBJECTID" : 34338,
				"POSTAL_CODE" : "138814",
				"HOUSE_BLK_NO" : "6",
				"STREET_NAME" : "WHITCHURCH ROAD",
				"D_TYPE" : "Semi-Detached House",
				"NO_OF_UNITS" : 1,
				"INC_CRC" : "407D014BE931BC71",
				"FMEL_UPD_D" : "20241215232954"
			}
		},
		{
			"type" : "Feature",
			"geometry" : {
				"type" : "Point",
				"coordinates" : [ 103.79771251994595, 1.2937435404045166 ]
			},
			"properties" : {
				"OBJECTID" : 34339,
				"POSTAL_CODE" : "138815",
				"HOUSE_BLK_NO" : "7",
				"STREET_NAME" : "WHITCHURCH ROAD",
				"D_TYPE" : "Semi-Detached House",
				"NO_OF_UNITS" : 1,
				"INC_CRC" : "054804416A836E76",
				"FMEL_UPD_D" : "20241215232954"
			}
		},
		{
			"type" : "Feature",
			"geometry" : {
				"type" : "Point",
				"coordinates" : [ 103.79760664915379, 1.2937440064631065 ]
			},
			"properties" : {
				"OBJECTID" : 34340,
				"POSTAL_CODE" : "138816",
				"HOUSE_BLK_NO" : "8",
				"STREET_NAME" : "WHITCHURCH ROAD",
				"D_TYPE" : "Semi-Detached House",
				"NO_OF_UNITS" : 1,
				"INC_CRC" : "AF219CD41D87A1EB",
				"FMEL_UPD_D" : "20241215232954"
			}
		},
		{
			"type" : "Feature",
			"geometry" : {
				"type" : "Point",
				"coordinates" : [ 103.79701594012384, 1.293927764923462 ]
			},
			"properties" : {
				"OBJECTID" : 34341,
				"POSTAL_CODE" : "138817",
				"HOUSE_BLK_NO" : "9",
				"STREET_NAME" : "WHITCHURCH ROAD",
				"D_TYPE" : "Semi-Detached House",
				"NO_OF_UNITS" : 1,
				"INC_CRC" : "DF85764060C40F22",
				"FMEL_UPD_D" : "20241215232954"
			}
		},
		{
			"type" : "Feature",
			"geometry" : {
				"type" : "Point",
				"coordinates" : [ 103.79708239733172, 1.2938579887199193 ]
			},
			"properties" : {
				"OBJECTID" : 34342,
				"POSTAL_CODE" : "138818",
				"HOUSE_BLK_NO" : "10",
				"STREET_NAME" : "WHITCHURCH ROAD",
				"D_TYPE" : "Semi-Detached House",
				"NO_OF_UNITS" : 1,
				"INC_CRC" : "196B2557246B4212",
				"FMEL_UPD_D" : "20241215232954"
			}
		},
		{
			"type" : "Feature",
			"geometry" : {
				"type" : "Point",
				"coordinates" : [ 103.7972514250731, 1.293654112078488 ]
			},
			"properties" : {
				"OBJECTID" : 34343,
				"POSTAL_CODE" : "138819",
				"HOUSE_BLK_NO" : "11",
				"STREET_NAME" : "WHITCHURCH ROAD",
				"D_TYPE" : "Semi-Detached House",
				"NO_OF_UNITS" : 1,
				"INC_CRC" : "1DB087A9D566F61A",
				"FMEL_UPD_D" : "20241215232954"
			}
		},
		{
			"type" : "Feature",
			"geometry" : {
				"type" : "Point",
				"coordinates" : [ 103.79732626586187, 1.2935706945512582 ]
			},
			"properties" : {
				"OBJECTID" : 34344,
				"POSTAL_CODE" : "138820",
				"HOUSE_BLK_NO" : "12",
				"STREET_NAME" : "WHITCHURCH ROAD",
				"D_TYPE" : "Semi-Detached House",
				"NO_OF_UNITS" : 1,
				"INC_CRC" : "AC2327637CBEA019",
				"FMEL_UPD_D" : "20241215232954"
			}
		},
		{
			"type" : "Feature",
			"geometry" : {
				"type" : "Point",
				"coordinates" : [ 103.79761695595914, 1.2933853970769225 ]
			},
			"properties" : {
				"OBJECTID" : 34345,
				"POSTAL_CODE" : "138821",
				"HOUSE_BLK_NO" : "13",
				"STREET_NAME" : "WHITCHURCH ROAD",
				"D_TYPE" : "Semi-Detached House",
				"NO_OF_UNITS" : 1,
				"INC_CRC" : "C837BAE9C24DF5FC",
				"FMEL_UPD_D" : "20241215232954"
			}
		},
		{
			"type" : "Feature",
			"geometry" : {
				"type" : "Point",
				"coordinates" : [ 103.79759367639787, 1.293265652533783 ]
			},
			"properties" : {
				"OBJECTID" : 34346,
				"POSTAL_CODE" : "138822",
				"HOUSE_BLK_NO" : "14",
				"STREET_NAME" : "WHITCHURCH ROAD",
				"D_TYPE" : "Semi-Detached House",
				"NO_OF_UNITS" : 1,
				"INC_CRC" : "8CB6D05B7B032873",
				"FMEL_UPD_D" : "20241215232954"
			}
		},
		{
			"type" : "Feature",
			"geometry" : {
				"type" : "Point",
				"coordinates" : [ 103.79781867797871, 1.2931177975134718 ]
			},
			"properties" : {
				"OBJECTID" : 34347,
				"POSTAL_CODE" : "138823",
				"HOUSE_BLK_NO" : "15",
				"STREET_NAME" : "WHITCHURCH ROAD",
				"D_TYPE" : "Semi-Detached House",
				"NO_OF_UNITS" : 1,
				"INC_CRC" : "E8C92695574B373F",
				"FMEL_UPD_D" : "20241215232954"
			}
		},
		{
			"type" : "Feature",
			"geometry" : {
				"type" : "Point",
				"coordinates" : [ 103.79791120630557, 1.2930512972621981 ]
			},
			"properties" : {
				"OBJECTID" : 34348,
				"POSTAL_CODE" : "138838",
				"HOUSE_BLK_NO" : "16",
				"STREET_NAME" : "WHITCHURCH ROAD",
				"D_TYPE" : "Semi-Detached House",
				"NO_OF_UNITS" : 1,
				"INC_CRC" : "AF4DB29AF7C0DA0A",
				"FMEL_UPD_D" : "20241215232954"
			}
		},
		{
			"type" : "Feature",
			"geometry" : {
				"type" : "Point",
				"coordinates" : [ 103.79815061861393, 1.293038174663561 ]
			},
			"properties" : {
				"OBJECTID" : 34349,
				"POSTAL_CODE" : "138824",
				"HOUSE_BLK_NO" : "17",
				"STREET_NAME" : "WHITCHURCH ROAD",
				"D_TYPE" : "Semi-Detached House",
				"NO_OF_UNITS" : 1,
				"INC_CRC" : "182F60AE099DB32A",
				"FMEL_UPD_D" : "20241215232954"
			}
		},
		{
			"type" : "Feature",
			"geometry" : {
				"type" : "Point",
				"coordinates" : [ 103.79824917040558, 1.2930627648074255 ]
			},
			"properties" : {
				"OBJECTID" : 34350,
				"POSTAL_CODE" : "138825",
				"HOUSE_BLK_NO" : "18",
				"STREET_NAME" : "WHITCHURCH ROAD",
				"D_TYPE" : "Semi-Detached House",
				"NO_OF_UNITS" : 1,
				"INC_CRC" : "47F13DD04267E898",
				"FMEL_UPD_D" : "20241215232954"
			}
		},
		{
			"type" : "Feature",
			"geometry" : {
				"type" : "Point",
				"coordinates" : [ 103.7984074318854, 1.2933031471361662 ]
			},
			"properties" : {
				"OBJECTID" : 34351,
				"POSTAL_CODE" : "138826",
				"HOUSE_BLK_NO" : "19",
				"STREET_NAME" : "WHITCHURCH ROAD",
				"D_TYPE" : "Semi-Detached House",
				"NO_OF_UNITS" : 1,
				"INC_CRC" : "507B691041CAC2DA",
				"FMEL_UPD_D" : "20241215232954"
			}
		},
		{
			"type" : "Feature",
			"geometry" : {
				"type" : "Point",
				"coordinates" : [ 103.79852484861192, 1.293326098821917 ]
			},
			"properties" : {
				"OBJECTID" : 34352,
				"POSTAL_CODE" : "138827",
				"HOUSE_BLK_NO" : "20",
				"STREET_NAME" : "WHITCHURCH ROAD",
				"D_TYPE" : "Semi-Detached House",
				"NO_OF_UNITS" : 1,
				"INC_CRC" : "87A9EDE718D2A953",
				"FMEL_UPD_D" : "20241215232954"
			}
		},
		{
			"type" : "Feature",
			"geometry" : {
				"type" : "Point",
				"coordinates" : [ 103.79852030244857, 1.2936219037854504 ]
			},
			"properties" : {
				"OBJECTID" : 34353,
				"POSTAL_CODE" : "138828",
				"HOUSE_BLK_NO" : "21",
				"STREET_NAME" : "WHITCHURCH ROAD",
				"D_TYPE" : "Semi-Detached House",
				"NO_OF_UNITS" : 1,
				"INC_CRC" : "2CDF47553324D093",
				"FMEL_UPD_D" : "20241215232954"
			}
		},
		{
			"type" : "Feature",
			"geometry" : {
				"type" : "Point",
				"coordinates" : [ 103.79862545356794, 1.2936828521795998 ]
			},
			"properties" : {
				"OBJECTID" : 34354,
				"POSTAL_CODE" : "138829",
				"HOUSE_BLK_NO" : "22",
				"STREET_NAME" : "WHITCHURCH ROAD",
				"D_TYPE" : "Semi-Detached House",
				"NO_OF_UNITS" : 1,
				"INC_CRC" : "42E275AAE8CCF777",
				"FMEL_UPD_D" : "20241215232954"
			}
		},
		{
			"type" : "Feature",
			"geometry" : {
				"type" : "Point",
				"coordinates" : [ 103.79858122814753, 1.2939507533282832 ]
			},
			"properties" : {
				"OBJECTID" : 34355,
				"POSTAL_CODE" : "138837",
				"HOUSE_BLK_NO" : "23",
				"STREET_NAME" : "WHITCHURCH ROAD",
				"D_TYPE" : "Semi-Detached House",
				"NO_OF_UNITS" : 1,
				"INC_CRC" : "342123728EC5E693",
				"FMEL_UPD_D" : "20241215232954"
			}
		},
		{
			"type" : "Feature",
			"geometry" : {
				"type" : "Point",
				"coordinates" : [ 103.79854462024707, 1.29404399824787 ]
			},
			"properties" : {
				"OBJECTID" : 34356,
				"POSTAL_CODE" : "138830",
				"HOUSE_BLK_NO" : "24",
				"STREET_NAME" : "WHITCHURCH ROAD",
				"D_TYPE" : "Semi-Detached House",
				"NO_OF_UNITS" : 1,
				"INC_CRC" : "713BD5411FC00737",
				"FMEL_UPD_D" : "20241215232954"
			}
		},
		{
			"type" : "Feature",
			"geometry" : {
				"type" : "Point",
				"coordinates" : [ 103.79831764173372, 1.2941988223375025 ]
			},
			"properties" : {
				"OBJECTID" : 34357,
				"POSTAL_CODE" : "138831",
				"HOUSE_BLK_NO" : "25",
				"STREET_NAME" : "WHITCHURCH ROAD",
				"D_TYPE" : "Semi-Detached House",
				"NO_OF_UNITS" : 1,
				"INC_CRC" : "3057C327BE9FF6B1",
				"FMEL_UPD_D" : "20241215232954"
			}
		},
		{
			"type" : "Feature",
			"geometry" : {
				"type" : "Point",
				"coordinates" : [ 103.79830714052785, 1.2943251610321844 ]
			},
			"properties" : {
				"OBJECTID" : 34358,
				"POSTAL_CODE" : "138832",
				"HOUSE_BLK_NO" : "26",
				"STREET_NAME" : "WHITCHURCH ROAD",
				"D_TYPE" : "Semi-Detached House",
				"NO_OF_UNITS" : 1,
				"INC_CRC" : "984F08D740F1A0A7",
				"FMEL_UPD_D" : "20241215232954"
			}
		},
		{
			"type" : "Feature",
			"geometry" : {
				"type" : "Point",
				"coordinates" : [ 103.79806492742208, 1.2944624953774726 ]
			},
			"properties" : {
				"OBJECTID" : 34359,
				"POSTAL_CODE" : "138833",
				"HOUSE_BLK_NO" : "27",
				"STREET_NAME" : "WHITCHURCH ROAD",
				"D_TYPE" : "Semi-Detached House",
				"NO_OF_UNITS" : 1,
				"INC_CRC" : "CA6DEE03A40B039F",
				"FMEL_UPD_D" : "20241215232954"
			}
		},
		{
			"type" : "Feature",
			"geometry" : {
				"type" : "Point",
				"coordinates" : [ 103.79796342291121, 1.294506768031529 ]
			},
			"properties" : {
				"OBJECTID" : 34360,
				"POSTAL_CODE" : "138834",
				"HOUSE_BLK_NO" : "28",
				"STREET_NAME" : "WHITCHURCH ROAD",
				"D_TYPE" : "Semi-Detached House",
				"NO_OF_UNITS" : 1,
				"INC_CRC" : "0806C1E563672CE5",
				"FMEL_UPD_D" : "20241215232954"
			}
		},
		{
			"type" : "Feature",
			"geometry" : {
				"type" : "Point",
				"coordinates" : [ 103.79768726479756, 1.2945023345619497 ]
			},
			"properties" : {
				"OBJECTID" : 34361,
				"POSTAL_CODE" : "138835",
				"HOUSE_BLK_NO" : "29",
				"STREET_NAME" : "WHITCHURCH ROAD",
				"D_TYPE" : "Semi-Detached House",
				"NO_OF_UNITS" : 1,
				"INC_CRC" : "1538990A6FFFE883",
				"FMEL_UPD_D" : "20241215232954"
			}
		},
		{
			"type" : "Feature",
			"geometry" : {
				"type" : "Point",
				"coordinates" : [ 103.79758532956374, 1.2945048083639894 ]
			},
			"properties" : {
				"OBJECTID" : 34362,
				"POSTAL_CODE" : "138836",
				"HOUSE_BLK_NO" : "30",
				"STREET_NAME" : "WHITCHURCH ROAD",
				"D_TYPE" : "Semi-Detached House",
				"NO_OF_UNITS" : 1,
				"INC_CRC" : "78F24FD137463825",
				"FMEL_UPD_D" : "20241215232954"
			}
		},
		{
			"type" : "Feature",
			"geometry" : {
				"type" : "Point",
				"coordinates" : [ 103.7939107260241, 1.3000105433704574 ]
			},
			"properties" : {
				"OBJECTID" : 34363,
				"POSTAL_CODE" : "138751",
				"HOUSE_BLK_NO" : "1",
				"STREET_NAME" : "WILTON CLOSE",
				"D_TYPE" : "Semi-Detached House",
				"NO_OF_UNITS" : 1,
				"INC_CRC" : "A4C88CC693036530",
				"FMEL_UPD_D" : "20241215232954"
			}
		},
		{
			"type" : "Feature",
			"geometry" : {
				"type" : "Point",
				"coordinates" : [ 103.7939107260241, 1.3000105433704574 ]
			},
			"properties" : {
				"OBJECTID" : 34364,
				"POSTAL_CODE" : "138752",
				"HOUSE_BLK_NO" : "2",
				"STREET_NAME" : "WILTON CLOSE",
				"D_TYPE" : "Semi-Detached House",
				"NO_OF_UNITS" : 1,
				"INC_CRC" : "A4C88CC681604434",
				"FMEL_UPD_D" : "20241215232954"
			}
		},
		{
			"type" : "Feature",
			"geometry" : {
				"type" : "Point",
				"coordinates" : [ 103.7936458578096, 1.3001620736203658 ]
			},
			"properties" : {
				"OBJECTID" : 34365,
				"POSTAL_CODE" : "138753",
				"HOUSE_BLK_NO" : "3",
				"STREET_NAME" : "WILTON CLOSE",
				"D_TYPE" : "Semi-Detached House",
				"NO_OF_UNITS" : 1,
				"INC_CRC" : "04C9DD26AB4C2D88",
				"FMEL_UPD_D" : "20241215232954"
			}
		},
		{
			"type" : "Feature",
			"geometry" : {
				"type" : "Point",
				"coordinates" : [ 103.7936458578096, 1.3001620736203658 ]
			},
			"properties" : {
				"OBJECTID" : 34366,
				"POSTAL_CODE" : "138754",
				"HOUSE_BLK_NO" : "4",
				"STREET_NAME" : "WILTON CLOSE",
				"D_TYPE" : "Semi-Detached House",
				"NO_OF_UNITS" : 1,
				"INC_CRC" : "04C9DD26377B8D43",
				"FMEL_UPD_D" : "20241215232954"
			}
		},
		{
			"type" : "Feature",
			"geometry" : {
				"type" : "Point",
				"coordinates" : [ 103.79385961074044, 1.3005160724218767 ]
			},
			"properties" : {
				"OBJECTID" : 34367,
				"POSTAL_CODE" : "138755",
				"HOUSE_BLK_NO" : "5",
				"STREET_NAME" : "WILTON CLOSE",
				"D_TYPE" : "Semi-Detached House",
				"NO_OF_UNITS" : 1,
				"INC_CRC" : "A53F8C02879ACBE1",
				"FMEL_UPD_D" : "20241215232954"
			}
		},
		{
			"type" : "Feature",
			"geometry" : {
				"type" : "Point",
				"coordinates" : [ 103.79385961074044, 1.3005160724218767 ]
			},
			"properties" : {
				"OBJECTID" : 34368,
				"POSTAL_CODE" : "138756",
				"HOUSE_BLK_NO" : "6",
				"STREET_NAME" : "WILTON CLOSE",
				"D_TYPE" : "Semi-Detached House",
				"NO_OF_UNITS" : 1,
				"INC_CRC" : "A53F8C0295F9EAE5",
				"FMEL_UPD_D" : "20241215232954"
			}
		},
		{
			"type" : "Feature",
			"geometry" : {
				"type" : "Point",
				"coordinates" : [ 103.79454879744105, 1.3006337129713925 ]
			},
			"properties" : {
				"OBJECTID" : 34369,
				"POSTAL_CODE" : "138757",
				"HOUSE_BLK_NO" : "7",
				"STREET_NAME" : "WILTON CLOSE",
				"D_TYPE" : "Semi-Detached House",
				"NO_OF_UNITS" : 1,
				"INC_CRC" : "359D6C08302AF66B",
				"FMEL_UPD_D" : "20241215232954"
			}
		},
		{
			"type" : "Feature",
			"geometry" : {
				"type" : "Point",
				"coordinates" : [ 103.79454879744105, 1.3006337129713925 ]
			},
			"properties" : {
				"OBJECTID" : 34370,
				"POSTAL_CODE" : "138758",
				"HOUSE_BLK_NO" : "8",
				"STREET_NAME" : "WILTON CLOSE",
				"D_TYPE" : "Semi-Detached House",
				"NO_OF_UNITS" : 1,
				"INC_CRC" : "359D6C086BC5537F",
				"FMEL_UPD_D" : "20241215232954"
			}
		},
		{
			"type" : "Feature",
			"geometry" : {
				"type" : "Point",
				"coordinates" : [ 103.7948072347896, 1.3004215059941049 ]
			},
			"properties" : {
				"OBJECTID" : 34371,
				"POSTAL_CODE" : "138759",
				"HOUSE_BLK_NO" : "9",
				"STREET_NAME" : "WILTON CLOSE",
				"D_TYPE" : "Semi-Detached House",
				"NO_OF_UNITS" : 1,
				"INC_CRC" : "0DDA0DE77E369843",
				"FMEL_UPD_D" : "20241215232954"
			}
		},
		{
			"type" : "Feature",
			"geometry" : {
				"type" : "Point",
				"coordinates" : [ 103.7948072347896, 1.3004215059941049 ]
			},
			"properties" : {
				"OBJECTID" : 34372,
				"POSTAL_CODE" : "138760",
				"HOUSE_BLK_NO" : "10",
				"STREET_NAME" : "WILTON CLOSE",
				"D_TYPE" : "Semi-Detached House",
				"NO_OF_UNITS" : 1,
				"INC_CRC" : "0DDA0DE7463C9DEC",
				"FMEL_UPD_D" : "20241215232954"
			}
		},
		{
			"type" : "Feature",
			"geometry" : {
				"type" : "Point",
				"coordinates" : [ 103.79463320502389, 1.3002168157637277 ]
			},
			"properties" : {
				"OBJECTID" : 34373,
				"POSTAL_CODE" : "138761",
				"HOUSE_BLK_NO" : "11",
				"STREET_NAME" : "WILTON CLOSE",
				"D_TYPE" : "Semi-Detached House",
				"NO_OF_UNITS" : 1,
				"INC_CRC" : "C4299B9488625B39",
				"FMEL_UPD_D" : "20241215232954"
			}
		},
		{
			"type" : "Feature",
			"geometry" : {
				"type" : "Point",
				"coordinates" : [ 103.79463320502389, 1.3002168157637277 ]
			},
			"properties" : {
				"OBJECTID" : 34374,
				"POSTAL_CODE" : "138762",
				"HOUSE_BLK_NO" : "12",
				"STREET_NAME" : "WILTON CLOSE",
				"D_TYPE" : "Semi-Detached House",
				"NO_OF_UNITS" : 1,
				"INC_CRC" : "C4299B949A017A3D",
				"FMEL_UPD_D" : "20241215232954"
			}
		},
		{
			"type" : "Feature",
			"geometry" : {
				"type" : "Point",
				"coordinates" : [ 103.79433234607009, 1.2999285466998491 ]
			},
			"properties" : {
				"OBJECTID" : 34375,
				"POSTAL_CODE" : "138763",
				"HOUSE_BLK_NO" : "13",
				"STREET_NAME" : "WILTON CLOSE",
				"D_TYPE" : "Semi-Detached House",
				"NO_OF_UNITS" : 1,
				"INC_CRC" : "BED762BD8293574F",
				"FMEL_UPD_D" : "20241215232954"
			}
		},
		{
			"type" : "Feature",
			"geometry" : {
				"type" : "Point",
				"coordinates" : [ 103.79433234607009, 1.2999285466998491 ]
			},
			"properties" : {
				"OBJECTID" : 34376,
				"POSTAL_CODE" : "138764",
				"HOUSE_BLK_NO" : "14",
				"STREET_NAME" : "WILTON CLOSE",
				"D_TYPE" : "Semi-Detached House",
				"NO_OF_UNITS" : 1,
				"INC_CRC" : "BED762BD1EA4F784",
				"FMEL_UPD_D" : "20241215232954"
			}
		},
		{
			"type" : "Feature",
			"geometry" : {
				"type" : "Point",
				"coordinates" : [ 103.79703973022241, 1.2944768068610468 ]
			},
			"properties" : {
				"OBJECTID" : 34377,
				"POSTAL_CODE" : "138707",
				"HOUSE_BLK_NO" : "2",
				"STREET_NAME" : "WOKING ROAD",
				"D_TYPE" : "Other Apartment nec",
				"NO_OF_UNITS" : 6,
				"INC_CRC" : "C2E313807AEEDCD0",
				"FMEL_UPD_D" : "20241215232954"
			}
		},
		{
			"type" : "Feature",
			"geometry" : {
				"type" : "Point",
				"coordinates" : [ 103.79715116155687, 1.2948334256754346 ]
			},
			"properties" : {
				"OBJECTID" : 34378,
				"POSTAL_CODE" : "138688",
				"HOUSE_BLK_NO" : "4",
				"STREET_NAME" : "WOKING ROAD",
				"D_TYPE" : "Other Apartment nec",
				"NO_OF_UNITS" : 6,
				"INC_CRC" : "B92E87101D1F1595",
				"FMEL_UPD_D" : "20241215232954"
			}
		},
		{
			"type" : "Feature",
			"geometry" : {
				"type" : "Point",
				"coordinates" : [ 103.79725936545766, 1.295436899815085 ]
			},
			"properties" : {
				"OBJECTID" : 34379,
				"POSTAL_CODE" : "138689",
				"HOUSE_BLK_NO" : "6",
				"STREET_NAME" : "WOKING ROAD",
				"D_TYPE" : "Other Apartment nec",
				"NO_OF_UNITS" : 6,
				"INC_CRC" : "642932D32E4BE002",
				"FMEL_UPD_D" : "20241215232954"
			}
		},
		{
			"type" : "Feature",
			"geometry" : {
				"type" : "Point",
				"coordinates" : [ 103.79675244275246, 1.2954760361169035 ]
			},
			"properties" : {
				"OBJECTID" : 34380,
				"POSTAL_CODE" : "138690",
				"HOUSE_BLK_NO" : "8",
				"STREET_NAME" : "WOKING ROAD",
				"D_TYPE" : "Other Apartment nec",
				"NO_OF_UNITS" : 6,
				"INC_CRC" : "9611C5F9B16228BE",
				"FMEL_UPD_D" : "20241215232954"
			}
		},
		{
			"type" : "Feature",
			"geometry" : {
				"type" : "Point",
				"coordinates" : [ 103.79630604983045, 1.2958638401431162 ]
			},
			"properties" : {
				"OBJECTID" : 34381,
				"POSTAL_CODE" : "138691",
				"HOUSE_BLK_NO" : "10",
				"STREET_NAME" : "WOKING ROAD",
				"D_TYPE" : "Other Apartment nec",
				"NO_OF_UNITS" : 6,
				"INC_CRC" : "A5CE13C0486A5ADE",
				"FMEL_UPD_D" : "20241215232954"
			}
		},
		{
			"type" : "Feature",
			"geometry" : {
				"type" : "Point",
				"coordinates" : [ 103.79663053029168, 1.2962814614963238 ]
			},
			"properties" : {
				"OBJECTID" : 34382,
				"POSTAL_CODE" : "138692",
				"HOUSE_BLK_NO" : "12",
				"STREET_NAME" : "WOKING ROAD",
				"D_TYPE" : "Other Apartment nec",
				"NO_OF_UNITS" : 6,
				"INC_CRC" : "D43CE06331D44F15",
				"FMEL_UPD_D" : "20241215232954"
			}
		},
		{
			"type" : "Feature",
			"geometry" : {
				"type" : "Point",
				"coordinates" : [ 103.79618987291373, 1.2964635615114501 ]
			},
			"properties" : {
				"OBJECTID" : 34383,
				"POSTAL_CODE" : "138693",
				"HOUSE_BLK_NO" : "14",
				"STREET_NAME" : "WOKING ROAD",
				"D_TYPE" : "Other Apartment nec",
				"NO_OF_UNITS" : 6,
				"INC_CRC" : "2C14C71BD6DF84AE",
				"FMEL_UPD_D" : "20241215232954"
			}
		},
		{
			"type" : "Feature",
			"geometry" : {
				"type" : "Point",
				"coordinates" : [ 103.79582074999806, 1.2962408933229514 ]
			},
			"properties" : {
				"OBJECTID" : 34384,
				"POSTAL_CODE" : "138695",
				"HOUSE_BLK_NO" : "16",
				"STREET_NAME" : "WOKING ROAD",
				"D_TYPE" : "Other Apartment nec",
				"NO_OF_UNITS" : 6,
				"INC_CRC" : "9855207C12A633C6",
				"FMEL_UPD_D" : "20241215232954"
			}
		},
		{
			"type" : "Feature",
			"geometry" : {
				"type" : "Point",
				"coordinates" : [ 103.79385764611594, 1.2969515799281974 ]
			},
			"properties" : {
				"OBJECTID" : 34385,
				"POSTAL_CODE" : "138696",
				"HOUSE_BLK_NO" : "17",
				"STREET_NAME" : "WOKING ROAD",
				"D_TYPE" : "Other Apartment nec",
				"NO_OF_UNITS" : 6,
				"INC_CRC" : "43055E6F502DF2C8",
				"FMEL_UPD_D" : "20241215232954"
			}
		},
		{
			"type" : "Feature",
			"geometry" : {
				"type" : "Point",
				"coordinates" : [ 103.79464453959064, 1.2967677538206173 ]
			},
			"properties" : {
				"OBJECTID" : 34386,
				"POSTAL_CODE" : "138697",
				"HOUSE_BLK_NO" : "19",
				"STREET_NAME" : "WOKING ROAD",
				"D_TYPE" : "Other Apartment nec",
				"NO_OF_UNITS" : 6,
				"INC_CRC" : "7CB3739BD20CE96C",
				"FMEL_UPD_D" : "20241215232954"
			}
		},
		{
			"type" : "Feature",
			"geometry" : {
				"type" : "Point",
				"coordinates" : [ 103.7951935872162, 1.2966674066716146 ]
			},
			"properties" : {
				"OBJECTID" : 34387,
				"POSTAL_CODE" : "138698",
				"HOUSE_BLK_NO" : "20",
				"STREET_NAME" : "WOKING ROAD",
				"D_TYPE" : "Other Apartment nec",
				"NO_OF_UNITS" : 6,
				"INC_CRC" : "A4EC3247B8653F83",
				"FMEL_UPD_D" : "20241215232954"
			}
		},
		{
			"type" : "Feature",
			"geometry" : {
				"type" : "Point",
				"coordinates" : [ 103.79434837735666, 1.2972078808965308 ]
			},
			"properties" : {
				"OBJECTID" : 34388,
				"POSTAL_CODE" : "138699",
				"HOUSE_BLK_NO" : "21",
				"STREET_NAME" : "WOKING ROAD",
				"D_TYPE" : "Other Apartment nec",
				"NO_OF_UNITS" : 6,
				"INC_CRC" : "ECD372A7AD9EBDFC",
				"FMEL_UPD_D" : "20241215232954"
			}
		},
		{
			"type" : "Feature",
			"geometry" : {
				"type" : "Point",
				"coordinates" : [ 103.79518155776184, 1.2971309141590972 ]
			},
			"properties" : {
				"OBJECTID" : 34389,
				"POSTAL_CODE" : "138700",
				"HOUSE_BLK_NO" : "22",
				"STREET_NAME" : "WOKING ROAD",
				"D_TYPE" : "Other Apartment nec",
				"NO_OF_UNITS" : 6,
				"INC_CRC" : "D3DBC4AA044E9A96",
				"FMEL_UPD_D" : "20241215232954"
			}
		},
		{
			"type" : "Feature",
			"geometry" : {
				"type" : "Point",
				"coordinates" : [ 103.7941825354571, 1.297640648438086 ]
			},
			"properties" : {
				"OBJECTID" : 34390,
				"POSTAL_CODE" : "138701",
				"HOUSE_BLK_NO" : "23",
				"STREET_NAME" : "WOKING ROAD",
				"D_TYPE" : "Other Apartment nec",
				"NO_OF_UNITS" : 6,
				"INC_CRC" : "42E0D6FF5C16A2BF",
				"FMEL_UPD_D" : "20241215232954"
			}
		},
		{
			"type" : "Feature",
			"geometry" : {
				"type" : "Point",
				"coordinates" : [ 103.79519591405847, 1.2975934634186264 ]
			},
			"properties" : {
				"OBJECTID" : 34391,
				"POSTAL_CODE" : "138702",
				"HOUSE_BLK_NO" : "24",
				"STREET_NAME" : "WOKING ROAD",
				"D_TYPE" : "Other Apartment nec",
				"NO_OF_UNITS" : 6,
				"INC_CRC" : "7C5B9196F40207CD",
				"FMEL_UPD_D" : "20241215232954"
			}
		},
		{
			"type" : "Feature",
			"geometry" : {
				"type" : "Point",
				"coordinates" : [ 103.79480835722875, 1.297385116319656 ]
			},
			"properties" : {
				"OBJECTID" : 34392,
				"POSTAL_CODE" : "138703",
				"HOUSE_BLK_NO" : "25",
				"STREET_NAME" : "WOKING ROAD",
				"D_TYPE" : "Other Apartment nec",
				"NO_OF_UNITS" : 6,
				"INC_CRC" : "0D283A8D576EE289",
				"FMEL_UPD_D" : "20241215232954"
			}
		},
		{
			"type" : "Feature",
			"geometry" : {
				"type" : "Point",
				"coordinates" : [ 103.79551843604014, 1.2979895004106123 ]
			},
			"properties" : {
				"OBJECTID" : 34393,
				"POSTAL_CODE" : "138704",
				"HOUSE_BLK_NO" : "26",
				"STREET_NAME" : "WOKING ROAD",
				"D_TYPE" : "Other Apartment nec",
				"NO_OF_UNITS" : 6,
				"INC_CRC" : "1D252857195720A3",
				"FMEL_UPD_D" : "20241215232954"
			}
		},
		{
			"type" : "Feature",
			"geometry" : {
				"type" : "Point",
				"coordinates" : [ 103.7946235498522, 1.2979342916048748 ]
			},
			"properties" : {
				"OBJECTID" : 34394,
				"POSTAL_CODE" : "138705",
				"HOUSE_BLK_NO" : "27",
				"STREET_NAME" : "WOKING ROAD",
				"D_TYPE" : "Other Apartment nec",
				"NO_OF_UNITS" : 6,
				"INC_CRC" : "7214ED4B7E385409",
				"FMEL_UPD_D" : "20241215232954"
			}
		},
		{
			"type" : "Feature",
			"geometry" : {
				"type" : "Point",
				"coordinates" : [ 103.79495289338699, 1.2982207731387359 ]
			},
			"properties" : {
				"OBJECTID" : 34395,
				"POSTAL_CODE" : "138706",
				"HOUSE_BLK_NO" : "28",
				"STREET_NAME" : "WOKING ROAD",
				"D_TYPE" : "Other Apartment nec",
				"NO_OF_UNITS" : 6,
				"INC_CRC" : "20126B198BA3AA4F",
				"FMEL_UPD_D" : "20241215232954"
			}
		},
		{
			"type" : "Feature",
			"geometry" : {
				"type" : "Point",
				"coordinates" : [ 103.9811616059611, 1.3908635540785401 ]
			},
			"properties" : {
				"OBJECTID" : 34396,
				"POSTAL_CODE" : "509689",
				"HOUSE_BLK_NO" : "565",
				"STREET_NAME" : "HALTON ROAD",
				"D_TYPE" : "Terrace House",
				"NO_OF_UNITS" : 1,
				"INC_CRC" : "6091B8BF716E7AC0",
				"FMEL_UPD_D" : "20241215232954"
			}
		},
		{
			"type" : "Feature",
			"geometry" : {
				"type" : "Point",
				"coordinates" : [ 103.9812133123983, 1.3908013380102981 ]
			},
			"properties" : {
				"OBJECTID" : 34397,
				"POSTAL_CODE" : "506836",
				"HOUSE_BLK_NO" : "565A",
				"STREET_NAME" : "HALTON ROAD",
				"D_TYPE" : "Terrace House",
				"NO_OF_UNITS" : 1,
				"INC_CRC" : "485237B831BC58E0",
				"FMEL_UPD_D" : "20241215232954"
			}
		},
		{
			"type" : "Feature",
			"geometry" : {
				"type" : "Point",
				"coordinates" : [ 103.88229052645582, 1.3277470941314051 ]
			},
			"properties" : {
				"OBJECTID" : 34398,
				"POSTAL_CODE" : "379312",
				"HOUSE_BLK_NO" : "61",
				"STREET_NAME" : "MERPATI ROAD",
				"D_TYPE" : "Terrace House",
				"NO_OF_UNITS" : 1,
				"INC_CRC" : "37ED247C02373800",
				"FMEL_UPD_D" : "20241215232954"
			}
		},
		{
			"type" : "Feature",
			"geometry" : {
				"type" : "Point",
				"coordinates" : [ 103.79952044441417, 1.3364059357822475 ]
			},
			"properties" : {
				"OBJECTID" : 34399,
				"POSTAL_CODE" : "289577",
				"HOUSE_BLK_NO" : "128",
				"STREET_NAME" : "Eng Neo Ave",
				"D_TYPE" : "Detached House",
				"NO_OF_UNITS" : 1,
				"INC_CRC" : "9F7BE7DDA9960B1D",
				"FMEL_UPD_D" : "20241215232954"
			}
		},
		{
			"type" : "Feature",
			"geometry" : {
				"type" : "Point",
				"coordinates" : [ 103.83185769063869, 1.4561595642321992 ]
			},
			"properties" : {
				"OBJECTID" : 34400,
				"POSTAL_CODE" : "758591",
				"HOUSE_BLK_NO" : "135",
				"STREET_NAME" : "QUEEN'S AVENUE",
				"D_TYPE" : "Semi-Detached House",
				"NO_OF_UNITS" : 1,
				"INC_CRC" : "6F95E7CA722E562F",
				"FMEL_UPD_D" : "20241215232954"
			}
		},
		{
			"type" : "Feature",
			"geometry" : {
				"type" : "Point",
				"coordinates" : [ 103.83234942805151, 1.456178683653259 ]
			},
			"properties" : {
				"OBJECTID" : 34401,
				"POSTAL_CODE" : "758592",
				"HOUSE_BLK_NO" : "137",
				"STREET_NAME" : "QUEEN'S AVENUE",
				"D_TYPE" : "Semi-Detached House",
				"NO_OF_UNITS" : 1,
				"INC_CRC" : "ADBABD7BF7B58C64",
				"FMEL_UPD_D" : "20241215232954"
			}
		},
		{
			"type" : "Feature",
			"geometry" : {
				"type" : "Point",
				"coordinates" : [ 103.82898880805776, 1.4575868307633266 ]
			},
			"properties" : {
				"OBJECTID" : 34402,
				"POSTAL_CODE" : "759974",
				"HOUSE_BLK_NO" : "15",
				"STREET_NAME" : "ADMIRALTY ROAD EAST",
				"D_TYPE" : "Detached House",
				"NO_OF_UNITS" : 1,
				"INC_CRC" : "28A1E2D2A5B79796",
				"FMEL_UPD_D" : "20241215232954"
			}
		},
		{
			"type" : "Feature",
			"geometry" : {
				"type" : "Point",
				"coordinates" : [ 103.82863396085294, 1.4580820704039579 ]
			},
			"properties" : {
				"OBJECTID" : 34403,
				"POSTAL_CODE" : "759975",
				"HOUSE_BLK_NO" : "17",
				"STREET_NAME" : "ADMIRALTY ROAD EAST\r\n",
				"D_TYPE" : "Semi-Detached House",
				"NO_OF_UNITS" : 1,
				"INC_CRC" : "821E632D6F0A4C80",
				"FMEL_UPD_D" : "20241215232954"
			}
		},
		{
			"type" : "Feature",
			"geometry" : {
				"type" : "Point",
				"coordinates" : [ 103.82863396085294, 1.4580820704039579 ]
			},
			"properties" : {
				"OBJECTID" : 34404,
				"POSTAL_CODE" : "759976",
				"HOUSE_BLK_NO" : "19",
				"STREET_NAME" : "ADMIRALTY ROAD EAST\r\n",
				"D_TYPE" : "Semi-Detached House",
				"NO_OF_UNITS" : 1,
				"INC_CRC" : "821E632D69CFF4FB",
				"FMEL_UPD_D" : "20241215232954"
			}
		},
		{
			"type" : "Feature",
			"geometry" : {
				"type" : "Point",
				"coordinates" : [ 103.82791809538338, 1.4586447050283877 ]
			},
			"properties" : {
				"OBJECTID" : 34405,
				"POSTAL_CODE" : "759977",
				"HOUSE_BLK_NO" : "25",
				"STREET_NAME" : "ADMIRALTY ROAD EAST",
				"D_TYPE" : "Semi-Detached House",
				"NO_OF_UNITS" : 1,
				"INC_CRC" : "4A19801169725832",
				"FMEL_UPD_D" : "20241215232954"
			}
		},
		{
			"type" : "Feature",
			"geometry" : {
				"type" : "Point",
				"coordinates" : [ 103.82791809538338, 1.4586447050283877 ]
			},
			"properties" : {
				"OBJECTID" : 34406,
				"POSTAL_CODE" : "759978",
				"HOUSE_BLK_NO" : "27",
				"STREET_NAME" : "ADMIRALTY ROAD EAST",
				"D_TYPE" : "Semi-Detached House",
				"NO_OF_UNITS" : 1,
				"INC_CRC" : "4A198011C8F51E91",
				"FMEL_UPD_D" : "20241215232954"
			}
		},
		{
			"type" : "Feature",
			"geometry" : {
				"type" : "Point",
				"coordinates" : [ 103.82747545202484, 1.45889930758468 ]
			},
			"properties" : {
				"OBJECTID" : 34407,
				"POSTAL_CODE" : "759979",
				"HOUSE_BLK_NO" : "29",
				"STREET_NAME" : "ADMIRALTY ROAD EAST",
				"D_TYPE" : "Semi-Detached House",
				"NO_OF_UNITS" : 1,
				"INC_CRC" : "CC92B2772A0F6ED2",
				"FMEL_UPD_D" : "20241215232954"
			}
		},
		{
			"type" : "Feature",
			"geometry" : {
				"type" : "Point",
				"coordinates" : [ 103.82747545202484, 1.45889930758468 ]
			},
			"properties" : {
				"OBJECTID" : 34408,
				"POSTAL_CODE" : "759980",
				"HOUSE_BLK_NO" : "31",
				"STREET_NAME" : "ADMIRALTY ROAD EAST",
				"D_TYPE" : "Semi-Detached House",
				"NO_OF_UNITS" : 1,
				"INC_CRC" : "CC92B2775D91279F",
				"FMEL_UPD_D" : "20241215232954"
			}
		},
		{
			"type" : "Feature",
			"geometry" : {
				"type" : "Point",
				"coordinates" : [ 103.82706124586872, 1.4591333964531696 ]
			},
			"properties" : {
				"OBJECTID" : 34409,
				"POSTAL_CODE" : "759981",
				"HOUSE_BLK_NO" : "33",
				"STREET_NAME" : "ADMIRALTY ROAD EAST",
				"D_TYPE" : "Semi-Detached House",
				"NO_OF_UNITS" : 1,
				"INC_CRC" : "9806D0506E04F3FE",
				"FMEL_UPD_D" : "20241215232954"
			}
		},
		{
			"type" : "Feature",
			"geometry" : {
				"type" : "Point",
				"coordinates" : [ 103.82706124586872, 1.4591333964531696 ]
			},
			"properties" : {
				"OBJECTID" : 34410,
				"POSTAL_CODE" : "759982",
				"HOUSE_BLK_NO" : "35",
				"STREET_NAME" : "ADMIRALTY ROAD EAST",
				"D_TYPE" : "Semi-Detached House",
				"NO_OF_UNITS" : 1,
				"INC_CRC" : "9806D0507DF4E3F3",
				"FMEL_UPD_D" : "20241215232954"
			}
		},
		{
			"type" : "Feature",
			"geometry" : {
				"type" : "Point",
				"coordinates" : [ 103.82706124586872, 1.4591333964531696 ]
			},
			"properties" : {
				"OBJECTID" : 34411,
				"POSTAL_CODE" : "759868",
				"HOUSE_BLK_NO" : "73",
				"STREET_NAME" : "AUCKLAND ROAD WEST",
				"D_TYPE" : "Semi-Detached House",
				"NO_OF_UNITS" : 1,
				"INC_CRC" : "9806D050E12756F5",
				"FMEL_UPD_D" : "20241215232954"
			}
		},
		{
			"type" : "Feature",
			"geometry" : {
				"type" : "Point",
				"coordinates" : [ 103.82768730304545, 1.4597842459824315 ]
			},
			"properties" : {
				"OBJECTID" : 34412,
				"POSTAL_CODE" : "759870",
				"HOUSE_BLK_NO" : "75",
				"STREET_NAME" : "AUCKLAND ROAD WEST",
				"D_TYPE" : "Semi-Detached House",
				"NO_OF_UNITS" : 1,
				"INC_CRC" : "31DA2281657ABEC4",
				"FMEL_UPD_D" : "20241215232954"
			}
		},
		{
			"type" : "Feature",
			"geometry" : {
				"type" : "Point",
				"coordinates" : [ 103.82807354553569, 1.4595655709067659 ]
			},
			"properties" : {
				"OBJECTID" : 34413,
				"POSTAL_CODE" : "759869",
				"HOUSE_BLK_NO" : "74",
				"STREET_NAME" : "AUCKLAND ROAD WEST",
				"D_TYPE" : "Semi-Detached House",
				"NO_OF_UNITS" : 1,
				"INC_CRC" : "BD305818FE616147",
				"FMEL_UPD_D" : "20241215232954"
			}
		},
		{
			"type" : "Feature",
			"geometry" : {
				"type" : "Point",
				"coordinates" : [ 103.82807354553569, 1.4595655709067659 ]
			},
			"properties" : {
				"OBJECTID" : 34414,
				"POSTAL_CODE" : "759871\r\n",
				"HOUSE_BLK_NO" : "76",
				"STREET_NAME" : "AUCKLAND ROAD WEST",
				"D_TYPE" : "Semi-Detached House",
				"NO_OF_UNITS" : 1,
				"INC_CRC" : "BD305818B157CE47",
				"FMEL_UPD_D" : "20241215232954"
			}
		},
		{
			"type" : "Feature",
			"geometry" : {
				"type" : "Point",
				"coordinates" : [ 103.82783473877703, 1.46022935511123 ]
			},
			"properties" : {
				"OBJECTID" : 34415,
				"POSTAL_CODE" : "759872",
				"HOUSE_BLK_NO" : "77",
				"STREET_NAME" : "AUCKLAND ROAD WEST",
				"D_TYPE" : "Semi-Detached House",
				"NO_OF_UNITS" : 1,
				"INC_CRC" : "AFF0228006EDF7DA",
				"FMEL_UPD_D" : "20241215232954"
			}
		},
		{
			"type" : "Feature",
			"geometry" : {
				"type" : "Point",
				"coordinates" : [ 103.82783473877703, 1.46022935511123 ]
			},
			"properties" : {
				"OBJECTID" : 34416,
				"POSTAL_CODE" : "759873\r\n",
				"HOUSE_BLK_NO" : "79",
				"STREET_NAME" : "AUCKLAND ROAD WEST",
				"D_TYPE" : "Semi-Detached House",
				"NO_OF_UNITS" : 1,
				"INC_CRC" : "AFF02280CAAC0659",
				"FMEL_UPD_D" : "20241215232954"
			}
		},
		{
			"type" : "Feature",
			"geometry" : {
				"type" : "Point",
				"coordinates" : [ 103.82741314091166, 1.4599577329555453 ]
			},
			"properties" : {
				"OBJECTID" : 34417,
				"POSTAL_CODE" : "759616",
				"HOUSE_BLK_NO" : "62",
				"STREET_NAME" : "FALKLAND ROAD",
				"D_TYPE" : "Semi-Detached House",
				"NO_OF_UNITS" : 1,
				"INC_CRC" : "5D6FE1367EAEC4B9",
				"FMEL_UPD_D" : "20241215232954"
			}
		},
		{
			"type" : "Feature",
			"geometry" : {
				"type" : "Point",
				"coordinates" : [ 103.82741314091166, 1.4599577329555453 ]
			},
			"properties" : {
				"OBJECTID" : 34418,
				"POSTAL_CODE" : "759617\r\n",
				"HOUSE_BLK_NO" : "64",
				"STREET_NAME" : "FALKLAND ROAD",
				"D_TYPE" : "Semi-Detached House",
				"NO_OF_UNITS" : 1,
				"INC_CRC" : "5D6FE136D3E96FEE",
				"FMEL_UPD_D" : "20241215232954"
			}
		},
		{
			"type" : "Feature",
			"geometry" : {
				"type" : "Point",
				"coordinates" : [ 103.82751205450475, 1.4604455632065056 ]
			},
			"properties" : {
				"OBJECTID" : 34419,
				"POSTAL_CODE" : "759618",
				"HOUSE_BLK_NO" : "66",
				"STREET_NAME" : "FALKLAND ROAD",
				"D_TYPE" : "Semi-Detached House",
				"NO_OF_UNITS" : 1,
				"INC_CRC" : "D03E69DCF1549FE3",
				"FMEL_UPD_D" : "20241215232954"
			}
		},
		{
			"type" : "Feature",
			"geometry" : {
				"type" : "Point",
				"coordinates" : [ 103.82751205450475, 1.4604455632065056 ]
			},
			"properties" : {
				"OBJECTID" : 34420,
				"POSTAL_CODE" : "759619",
				"HOUSE_BLK_NO" : "68",
				"STREET_NAME" : "FALKLAND ROAD",
				"D_TYPE" : "Semi-Detached House",
				"NO_OF_UNITS" : 1,
				"INC_CRC" : "D03E69DCBF947225",
				"FMEL_UPD_D" : "20241215232954"
			}
		},
		{
			"type" : "Feature",
			"geometry" : {
				"type" : "Point",
				"coordinates" : [ 103.82757624609548, 1.4609062868726106 ]
			},
			"properties" : {
				"OBJECTID" : 34421,
				"POSTAL_CODE" : "759620",
				"HOUSE_BLK_NO" : "70",
				"STREET_NAME" : "FALKLAND ROAD",
				"D_TYPE" : "Semi-Detached House",
				"NO_OF_UNITS" : 1,
				"INC_CRC" : "D50060EF0C77FF37",
				"FMEL_UPD_D" : "20241215232954"
			}
		},
		{
			"type" : "Feature",
			"geometry" : {
				"type" : "Point",
				"coordinates" : [ 103.82757624609548, 1.4609062868726106 ]
			},
			"properties" : {
				"OBJECTID" : 34422,
				"POSTAL_CODE" : "759621",
				"HOUSE_BLK_NO" : "72",
				"STREET_NAME" : "FALKLAND ROAD",
				"D_TYPE" : "Semi-Detached House",
				"NO_OF_UNITS" : 1,
				"INC_CRC" : "D50060EF75BC1F3C",
				"FMEL_UPD_D" : "20241215232954"
			}
		},
		{
			"type" : "Feature",
			"geometry" : {
				"type" : "Point",
				"coordinates" : [ 103.82785973667424, 1.461137132717093 ]
			},
			"properties" : {
				"OBJECTID" : 34423,
				"POSTAL_CODE" : "759599\r\n",
				"HOUSE_BLK_NO" : "93",
				"STREET_NAME" : "FIJI ROAD\r\n",
				"D_TYPE" : "Semi-Detached House",
				"NO_OF_UNITS" : 1,
				"INC_CRC" : "C62FC7F9DFDB1D74",
				"FMEL_UPD_D" : "20241215232954"
			}
		},
		{
			"type" : "Feature",
			"geometry" : {
				"type" : "Point",
				"coordinates" : [ 103.82785973667424, 1.461137132717093 ]
			},
			"properties" : {
				"OBJECTID" : 34424,
				"POSTAL_CODE" : "759600",
				"HOUSE_BLK_NO" : "95",
				"STREET_NAME" : "FIJI ROAD",
				"D_TYPE" : "Semi-Detached House",
				"NO_OF_UNITS" : 1,
				"INC_CRC" : "C62FC7F9F4E27658",
				"FMEL_UPD_D" : "20241215232954"
			}
		},
		{
			"type" : "Feature",
			"geometry" : {
				"type" : "Point",
				"coordinates" : [ 103.84039554979748, 1.3117379099982942 ]
			},
			"properties" : {
				"OBJECTID" : 34199,
				"POSTAL_CODE" : "228545",
				"HOUSE_BLK_NO" : "60",
				"STREET_NAME" : "MONK'S HILL TERRACE",
				"D_TYPE" : "Terrace House",
				"NO_OF_UNITS" : 1,
				"INC_CRC" : "B35B0A1ABDC9EEF4",
				"FMEL_UPD_D" : "20241215232953"
			}
		},
		{
			"type" : "Feature",
			"geometry" : {
				"type" : "Point",
				"coordinates" : [ 103.84034581155687, 1.3117560227554843 ]
			},
			"properties" : {
				"OBJECTID" : 34200,
				"POSTAL_CODE" : "228546",
				"HOUSE_BLK_NO" : "62",
				"STREET_NAME" : "MONK'S HILL TERRACE",
				"D_TYPE" : "Terrace House",
				"NO_OF_UNITS" : 1,
				"INC_CRC" : "47E87F3BC76497D9",
				"FMEL_UPD_D" : "20241215232953"
			}
		},
		{
			"type" : "Feature",
			"geometry" : {
				"type" : "Point",
				"coordinates" : [ 103.84029704556511, 1.3117811316743626 ]
			},
			"properties" : {
				"OBJECTID" : 34201,
				"POSTAL_CODE" : "228547",
				"HOUSE_BLK_NO" : "64",
				"STREET_NAME" : "MONK'S HILL TERRACE",
				"D_TYPE" : "Terrace House",
				"NO_OF_UNITS" : 1,
				"INC_CRC" : "FE54E46C17218E30",
				"FMEL_UPD_D" : "20241215232953"
			}
		},
		{
			"type" : "Feature",
			"geometry" : {
				"type" : "Point",
				"coordinates" : [ 103.84024658580545, 1.3118056319595437 ]
			},
			"properties" : {
				"OBJECTID" : 34202,
				"POSTAL_CODE" : "228549",
				"HOUSE_BLK_NO" : "66",
				"STREET_NAME" : "MONK'S HILL TERRACE",
				"D_TYPE" : "Terrace House",
				"NO_OF_UNITS" : 1,
				"INC_CRC" : "69FFEA2371307DF0",
				"FMEL_UPD_D" : "20241215232953"
			}
		},
		{
			"type" : "Feature",
			"geometry" : {
				"type" : "Point",
				"coordinates" : [ 103.84019474407448, 1.311829523610065 ]
			},
			"properties" : {
				"OBJECTID" : 34203,
				"POSTAL_CODE" : "228550",
				"HOUSE_BLK_NO" : "68",
				"STREET_NAME" : "MONK'S HILL TERRACE",
				"D_TYPE" : "Terrace House",
				"NO_OF_UNITS" : 1,
				"INC_CRC" : "05DDB5A42B57B013",
				"FMEL_UPD_D" : "20241215232953"
			}
		},
		{
			"type" : "Feature",
			"geometry" : {
				"type" : "Point",
				"coordinates" : [ 103.84014619642069, 1.3118522205846996 ]
			},
			"properties" : {
				"OBJECTID" : 34204,
				"POSTAL_CODE" : "228551",
				"HOUSE_BLK_NO" : "70",
				"STREET_NAME" : "MONK'S HILL TERRACE",
				"D_TYPE" : "Terrace House",
				"NO_OF_UNITS" : 1,
				"INC_CRC" : "22A9D32F268C5A88",
				"FMEL_UPD_D" : "20241215232953"
			}
		},
		{
			"type" : "Feature",
			"geometry" : {
				"type" : "Point",
				"coordinates" : [ 103.84009925716262, 1.3118724802911157 ]
			},
			"properties" : {
				"OBJECTID" : 34205,
				"POSTAL_CODE" : "228552",
				"HOUSE_BLK_NO" : "72",
				"STREET_NAME" : "MONK'S HILL TERRACE",
				"D_TYPE" : "Terrace House",
				"NO_OF_UNITS" : 1,
				"INC_CRC" : "24B1A3A639D31E04",
				"FMEL_UPD_D" : "20241215232953"
			}
		},
		{
			"type" : "Feature",
			"geometry" : {
				"type" : "Point",
				"coordinates" : [ 103.84005052260933, 1.3118953310063928 ]
			},
			"properties" : {
				"OBJECTID" : 34206,
				"POSTAL_CODE" : "228553",
				"HOUSE_BLK_NO" : "74",
				"STREET_NAME" : "MONK'S HILL TERRACE",
				"D_TYPE" : "Terrace House",
				"NO_OF_UNITS" : 1,
				"INC_CRC" : "A128000854A885BD",
				"FMEL_UPD_D" : "20241215232953"
			}
		},
		{
			"type" : "Feature",
			"geometry" : {
				"type" : "Point",
				"coordinates" : [ 103.8716538723451, 1.4062611838251804 ]
			},
			"properties" : {
				"OBJECTID" : 34207,
				"POSTAL_CODE" : "798635",
				"HOUSE_BLK_NO" : "1",
				"STREET_NAME" : "MORNINGTON CRESCENT",
				"D_TYPE" : "Terrace House",
				"NO_OF_UNITS" : 1,
				"INC_CRC" : "E4CE561C288F3E6E",
				"FMEL_UPD_D" : "20241215232953"
			}
		},
		{
			"type" : "Feature",
			"geometry" : {
				"type" : "Point",
				"coordinates" : [ 103.87161857653645, 1.4062960078406297 ]
			},
			"properties" : {
				"OBJECTID" : 34208,
				"POSTAL_CODE" : "798636",
				"HOUSE_BLK_NO" : "2",
				"STREET_NAME" : "MORNINGTON CRESCENT",
				"D_TYPE" : "Terrace House",
				"NO_OF_UNITS" : 1,
				"INC_CRC" : "CDE5BDD9137544F5",
				"FMEL_UPD_D" : "20241215232953"
			}
		},
		{
			"type" : "Feature",
			"geometry" : {
				"type" : "Point",
				"coordinates" : [ 103.87154799327368, 1.406327034109193 ]
			},
			"properties" : {
				"OBJECTID" : 34209,
				"POSTAL_CODE" : "798637",
				"HOUSE_BLK_NO" : "3",
				"STREET_NAME" : "MORNINGTON CRESCENT",
				"D_TYPE" : "Terrace House",
				"NO_OF_UNITS" : 1,
				"INC_CRC" : "81FBEE87F08C0D6D",
				"FMEL_UPD_D" : "20241215232953"
			}
		},
		{
			"type" : "Feature",
			"geometry" : {
				"type" : "Point",
				"coordinates" : [ 103.87151021730685, 1.406357925990079 ]
			},
			"properties" : {
				"OBJECTID" : 34210,
				"POSTAL_CODE" : "798638",
				"HOUSE_BLK_NO" : "4",
				"STREET_NAME" : "MORNINGTON CRESCENT",
				"D_TYPE" : "Terrace House",
				"NO_OF_UNITS" : 1,
				"INC_CRC" : "777842920AED380F",
				"FMEL_UPD_D" : "20241215232953"
			}
		},
		{
			"type" : "Feature",
			"geometry" : {
				"type" : "Point",
				"coordinates" : [ 103.87124860471323, 1.4065954831396794 ]
			},
			"properties" : {
				"OBJECTID" : 34211,
				"POSTAL_CODE" : "798639",
				"HOUSE_BLK_NO" : "5",
				"STREET_NAME" : "MORNINGTON CRESCENT",
				"D_TYPE" : "Terrace House",
				"NO_OF_UNITS" : 1,
				"INC_CRC" : "BBBDA37FBEA2F21F",
				"FMEL_UPD_D" : "20241215232953"
			}
		},
		{
			"type" : "Feature",
			"geometry" : {
				"type" : "Point",
				"coordinates" : [ 103.87122987437196, 1.40663534961111 ]
			},
			"properties" : {
				"OBJECTID" : 34212,
				"POSTAL_CODE" : "798640",
				"HOUSE_BLK_NO" : "6",
				"STREET_NAME" : "MORNINGTON CRESCENT",
				"D_TYPE" : "Terrace House",
				"NO_OF_UNITS" : 1,
				"INC_CRC" : "3F0045CF0391CD46",
				"FMEL_UPD_D" : "20241215232953"
			}
		},
		{
			"type" : "Feature",
			"geometry" : {
				"type" : "Point",
				"coordinates" : [ 103.87119102073312, 1.4067058300301734 ]
			},
			"properties" : {
				"OBJECTID" : 34213,
				"POSTAL_CODE" : "798641",
				"HOUSE_BLK_NO" : "7",
				"STREET_NAME" : "MORNINGTON CRESCENT",
				"D_TYPE" : "Terrace House",
				"NO_OF_UNITS" : 1,
				"INC_CRC" : "9A2A1AE85C4F9948",
				"FMEL_UPD_D" : "20241215232953"
			}
		},
		{
			"type" : "Feature",
			"geometry" : {
				"type" : "Point",
				"coordinates" : [ 103.87117008333354, 1.4067373818163356 ]
			},
			"properties" : {
				"OBJECTID" : 34214,
				"POSTAL_CODE" : "798642",
				"HOUSE_BLK_NO" : "8",
				"STREET_NAME" : "MORNINGTON CRESCENT",
				"D_TYPE" : "Terrace House",
				"NO_OF_UNITS" : 1,
				"INC_CRC" : "436950F7E151754A",
				"FMEL_UPD_D" : "20241215232953"
			}
		},
		{
			"type" : "Feature",
			"geometry" : {
				"type" : "Point",
				"coordinates" : [ 103.87104954944876, 1.4070973449922648 ]
			},
			"properties" : {
				"OBJECTID" : 34215,
				"POSTAL_CODE" : "798643",
				"HOUSE_BLK_NO" : "9",
				"STREET_NAME" : "MORNINGTON CRESCENT",
				"D_TYPE" : "Terrace House",
				"NO_OF_UNITS" : 1,
				"INC_CRC" : "7A4F1D7FF33EA52A",
				"FMEL_UPD_D" : "20241215232953"
			}
		},
		{
			"type" : "Feature",
			"geometry" : {
				"type" : "Point",
				"coordinates" : [ 103.87104679605785, 1.4071452754142988 ]
			},
			"properties" : {
				"OBJECTID" : 34216,
				"POSTAL_CODE" : "798644",
				"HOUSE_BLK_NO" : "10",
				"STREET_NAME" : "MORNINGTON CRESCENT",
				"D_TYPE" : "Terrace House",
				"NO_OF_UNITS" : 1,
				"INC_CRC" : "3490E03F7B356569",
				"FMEL_UPD_D" : "20241215232953"
			}
		},
		{
			"type" : "Feature",
			"geometry" : {
				"type" : "Point",
				"coordinates" : [ 103.87104033292005, 1.4072248197421287 ]
			},
			"properties" : {
				"OBJECTID" : 34217,
				"POSTAL_CODE" : "798645",
				"HOUSE_BLK_NO" : "11",
				"STREET_NAME" : "MORNINGTON CRESCENT",
				"D_TYPE" : "Terrace House",
				"NO_OF_UNITS" : 1,
				"INC_CRC" : "8283C490960EF0ED",
				"FMEL_UPD_D" : "20241215232953"
			}
		},
		{
			"type" : "Feature",
			"geometry" : {
				"type" : "Point",
				"coordinates" : [ 103.8710378397907, 1.4072523477124823 ]
			},
			"properties" : {
				"OBJECTID" : 34218,
				"POSTAL_CODE" : "798646",
				"HOUSE_BLK_NO" : "12",
				"STREET_NAME" : "MORNINGTON CRESCENT",
				"D_TYPE" : "Terrace House",
				"NO_OF_UNITS" : 1,
				"INC_CRC" : "C72B7730F6C12E60",
				"FMEL_UPD_D" : "20241215232953"
			}
		},
		{
			"type" : "Feature",
			"geometry" : {
				"type" : "Point",
				"coordinates" : [ 103.87111443425312, 1.40758958463109 ]
			},
			"properties" : {
				"OBJECTID" : 34219,
				"POSTAL_CODE" : "798647",
				"HOUSE_BLK_NO" : "13",
				"STREET_NAME" : "MORNINGTON CRESCENT",
				"D_TYPE" : "Terrace House",
				"NO_OF_UNITS" : 1,
				"INC_CRC" : "68B4F63C41DC9522",
				"FMEL_UPD_D" : "20241215232953"
			}
		},
		{
			"type" : "Feature",
			"geometry" : {
				"type" : "Point",
				"coordinates" : [ 103.87113159807384, 1.407642881222994 ]
			},
			"properties" : {
				"OBJECTID" : 34220,
				"POSTAL_CODE" : "798648",
				"HOUSE_BLK_NO" : "14",
				"STREET_NAME" : "MORNINGTON CRESCENT",
				"D_TYPE" : "Terrace House",
				"NO_OF_UNITS" : 1,
				"INC_CRC" : "439CC3C35F116231",
				"FMEL_UPD_D" : "20241215232953"
			}
		},
		{
			"type" : "Feature",
			"geometry" : {
				"type" : "Point",
				"coordinates" : [ 103.87116050642346, 1.407697984541914 ]
			},
			"properties" : {
				"OBJECTID" : 34221,
				"POSTAL_CODE" : "798649",
				"HOUSE_BLK_NO" : "15",
				"STREET_NAME" : "MORNINGTON CRESCENT",
				"D_TYPE" : "Terrace House",
				"NO_OF_UNITS" : 1,
				"INC_CRC" : "131D0A5C108E82F1",
				"FMEL_UPD_D" : "20241215232953"
			}
		},
		{
			"type" : "Feature",
			"geometry" : {
				"type" : "Point",
				"coordinates" : [ 103.87117591723884, 1.4077594122969097 ]
			},
			"properties" : {
				"OBJECTID" : 34222,
				"POSTAL_CODE" : "798650",
				"HOUSE_BLK_NO" : "16",
				"STREET_NAME" : "MORNINGTON CRESCENT",
				"D_TYPE" : "Terrace House",
				"NO_OF_UNITS" : 1,
				"INC_CRC" : "2CADA693F26FD63C",
				"FMEL_UPD_D" : "20241215232953"
			}
		},
		{
			"type" : "Feature",
			"geometry" : {
				"type" : "Point",
				"coordinates" : [ 103.87140550025032, 1.408040444107112 ]
			},
			"properties" : {
				"OBJECTID" : 34223,
				"POSTAL_CODE" : "798651",
				"HOUSE_BLK_NO" : "17",
				"STREET_NAME" : "MORNINGTON CRESCENT",
				"D_TYPE" : "Terrace House",
				"NO_OF_UNITS" : 1,
				"INC_CRC" : "8DD86851DD7CE383",
				"FMEL_UPD_D" : "20241215232953"
			}
		},
		{
			"type" : "Feature",
			"geometry" : {
				"type" : "Point",
				"coordinates" : [ 103.87144397797702, 1.4080610304118586 ]
			},
			"properties" : {
				"OBJECTID" : 34224,
				"POSTAL_CODE" : "798652",
				"HOUSE_BLK_NO" : "18",
				"STREET_NAME" : "MORNINGTON CRESCENT",
				"D_TYPE" : "Terrace House",
				"NO_OF_UNITS" : 1,
				"INC_CRC" : "A6CF2E1E71585EC4",
				"FMEL_UPD_D" : "20241215232953"
			}
		},
		{
			"type" : "Feature",
			"geometry" : {
				"type" : "Point",
				"coordinates" : [ 103.87151535792, 1.4081148108468795 ]
			},
			"properties" : {
				"OBJECTID" : 34225,
				"POSTAL_CODE" : "798653",
				"HOUSE_BLK_NO" : "19",
				"STREET_NAME" : "MORNINGTON CRESCENT",
				"D_TYPE" : "Terrace House",
				"NO_OF_UNITS" : 1,
				"INC_CRC" : "64E698DCC458A016",
				"FMEL_UPD_D" : "20241215232953"
			}
		},
		{
			"type" : "Feature",
			"geometry" : {
				"type" : "Point",
				"coordinates" : [ 103.87154605406548, 1.4081451933466782 ]
			},
			"properties" : {
				"OBJECTID" : 34226,
				"POSTAL_CODE" : "798654",
				"HOUSE_BLK_NO" : "20",
				"STREET_NAME" : "MORNINGTON CRESCENT",
				"D_TYPE" : "Terrace House",
				"NO_OF_UNITS" : 1,
				"INC_CRC" : "169F2D03C3B35090",
				"FMEL_UPD_D" : "20241215232953"
			}
		},
		{
			"type" : "Feature",
			"geometry" : {
				"type" : "Point",
				"coordinates" : [ 103.87184048708158, 1.4083143063081884 ]
			},
			"properties" : {
				"OBJECTID" : 34227,
				"POSTAL_CODE" : "798655",
				"HOUSE_BLK_NO" : "21",
				"STREET_NAME" : "MORNINGTON CRESCENT",
				"D_TYPE" : "Terrace House",
				"NO_OF_UNITS" : 1,
				"INC_CRC" : "B08C5761FCD5B89B",
				"FMEL_UPD_D" : "20241215232953"
			}
		},
		{
			"type" : "Feature",
			"geometry" : {
				"type" : "Point",
				"coordinates" : [ 103.8718979741525, 1.4083213033187814 ]
			},
			"properties" : {
				"OBJECTID" : 34228,
				"POSTAL_CODE" : "798656",
				"HOUSE_BLK_NO" : "22",
				"STREET_NAME" : "MORNINGTON CRESCENT",
				"D_TYPE" : "Terrace House",
				"NO_OF_UNITS" : 1,
				"INC_CRC" : "7AAF0B6F3E76E523",
				"FMEL_UPD_D" : "20241215232953"
			}
		},
		{
			"type" : "Feature",
			"geometry" : {
				"type" : "Point",
				"coordinates" : [ 103.87196812138012, 1.4083280921131396 ]
			},
			"properties" : {
				"OBJECTID" : 34229,
				"POSTAL_CODE" : "798657",
				"HOUSE_BLK_NO" : "23",
				"STREET_NAME" : "MORNINGTON CRESCENT",
				"D_TYPE" : "Terrace House",
				"NO_OF_UNITS" : 1,
				"INC_CRC" : "7B2A392BB4A4EDD0",
				"FMEL_UPD_D" : "20241215232953"
			}
		},
		{
			"type" : "Feature",
			"geometry" : {
				"type" : "Point",
				"coordinates" : [ 103.8720350400712, 1.4083396062600777 ]
			},
			"properties" : {
				"OBJECTID" : 34230,
				"POSTAL_CODE" : "798658",
				"HOUSE_BLK_NO" : "24",
				"STREET_NAME" : "MORNINGTON CRESCENT",
				"D_TYPE" : "Terrace House",
				"NO_OF_UNITS" : 1,
				"INC_CRC" : "48F0E080225A61D5",
				"FMEL_UPD_D" : "20241215232953"
			}
		},
		{
			"type" : "Feature",
			"geometry" : {
				"type" : "Point",
				"coordinates" : [ 103.84850046563537, 1.3183841093621855 ]
			},
			"properties" : {
				"OBJECTID" : 34231,
				"POSTAL_CODE" : "308084",
				"HOUSE_BLK_NO" : "135",
				"STREET_NAME" : "MOULMEIN ROAD",
				"D_TYPE" : "Detached House",
				"NO_OF_UNITS" : 1,
				"INC_CRC" : "C39BAF200DBDA9FC",
				"FMEL_UPD_D" : "20241215232953"
			}
		},
		{
			"type" : "Feature",
			"geometry" : {
				"type" : "Point",
				"coordinates" : [ 103.8471993493226, 1.3052858884625524 ]
			},
			"properties" : {
				"OBJECTID" : 34232,
				"POSTAL_CODE" : "228488",
				"HOUSE_BLK_NO" : "65",
				"STREET_NAME" : "MOUNT EMILY ROAD",
				"D_TYPE" : "Detached House",
				"NO_OF_UNITS" : 1,
				"INC_CRC" : "BA40734620CBA78B",
				"FMEL_UPD_D" : "20241215232953"
			}
		},
		{
			"type" : "Feature",
			"geometry" : {
				"type" : "Point",
				"coordinates" : [ 103.87129219047178, 1.408536735493356 ]
			},
			"properties" : {
				"OBJECTID" : 34233,
				"POSTAL_CODE" : "798404",
				"HOUSE_BLK_NO" : "1",
				"STREET_NAME" : "OXFORD STREET",
				"D_TYPE" : "Terrace House",
				"NO_OF_UNITS" : 1,
				"INC_CRC" : "E96884D9E7A27C7C",
				"FMEL_UPD_D" : "20241215232953"
			}
		},
		{
			"type" : "Feature",
			"geometry" : {
				"type" : "Point",
				"coordinates" : [ 103.87124511798349, 1.4085290491721694 ]
			},
			"properties" : {
				"OBJECTID" : 34234,
				"POSTAL_CODE" : "798405",
				"HOUSE_BLK_NO" : "2",
				"STREET_NAME" : "OXFORD STREET",
				"D_TYPE" : "Terrace House",
				"NO_OF_UNITS" : 1,
				"INC_CRC" : "6D49A8F67B3CDD54",
				"FMEL_UPD_D" : "20241215232953"
			}
		},
		{
			"type" : "Feature",
			"geometry" : {
				"type" : "Point",
				"coordinates" : [ 103.87116790621144, 1.4084748311123856 ]
			},
			"properties" : {
				"OBJECTID" : 34235,
				"POSTAL_CODE" : "798406",
				"HOUSE_BLK_NO" : "3",
				"STREET_NAME" : "OXFORD STREET",
				"D_TYPE" : "Terrace House",
				"NO_OF_UNITS" : 1,
				"INC_CRC" : "09DEBF15FB6E6B60",
				"FMEL_UPD_D" : "20241215232953"
			}
		},
		{
			"type" : "Feature",
			"geometry" : {
				"type" : "Point",
				"coordinates" : [ 103.87112945988466, 1.4084513915349677 ]
			},
			"properties" : {
				"OBJECTID" : 34236,
				"POSTAL_CODE" : "798407",
				"HOUSE_BLK_NO" : "4",
				"STREET_NAME" : "OXFORD STREET",
				"D_TYPE" : "Terrace House",
				"NO_OF_UNITS" : 1,
				"INC_CRC" : "0BD9F2B1D56B2312",
				"FMEL_UPD_D" : "20241215232953"
			}
		},
		{
			"type" : "Feature",
			"geometry" : {
				"type" : "Point",
				"coordinates" : [ 103.87086740904027, 1.4082725117332275 ]
			},
			"properties" : {
				"OBJECTID" : 34237,
				"POSTAL_CODE" : "798408",
				"HOUSE_BLK_NO" : "5",
				"STREET_NAME" : "OXFORD STREET",
				"D_TYPE" : "Terrace House",
				"NO_OF_UNITS" : 1,
				"INC_CRC" : "9424376169560784",
				"FMEL_UPD_D" : "20241215232953"
			}
		},
		{
			"type" : "Feature",
			"geometry" : {
				"type" : "Point",
				"coordinates" : [ 103.79756348440938, 1.3094711615180576 ]
			},
			"properties" : {
				"OBJECTID" : 31378,
				"POSTAL_CODE" : "278490",
				"HOUSE_BLK_NO" : "80",
				"STREET_NAME" : "JALAN HITAM MANIS",
				"D_TYPE" : "Terrace House",
				"NO_OF_UNITS" : 1,
				"INC_CRC" : "1705C38B3F353F18",
				"FMEL_UPD_D" : "20241215232953"
			}
		},
		{
			"type" : "Feature",
			"geometry" : {
				"type" : "Point",
				"coordinates" : [ 103.7978501738352, 1.3086732058766672 ]
			},
			"properties" : {
				"OBJECTID" : 31379,
				"POSTAL_CODE" : "278491",
				"HOUSE_BLK_NO" : "81",
				"STREET_NAME" : "JALAN HITAM MANIS",
				"D_TYPE" : "Terrace House",
				"NO_OF_UNITS" : 1,
				"INC_CRC" : "66C60FB0E1FAB8C5",
				"FMEL_UPD_D" : "20241215232953"
			}
		},
		{
			"type" : "Feature",
			"geometry" : {
				"type" : "Point",
				"coordinates" : [ 103.79751554907769, 1.3095050473692165 ]
			},
			"properties" : {
				"OBJECTID" : 31380,
				"POSTAL_CODE" : "278492",
				"HOUSE_BLK_NO" : "82",
				"STREET_NAME" : "JALAN HITAM MANIS",
				"D_TYPE" : "Terrace House",
				"NO_OF_UNITS" : 1,
				"INC_CRC" : "821455138CEE21BE",
				"FMEL_UPD_D" : "20241215232953"
			}
		},
		{
			"type" : "Feature",
			"geometry" : {
				"type" : "Point",
				"coordinates" : [ 103.7978063762374, 1.3087140906704313 ]
			},
			"properties" : {
				"OBJECTID" : 31381,
				"POSTAL_CODE" : "278493",
				"HOUSE_BLK_NO" : "83",
				"STREET_NAME" : "JALAN HITAM MANIS",
				"D_TYPE" : "Terrace House",
				"NO_OF_UNITS" : 1,
				"INC_CRC" : "CA86E93758524468",
				"FMEL_UPD_D" : "20241215232953"
			}
		},
		{
			"type" : "Feature",
			"geometry" : {
				"type" : "Point",
				"coordinates" : [ 103.79744956926008, 1.3095908154497073 ]
			},
			"properties" : {
				"OBJECTID" : 31382,
				"POSTAL_CODE" : "278494",
				"HOUSE_BLK_NO" : "84",
				"STREET_NAME" : "JALAN HITAM MANIS",
				"D_TYPE" : "Terrace House",
				"NO_OF_UNITS" : 1,
				"INC_CRC" : "8E1D91BE276944CC",
				"FMEL_UPD_D" : "20241215232953"
			}
		},
		{
			"type" : "Feature",
			"geometry" : {
				"type" : "Point",
				"coordinates" : [ 103.79776363534447, 1.3087539888167141 ]
			},
			"properties" : {
				"OBJECTID" : 31383,
				"POSTAL_CODE" : "278495",
				"HOUSE_BLK_NO" : "85",
				"STREET_NAME" : "JALAN HITAM MANIS",
				"D_TYPE" : "Terrace House",
				"NO_OF_UNITS" : 1,
				"INC_CRC" : "0E04321AA4D5EF70",
				"FMEL_UPD_D" : "20241215232953"
			}
		},
		{
			"type" : "Feature",
			"geometry" : {
				"type" : "Point",
				"coordinates" : [ 103.79741361410952, 1.309635864947394 ]
			},
			"properties" : {
				"OBJECTID" : 31384,
				"POSTAL_CODE" : "278496",
				"HOUSE_BLK_NO" : "86",
				"STREET_NAME" : "JALAN HITAM MANIS",
				"D_TYPE" : "Terrace House",
				"NO_OF_UNITS" : 1,
				"INC_CRC" : "3F2FD94743ADE92E",
				"FMEL_UPD_D" : "20241215232953"
			}
		},
		{
			"type" : "Feature",
			"geometry" : {
				"type" : "Point",
				"coordinates" : [ 103.79771996174509, 1.3087947587563264 ]
			},
			"properties" : {
				"OBJECTID" : 31385,
				"POSTAL_CODE" : "278497",
				"HOUSE_BLK_NO" : "87",
				"STREET_NAME" : "JALAN HITAM MANIS",
				"D_TYPE" : "Terrace House",
				"NO_OF_UNITS" : 1,
				"INC_CRC" : "E13E687EC1D6E558",
				"FMEL_UPD_D" : "20241215232953"
			}
		},
		{
			"type" : "Feature",
			"geometry" : {
				"type" : "Point",
				"coordinates" : [ 103.7973897864725, 1.3096943335808058 ]
			},
			"properties" : {
				"OBJECTID" : 31386,
				"POSTAL_CODE" : "278498",
				"HOUSE_BLK_NO" : "88",
				"STREET_NAME" : "JALAN HITAM MANIS",
				"D_TYPE" : "Terrace House",
				"NO_OF_UNITS" : 1,
				"INC_CRC" : "6D327AFBD4F264E6",
				"FMEL_UPD_D" : "20241215232953"
			}
		},
		{
			"type" : "Feature",
			"geometry" : {
				"type" : "Point",
				"coordinates" : [ 103.79767674190965, 1.30883562727735 ]
			},
			"properties" : {
				"OBJECTID" : 31387,
				"POSTAL_CODE" : "278499",
				"HOUSE_BLK_NO" : "89",
				"STREET_NAME" : "JALAN HITAM MANIS",
				"D_TYPE" : "Terrace House",
				"NO_OF_UNITS" : 1,
				"INC_CRC" : "FDC1EA8624742EAE",
				"FMEL_UPD_D" : "20241215232953"
			}
		},
		{
			"type" : "Feature",
			"geometry" : {
				"type" : "Point",
				"coordinates" : [ 103.79734060485158, 1.3097279526228252 ]
			},
			"properties" : {
				"OBJECTID" : 31388,
				"POSTAL_CODE" : "278500",
				"HOUSE_BLK_NO" : "90",
				"STREET_NAME" : "JALAN HITAM MANIS",
				"D_TYPE" : "Terrace House",
				"NO_OF_UNITS" : 1,
				"INC_CRC" : "B096B1FB3A423BB1",
				"FMEL_UPD_D" : "20241215232953"
			}
		},
		{
			"type" : "Feature",
			"geometry" : {
				"type" : "Point",
				"coordinates" : [ 103.79757771977805, 1.3089236395221897 ]
			},
			"properties" : {
				"OBJECTID" : 31389,
				"POSTAL_CODE" : "278501",
				"HOUSE_BLK_NO" : "91",
				"STREET_NAME" : "JALAN HITAM MANIS",
				"D_TYPE" : "Terrace House",
				"NO_OF_UNITS" : 1,
				"INC_CRC" : "16186A5C42C74BEC",
				"FMEL_UPD_D" : "20241215232953"
			}
		},
		{
			"type" : "Feature",
			"geometry" : {
				"type" : "Point",
				"coordinates" : [ 103.79731864442837, 1.3097841070135372 ]
			},
			"properties" : {
				"OBJECTID" : 31390,
				"POSTAL_CODE" : "278502",
				"HOUSE_BLK_NO" : "92",
				"STREET_NAME" : "JALAN HITAM MANIS",
				"D_TYPE" : "Terrace House",
				"NO_OF_UNITS" : 1,
				"INC_CRC" : "29B990687B37D7D2",
				"FMEL_UPD_D" : "20241215232953"
			}
		},
		{
			"type" : "Feature",
			"geometry" : {
				"type" : "Point",
				"coordinates" : [ 103.79754156517205, 1.308967971858332 ]
			},
			"properties" : {
				"OBJECTID" : 31391,
				"POSTAL_CODE" : "278503",
				"HOUSE_BLK_NO" : "93",
				"STREET_NAME" : "JALAN HITAM MANIS",
				"D_TYPE" : "Terrace House",
				"NO_OF_UNITS" : 1,
				"INC_CRC" : "FB1CD1B875B4F486",
				"FMEL_UPD_D" : "20241215232953"
			}
		},
		{
			"type" : "Feature",
			"geometry" : {
				"type" : "Point",
				"coordinates" : [ 103.79725000399051, 1.3098073698937105 ]
			},
			"properties" : {
				"OBJECTID" : 31392,
				"POSTAL_CODE" : "278504",
				"HOUSE_BLK_NO" : "94",
				"STREET_NAME" : "JALAN HITAM MANIS",
				"D_TYPE" : "Terrace House",
				"NO_OF_UNITS" : 1,
				"INC_CRC" : "62221AFEA9380EF6",
				"FMEL_UPD_D" : "20241215232953"
			}
		},
		{
			"type" : "Feature",
			"geometry" : {
				"type" : "Point",
				"coordinates" : [ 103.79750535303839, 1.3090136652617343 ]
			},
			"properties" : {
				"OBJECTID" : 31393,
				"POSTAL_CODE" : "278505",
				"HOUSE_BLK_NO" : "95",
				"STREET_NAME" : "JALAN HITAM MANIS",
				"D_TYPE" : "Terrace House",
				"NO_OF_UNITS" : 1,
				"INC_CRC" : "E6BF38AD15C430C8",
				"FMEL_UPD_D" : "20241215232953"
			}
		},
		{
			"type" : "Feature",
			"geometry" : {
				"type" : "Point",
				"coordinates" : [ 103.79722526719044, 1.309853728166441 ]
			},
			"properties" : {
				"OBJECTID" : 31394,
				"POSTAL_CODE" : "278506",
				"HOUSE_BLK_NO" : "96",
				"STREET_NAME" : "JALAN HITAM MANIS",
				"D_TYPE" : "Terrace House",
				"NO_OF_UNITS" : 1,
				"INC_CRC" : "0B4535935E19B41A",
				"FMEL_UPD_D" : "20241215232953"
			}
		},
		{
			"type" : "Feature",
			"geometry" : {
				"type" : "Point",
				"coordinates" : [ 103.79746792874032, 1.3090608915450384 ]
			},
			"properties" : {
				"OBJECTID" : 31395,
				"POSTAL_CODE" : "278507",
				"HOUSE_BLK_NO" : "97",
				"STREET_NAME" : "JALAN HITAM MANIS",
				"D_TYPE" : "Terrace House",
				"NO_OF_UNITS" : 1,
				"INC_CRC" : "B18BA1643BA0E894",
				"FMEL_UPD_D" : "20241215232953"
			}
		},
		{
			"type" : "Feature",
			"geometry" : {
				"type" : "Point",
				"coordinates" : [ 103.79742913502908, 1.3091098397181118 ]
			},
			"properties" : {
				"OBJECTID" : 31396,
				"POSTAL_CODE" : "278508",
				"HOUSE_BLK_NO" : "99",
				"STREET_NAME" : "JALAN HITAM MANIS",
				"D_TYPE" : "Terrace House",
				"NO_OF_UNITS" : 1,
				"INC_CRC" : "E15629BA38850E45",
				"FMEL_UPD_D" : "20241215232953"
			}
		},
		{
			"type" : "Feature",
			"geometry" : {
				"type" : "Point",
				"coordinates" : [ 103.7973911554155, 1.3091577623528552 ]
			},
			"properties" : {
				"OBJECTID" : 31397,
				"POSTAL_CODE" : "278509",
				"HOUSE_BLK_NO" : "101",
				"STREET_NAME" : "JALAN HITAM MANIS",
				"D_TYPE" : "Terrace House",
				"NO_OF_UNITS" : 1,
				"INC_CRC" : "32CFA536C8288EA0",
				"FMEL_UPD_D" : "20241215232953"
			}
		},
		{
			"type" : "Feature",
			"geometry" : {
				"type" : "Point",
				"coordinates" : [ 103.79735451287247, 1.3092034096250433 ]
			},
			"properties" : {
				"OBJECTID" : 31398,
				"POSTAL_CODE" : "278510",
				"HOUSE_BLK_NO" : "103",
				"STREET_NAME" : "JALAN HITAM MANIS",
				"D_TYPE" : "Terrace House",
				"NO_OF_UNITS" : 1,
				"INC_CRC" : "07DD1B4B9B892C6E",
				"FMEL_UPD_D" : "20241215232953"
			}
		},
		{
			"type" : "Feature",
			"geometry" : {
				"type" : "Point",
				"coordinates" : [ 103.79731860443566, 1.309249495524061 ]
			},
			"properties" : {
				"OBJECTID" : 31399,
				"POSTAL_CODE" : "278511",
				"HOUSE_BLK_NO" : "105",
				"STREET_NAME" : "JALAN HITAM MANIS",
				"D_TYPE" : "Terrace House",
				"NO_OF_UNITS" : 1,
				"INC_CRC" : "63510C6B947D789E",
				"FMEL_UPD_D" : "20241215232953"
			}
		},
		{
			"type" : "Feature",
			"geometry" : {
				"type" : "Point",
				"coordinates" : [ 103.79728116935063, 1.3092965364093871 ]
			},
			"properties" : {
				"OBJECTID" : 31400,
				"POSTAL_CODE" : "278512",
				"HOUSE_BLK_NO" : "107",
				"STREET_NAME" : "JALAN HITAM MANIS",
				"D_TYPE" : "Terrace House",
				"NO_OF_UNITS" : 1,
				"INC_CRC" : "6AC19DFDFA20FC56",
				"FMEL_UPD_D" : "20241215232953"
			}
		},
		{
			"type" : "Feature",
			"geometry" : {
				"type" : "Point",
				"coordinates" : [ 103.79724327152157, 1.3093428990139744 ]
			},
			"properties" : {
				"OBJECTID" : 31401,
				"POSTAL_CODE" : "278513",
				"HOUSE_BLK_NO" : "109",
				"STREET_NAME" : "JALAN HITAM MANIS",
				"D_TYPE" : "Terrace House",
				"NO_OF_UNITS" : 1,
				"INC_CRC" : "FC2BAD17C4BC80D8",
				"FMEL_UPD_D" : "20241215232953"
			}
		},
		{
			"type" : "Feature",
			"geometry" : {
				"type" : "Point",
				"coordinates" : [ 103.79716739581808, 1.3094405376327083 ]
			},
			"properties" : {
				"OBJECTID" : 31402,
				"POSTAL_CODE" : "278514",
				"HOUSE_BLK_NO" : "111",
				"STREET_NAME" : "JALAN HITAM MANIS",
				"D_TYPE" : "Terrace House",
				"NO_OF_UNITS" : 1,
				"INC_CRC" : "1B107B41166E287D",
				"FMEL_UPD_D" : "20241215232953"
			}
		},
		{
			"type" : "Feature",
			"geometry" : {
				"type" : "Point",
				"coordinates" : [ 103.79713032732813, 1.3094880587384383 ]
			},
			"properties" : {
				"OBJECTID" : 31403,
				"POSTAL_CODE" : "278515",
				"HOUSE_BLK_NO" : "113",
				"STREET_NAME" : "JALAN HITAM MANIS",
				"D_TYPE" : "Terrace House",
				"NO_OF_UNITS" : 1,
				"INC_CRC" : "2951E2AC99F4967D",
				"FMEL_UPD_D" : "20241215232953"
			}
		},
		{
			"type" : "Feature",
			"geometry" : {
				"type" : "Point",
				"coordinates" : [ 103.79709277629787, 1.3095368676516606 ]
			},
			"properties" : {
				"OBJECTID" : 31404,
				"POSTAL_CODE" : "278516",
				"HOUSE_BLK_NO" : "115",
				"STREET_NAME" : "JALAN HITAM MANIS",
				"D_TYPE" : "Terrace House",
				"NO_OF_UNITS" : 1,
				"INC_CRC" : "9B691A9DDDB91E17",
				"FMEL_UPD_D" : "20241215232953"
			}
		},
		{
			"type" : "Feature",
			"geometry" : {
				"type" : "Point",
				"coordinates" : [ 103.79705482814344, 1.3095832004083314 ]
			},
			"properties" : {
				"OBJECTID" : 31405,
				"POSTAL_CODE" : "278517",
				"HOUSE_BLK_NO" : "117",
				"STREET_NAME" : "JALAN HITAM MANIS",
				"D_TYPE" : "Terrace House",
				"NO_OF_UNITS" : 1,
				"INC_CRC" : "434A534B82FF8551",
				"FMEL_UPD_D" : "20241215232953"
			}
		},
		{
			"type" : "Feature",
			"geometry" : {
				"type" : "Point",
				"coordinates" : [ 103.79701728520384, 1.3096315499032245 ]
			},
			"properties" : {
				"OBJECTID" : 31406,
				"POSTAL_CODE" : "278518",
				"HOUSE_BLK_NO" : "119",
				"STREET_NAME" : "JALAN HITAM MANIS",
				"D_TYPE" : "Terrace House",
				"NO_OF_UNITS" : 1,
				"INC_CRC" : "1B90EB8151AC9E06",
				"FMEL_UPD_D" : "20241215232953"
			}
		},
		{
			"type" : "Feature",
			"geometry" : {
				"type" : "Point",
				"coordinates" : [ 103.79697965239653, 1.3096806934282552 ]
			},
			"properties" : {
				"OBJECTID" : 31407,
				"POSTAL_CODE" : "278519",
				"HOUSE_BLK_NO" : "121",
				"STREET_NAME" : "JALAN HITAM MANIS",
				"D_TYPE" : "Terrace House",
				"NO_OF_UNITS" : 1,
				"INC_CRC" : "C19C707FE51A68A3",
				"FMEL_UPD_D" : "20241215232953"
			}
		},
		{
			"type" : "Feature",
			"geometry" : {
				"type" : "Point",
				"coordinates" : [ 103.79694374479291, 1.3097303587962092 ]
			},
			"properties" : {
				"OBJECTID" : 31408,
				"POSTAL_CODE" : "278520",
				"HOUSE_BLK_NO" : "123",
				"STREET_NAME" : "JALAN HITAM MANIS",
				"D_TYPE" : "Terrace House",
				"NO_OF_UNITS" : 1,
				"INC_CRC" : "15D0D4D843CD7BEB",
				"FMEL_UPD_D" : "20241215232953"
			}
		},
		{
			"type" : "Feature",
			"geometry" : {
				"type" : "Point",
				"coordinates" : [ 103.79690023021143, 1.3097707805422667 ]
			},
			"properties" : {
				"OBJECTID" : 31409,
				"POSTAL_CODE" : "278521",
				"HOUSE_BLK_NO" : "125",
				"STREET_NAME" : "JALAN HITAM MANIS",
				"D_TYPE" : "Terrace House",
				"NO_OF_UNITS" : 1,
				"INC_CRC" : "4FEFD26824B323E9",
				"FMEL_UPD_D" : "20241215232953"
			}
		},
		{
			"type" : "Feature",
			"geometry" : {
				"type" : "Point",
				"coordinates" : [ 103.79685742013082, 1.3098084105244714 ]
			},
			"properties" : {
				"OBJECTID" : 31410,
				"POSTAL_CODE" : "278522",
				"HOUSE_BLK_NO" : "127",
				"STREET_NAME" : "JALAN HITAM MANIS",
				"D_TYPE" : "Terrace House",
				"NO_OF_UNITS" : 1,
				"INC_CRC" : "7921D21100EDE4D0",
				"FMEL_UPD_D" : "20241215232953"
			}
		},
		{
			"type" : "Feature",
			"geometry" : {
				"type" : "Point",
				"coordinates" : [ 103.79896023976302, 1.311587030705974 ]
			},
			"properties" : {
				"OBJECTID" : 31411,
				"POSTAL_CODE" : "278197",
				"HOUSE_BLK_NO" : "1",
				"STREET_NAME" : "JALAN KELABU ASAP",
				"D_TYPE" : "Terrace House",
				"NO_OF_UNITS" : 1,
				"INC_CRC" : "3F10DB2587930D53",
				"FMEL_UPD_D" : "20241215232953"
			}
		},
		{
			"type" : "Feature",
			"geometry" : {
				"type" : "Point",
				"coordinates" : [ 103.79869034668647, 1.3116826951653686 ]
			},
			"properties" : {
				"OBJECTID" : 31412,
				"POSTAL_CODE" : "278200",
				"HOUSE_BLK_NO" : "4",
				"STREET_NAME" : "JALAN KELABU ASAP",
				"D_TYPE" : "Terrace House",
				"NO_OF_UNITS" : 1,
				"INC_CRC" : "C5C7BCCAAC18B5E0",
				"FMEL_UPD_D" : "20241215232953"
			}
		},
		{
			"type" : "Feature",
			"geometry" : {
				"type" : "Point",
				"coordinates" : [ 103.7986521401061, 1.3116375487544094 ]
			},
			"properties" : {
				"OBJECTID" : 31413,
				"POSTAL_CODE" : "278202",
				"HOUSE_BLK_NO" : "6",
				"STREET_NAME" : "JALAN KELABU ASAP",
				"D_TYPE" : "Terrace House",
				"NO_OF_UNITS" : 1,
				"INC_CRC" : "BD6C807B9C5AF9FB",
				"FMEL_UPD_D" : "20241215232953"
			}
		},
		{
			"type" : "Feature",
			"geometry" : {
				"type" : "Point",
				"coordinates" : [ 103.79843978703259, 1.3107861010270512 ]
			},
			"properties" : {
				"OBJECTID" : 31414,
				"POSTAL_CODE" : "278226",
				"HOUSE_BLK_NO" : "33",
				"STREET_NAME" : "JALAN KELABU ASAP",
				"D_TYPE" : "Terrace House",
				"NO_OF_UNITS" : 1,
				"INC_CRC" : "2D62493F63201301",
				"FMEL_UPD_D" : "20241215232953"
			}
		},
		{
			"type" : "Feature",
			"geometry" : {
				"type" : "Point",
				"coordinates" : [ 103.79837565001932, 1.310750582113362 ]
			},
			"properties" : {
				"OBJECTID" : 31415,
				"POSTAL_CODE" : "278228",
				"HOUSE_BLK_NO" : "35",
				"STREET_NAME" : "JALAN KELABU ASAP",
				"D_TYPE" : "Terrace House",
				"NO_OF_UNITS" : 1,
				"INC_CRC" : "AE84F82C53009207",
				"FMEL_UPD_D" : "20241215232953"
			}
		},
		{
			"type" : "Feature",
			"geometry" : {
				"type" : "Point",
				"coordinates" : [ 103.79826612578597, 1.3106958375772273 ]
			},
			"properties" : {
				"OBJECTID" : 31416,
				"POSTAL_CODE" : "278232",
				"HOUSE_BLK_NO" : "39",
				"STREET_NAME" : "JALAN KELABU ASAP",
				"D_TYPE" : "Terrace House",
				"NO_OF_UNITS" : 1,
				"INC_CRC" : "A9785D16E6AE7752",
				"FMEL_UPD_D" : "20241215232953"
			}
		},
		{
			"type" : "Feature",
			"geometry" : {
				"type" : "Point",
				"coordinates" : [ 103.79791370876067, 1.310884784185349 ]
			},
			"properties" : {
				"OBJECTID" : 31417,
				"POSTAL_CODE" : "278233",
				"HOUSE_BLK_NO" : "40",
				"STREET_NAME" : "JALAN KELABU ASAP",
				"D_TYPE" : "Terrace House",
				"NO_OF_UNITS" : 1,
				"INC_CRC" : "121245C21A63DCD2",
				"FMEL_UPD_D" : "20241215232953"
			}
		},
		{
			"type" : "Feature",
			"geometry" : {
				"type" : "Point",
				"coordinates" : [ 103.79822245110866, 1.3106830628121153 ]
			},
			"properties" : {
				"OBJECTID" : 31418,
				"POSTAL_CODE" : "278234",
				"HOUSE_BLK_NO" : "41",
				"STREET_NAME" : "JALAN KELABU ASAP",
				"D_TYPE" : "Terrace House",
				"NO_OF_UNITS" : 1,
				"INC_CRC" : "94865C4816F093F9",
				"FMEL_UPD_D" : "20241215232953"
			}
		},
		{
			"type" : "Feature",
			"geometry" : {
				"type" : "Point",
				"coordinates" : [ 103.79751477722805, 1.3107702289483723 ]
			},
			"properties" : {
				"OBJECTID" : 31419,
				"POSTAL_CODE" : "278245",
				"HOUSE_BLK_NO" : "52",
				"STREET_NAME" : "JALAN KELABU ASAP",
				"D_TYPE" : "Terrace House",
				"NO_OF_UNITS" : 1,
				"INC_CRC" : "CDBCB85AA5F1B608",
				"FMEL_UPD_D" : "20241215232953"
			}
		},
		{
			"type" : "Feature",
			"geometry" : {
				"type" : "Point",
				"coordinates" : [ 103.79765842827369, 1.3104476812558035 ]
			},
			"properties" : {
				"OBJECTID" : 31420,
				"POSTAL_CODE" : "278252",
				"HOUSE_BLK_NO" : "59",
				"STREET_NAME" : "JALAN KELABU ASAP",
				"D_TYPE" : "Terrace House",
				"NO_OF_UNITS" : 1,
				"INC_CRC" : "C7BBA4BF26152533",
				"FMEL_UPD_D" : "20241215232953"
			}
		},
		{
			"type" : "Feature",
			"geometry" : {
				"type" : "Point",
				"coordinates" : [ 103.79742687742883, 1.3104039618485575 ]
			},
			"properties" : {
				"OBJECTID" : 31421,
				"POSTAL_CODE" : "278258",
				"HOUSE_BLK_NO" : "65",
				"STREET_NAME" : "JALAN KELABU ASAP",
				"D_TYPE" : "Terrace House",
				"NO_OF_UNITS" : 1,
				"INC_CRC" : "9A1A0652791F3476",
				"FMEL_UPD_D" : "20241215232953"
			}
		},
		{
			"type" : "Feature",
			"geometry" : {
				"type" : "Point",
				"coordinates" : [ 103.7972437124917, 1.3103630113818034 ]
			},
			"properties" : {
				"OBJECTID" : 31422,
				"POSTAL_CODE" : "278264",
				"HOUSE_BLK_NO" : "71",
				"STREET_NAME" : "JALAN KELABU ASAP",
				"D_TYPE" : "Terrace House",
				"NO_OF_UNITS" : 1,
				"INC_CRC" : "C7C2AB8B0F5B32B1",
				"FMEL_UPD_D" : "20241215232953"
			}
		},
		{
			"type" : "Feature",
			"geometry" : {
				"type" : "Point",
				"coordinates" : [ 103.7967707392569, 1.3107803976554153 ]
			},
			"properties" : {
				"OBJECTID" : 31423,
				"POSTAL_CODE" : "278267",
				"HOUSE_BLK_NO" : "74",
				"STREET_NAME" : "JALAN KELABU ASAP",
				"D_TYPE" : "Terrace House",
				"NO_OF_UNITS" : 1,
				"INC_CRC" : "D57B282D4BEED97F",
				"FMEL_UPD_D" : "20241215232953"
			}
		},
		{
			"type" : "Feature",
			"geometry" : {
				"type" : "Point",
				"coordinates" : [ 103.79871327429804, 1.3117309523771592 ]
			},
			"properties" : {
				"OBJECTID" : 31424,
				"POSTAL_CODE" : "278198",
				"HOUSE_BLK_NO" : "2",
				"STREET_NAME" : "JALAN KELABU ASAP",
				"D_TYPE" : "Terrace House",
				"NO_OF_UNITS" : 1,
				"INC_CRC" : "1DBD734FFF97978F",
				"FMEL_UPD_D" : "20241215232953"
			}
		},
		{
			"type" : "Feature",
			"geometry" : {
				"type" : "Point",
				"coordinates" : [ 103.79893786661995, 1.3115338401953307 ]
			},
			"properties" : {
				"OBJECTID" : 31425,
				"POSTAL_CODE" : "278199",
				"HOUSE_BLK_NO" : "3",
				"STREET_NAME" : "JALAN KELABU ASAP",
				"D_TYPE" : "Terrace House",
				"NO_OF_UNITS" : 1,
				"INC_CRC" : "5769270E3BD8DE26",
				"FMEL_UPD_D" : "20241215232953"
			}
		},
		{
			"type" : "Feature",
			"geometry" : {
				"type" : "Point",
				"coordinates" : [ 103.79890005095055, 1.3114854353679801 ]
			},
			"properties" : {
				"OBJECTID" : 31426,
				"POSTAL_CODE" : "278201",
				"HOUSE_BLK_NO" : "5",
				"STREET_NAME" : "JALAN KELABU ASAP",
				"D_TYPE" : "Terrace House",
				"NO_OF_UNITS" : 1,
				"INC_CRC" : "8CE311BDDFFA3DA2",
				"FMEL_UPD_D" : "20241215232953"
			}
		},
		{
			"type" : "Feature",
			"geometry" : {
				"type" : "Point",
				"coordinates" : [ 103.79887860696634, 1.3114280658010682 ]
			},
			"properties" : {
				"OBJECTID" : 31427,
				"POSTAL_CODE" : "278203",
				"HOUSE_BLK_NO" : "7",
				"STREET_NAME" : "JALAN KELABU ASAP",
				"D_TYPE" : "Terrace House",
				"NO_OF_UNITS" : 1,
				"INC_CRC" : "72278A5F2362FBAF",
				"FMEL_UPD_D" : "20241215232953"
			}
		},
		{
			"type" : "Feature",
			"geometry" : {
				"type" : "Point",
				"coordinates" : [ 103.79863097104244, 1.311583078582137 ]
			},
			"properties" : {
				"OBJECTID" : 31428,
				"POSTAL_CODE" : "278204",
				"HOUSE_BLK_NO" : "8",
				"STREET_NAME" : "JALAN KELABU ASAP",
				"D_TYPE" : "Terrace House",
				"NO_OF_UNITS" : 1,
				"INC_CRC" : "E0CE8DCCF042E0FB",
				"FMEL_UPD_D" : "20241215232953"
			}
		},
		{
			"type" : "Feature",
			"geometry" : {
				"type" : "Point",
				"coordinates" : [ 103.79883922869317, 1.3113818486090396 ]
			},
			"properties" : {
				"OBJECTID" : 31429,
				"POSTAL_CODE" : "278205",
				"HOUSE_BLK_NO" : "9",
				"STREET_NAME" : "JALAN KELABU ASAP",
				"D_TYPE" : "Terrace House",
				"NO_OF_UNITS" : 1,
				"INC_CRC" : "C8697694A02E2179",
				"FMEL_UPD_D" : "20241215232953"
			}
		},
		{
			"type" : "Feature",
			"geometry" : {
				"type" : "Point",
				"coordinates" : [ 103.79859302864621, 1.3115373380064776 ]
			},
			"properties" : {
				"OBJECTID" : 31430,
				"POSTAL_CODE" : "278206",
				"HOUSE_BLK_NO" : "10",
				"STREET_NAME" : "JALAN KELABU ASAP",
				"D_TYPE" : "Terrace House",
				"NO_OF_UNITS" : 1,
				"INC_CRC" : "CF97EF237A238A72",
				"FMEL_UPD_D" : "20241215232953"
			}
		},
		{
			"type" : "Feature",
			"geometry" : {
				"type" : "Point",
				"coordinates" : [ 103.79881519415281, 1.3113275420884212 ]
			},
			"properties" : {
				"OBJECTID" : 31431,
				"POSTAL_CODE" : "278277",
				"HOUSE_BLK_NO" : "11",
				"STREET_NAME" : "JALAN KELABU ASAP",
				"D_TYPE" : "Terrace House",
				"NO_OF_UNITS" : 1,
				"INC_CRC" : "84E8C7B69DE8D581",
				"FMEL_UPD_D" : "20241215232953"
			}
		},
		{
			"type" : "Feature",
			"geometry" : {
				"type" : "Point",
				"coordinates" : [ 103.7985704479802, 1.3114817111317238 ]
			},
			"properties" : {
				"OBJECTID" : 31432,
				"POSTAL_CODE" : "278278",
				"HOUSE_BLK_NO" : "12",
				"STREET_NAME" : "JALAN KELABU ASAP",
				"D_TYPE" : "Terrace House",
				"NO_OF_UNITS" : 1,
				"INC_CRC" : "49117D12C6DB228B",
				"FMEL_UPD_D" : "20241215232953"
			}
		},
		{
			"type" : "Feature",
			"geometry" : {
				"type" : "Point",
				"coordinates" : [ 103.79853290543443, 1.3114364335954196 ]
			},
			"properties" : {
				"OBJECTID" : 31433,
				"POSTAL_CODE" : "278207",
				"HOUSE_BLK_NO" : "14",
				"STREET_NAME" : "JALAN KELABU ASAP",
				"D_TYPE" : "Terrace House",
				"NO_OF_UNITS" : 1,
				"INC_CRC" : "0DB889EE491DBB82",
				"FMEL_UPD_D" : "20241215232953"
			}
		},
		{
			"type" : "Feature",
			"geometry" : {
				"type" : "Point",
				"coordinates" : [ 103.79877807575625, 1.311279609347254 ]
			},
			"properties" : {
				"OBJECTID" : 31434,
				"POSTAL_CODE" : "278208",
				"HOUSE_BLK_NO" : "15",
				"STREET_NAME" : "JALAN KELABU ASAP",
				"D_TYPE" : "Terrace House",
				"NO_OF_UNITS" : 1,
				"INC_CRC" : "BCF9F51028E21B69",
				"FMEL_UPD_D" : "20241215232953"
			}
		},
		{
			"type" : "Feature",
			"geometry" : {
				"type" : "Point",
				"coordinates" : [ 103.79851018997735, 1.311381598941596 ]
			},
			"properties" : {
				"OBJECTID" : 31435,
				"POSTAL_CODE" : "278209",
				"HOUSE_BLK_NO" : "16",
				"STREET_NAME" : "JALAN KELABU ASAP",
				"D_TYPE" : "Terrace House",
				"NO_OF_UNITS" : 1,
				"INC_CRC" : "8D484147225F351B",
				"FMEL_UPD_D" : "20241215232953"
			}
		},
		{
			"type" : "Feature",
			"geometry" : {
				"type" : "Point",
				"coordinates" : [ 103.7987559299942, 1.3112233792689036 ]
			},
			"properties" : {
				"OBJECTID" : 31436,
				"POSTAL_CODE" : "278210",
				"HOUSE_BLK_NO" : "17",
				"STREET_NAME" : "JALAN KELABU ASAP",
				"D_TYPE" : "Terrace House",
				"NO_OF_UNITS" : 1,
				"INC_CRC" : "4C3F45182552121E",
				"FMEL_UPD_D" : "20241215232953"
			}
		},
		{
			"type" : "Feature",
			"geometry" : {
				"type" : "Point",
				"coordinates" : [ 103.79847194565947, 1.3113368992835295 ]
			},
			"properties" : {
				"OBJECTID" : 31437,
				"POSTAL_CODE" : "278211",
				"HOUSE_BLK_NO" : "18",
				"STREET_NAME" : "JALAN KELABU ASAP",
				"D_TYPE" : "Terrace House",
				"NO_OF_UNITS" : 1,
				"INC_CRC" : "71F41AA574E59104",
				"FMEL_UPD_D" : "20241215232953"
			}
		},
		{
			"type" : "Feature",
			"geometry" : {
				"type" : "Point",
				"coordinates" : [ 103.79871607103607, 1.3111747401800327 ]
			},
			"properties" : {
				"OBJECTID" : 31438,
				"POSTAL_CODE" : "278212",
				"HOUSE_BLK_NO" : "19",
				"STREET_NAME" : "JALAN KELABU ASAP",
				"D_TYPE" : "Terrace House",
				"NO_OF_UNITS" : 1,
				"INC_CRC" : "E7F2AB03B864453D",
				"FMEL_UPD_D" : "20241215232953"
			}
		},
		{
			"type" : "Feature",
			"geometry" : {
				"type" : "Point",
				"coordinates" : [ 103.79845130852038, 1.3112840633039702 ]
			},
			"properties" : {
				"OBJECTID" : 31439,
				"POSTAL_CODE" : "278213",
				"HOUSE_BLK_NO" : "20",
				"STREET_NAME" : "JALAN KELABU ASAP",
				"D_TYPE" : "Terrace House",
				"NO_OF_UNITS" : 1,
				"INC_CRC" : "A37B050BF4BE5614",
				"FMEL_UPD_D" : "20241215232953"
			}
		},
		{
			"type" : "Feature",
			"geometry" : {
				"type" : "Point",
				"coordinates" : [ 103.79869261963175, 1.3111223753370793 ]
			},
			"properties" : {
				"OBJECTID" : 31440,
				"POSTAL_CODE" : "278214",
				"HOUSE_BLK_NO" : "21",
				"STREET_NAME" : "JALAN KELABU ASAP",
				"D_TYPE" : "Terrace House",
				"NO_OF_UNITS" : 1,
				"INC_CRC" : "F593F8A6A2EAA7FC",
				"FMEL_UPD_D" : "20241215232953"
			}
		},
		{
			"type" : "Feature",
			"geometry" : {
				"type" : "Point",
				"coordinates" : [ 103.7983680701852, 1.3111807574769425 ]
			},
			"properties" : {
				"OBJECTID" : 31441,
				"POSTAL_CODE" : "278215",
				"HOUSE_BLK_NO" : "22",
				"STREET_NAME" : "JALAN KELABU ASAP",
				"D_TYPE" : "Terrace House",
				"NO_OF_UNITS" : 1,
				"INC_CRC" : "61B1DB0E1DEC90CE",
				"FMEL_UPD_D" : "20241215232953"
			}
		},
		{
			"type" : "Feature",
			"geometry" : {
				"type" : "Point",
				"coordinates" : [ 103.79863374903111, 1.311019383672324 ]
			},
			"properties" : {
				"OBJECTID" : 31442,
				"POSTAL_CODE" : "278216",
				"HOUSE_BLK_NO" : "23",
				"STREET_NAME" : "JALAN KELABU ASAP",
				"D_TYPE" : "Terrace House",
				"NO_OF_UNITS" : 1,
				"INC_CRC" : "1A5F120EF9198D92",
				"FMEL_UPD_D" : "20241215232953"
			}
		},
		{
			"type" : "Feature",
			"geometry" : {
				"type" : "Point",
				"coordinates" : [ 103.79833896860634, 1.3111360968330619 ]
			},
			"properties" : {
				"OBJECTID" : 31443,
				"POSTAL_CODE" : "278217",
				"HOUSE_BLK_NO" : "24",
				"STREET_NAME" : "JALAN KELABU ASAP",
				"D_TYPE" : "Terrace House",
				"NO_OF_UNITS" : 1,
				"INC_CRC" : "6B0474D603AA9119",
				"FMEL_UPD_D" : "20241215232953"
			}
		},
		{
			"type" : "Feature",
			"geometry" : {
				"type" : "Point",
				"coordinates" : [ 103.79861384876784, 1.310961693979658 ]
			},
			"properties" : {
				"OBJECTID" : 31444,
				"POSTAL_CODE" : "278218",
				"HOUSE_BLK_NO" : "25",
				"STREET_NAME" : "JALAN KELABU ASAP",
				"D_TYPE" : "Terrace House",
				"NO_OF_UNITS" : 1,
				"INC_CRC" : "3D2F4318F7FBDA06",
				"FMEL_UPD_D" : "20241215232953"
			}
		},
		{
			"type" : "Feature",
			"geometry" : {
				"type" : "Point",
				"coordinates" : [ 103.79828081604845, 1.3110913905615038 ]
			},
			"properties" : {
				"OBJECTID" : 31445,
				"POSTAL_CODE" : "278219",
				"HOUSE_BLK_NO" : "26",
				"STREET_NAME" : "JALAN KELABU ASAP",
				"D_TYPE" : "Terrace House",
				"NO_OF_UNITS" : 1,
				"INC_CRC" : "98635879B728F09E",
				"FMEL_UPD_D" : "20241215232953"
			}
		},
		{
			"type" : "Feature",
			"geometry" : {
				"type" : "Point",
				"coordinates" : [ 103.7985679686152, 1.3109149639180546 ]
			},
			"properties" : {
				"OBJECTID" : 31446,
				"POSTAL_CODE" : "278220",
				"HOUSE_BLK_NO" : "27",
				"STREET_NAME" : "JALAN KELABU ASAP",
				"D_TYPE" : "Terrace House",
				"NO_OF_UNITS" : 1,
				"INC_CRC" : "A944A0EF791412A9",
				"FMEL_UPD_D" : "20241215232953"
			}
		},
		{
			"type" : "Feature",
			"geometry" : {
				"type" : "Point",
				"coordinates" : [ 103.79824651540228, 1.3110515211667273 ]
			},
			"properties" : {
				"OBJECTID" : 31447,
				"POSTAL_CODE" : "278221",
				"HOUSE_BLK_NO" : "28",
				"STREET_NAME" : "JALAN KELABU ASAP",
				"D_TYPE" : "Terrace House",
				"NO_OF_UNITS" : 1,
				"INC_CRC" : "8B72A0B624C672AE",
				"FMEL_UPD_D" : "20241215232953"
			}
		},
		{
			"type" : "Feature",
			"geometry" : {
				"type" : "Point",
				"coordinates" : [ 103.79853427010225, 1.3108672790170455 ]
			},
			"properties" : {
				"OBJECTID" : 31448,
				"POSTAL_CODE" : "278222",
				"HOUSE_BLK_NO" : "29",
				"STREET_NAME" : "JALAN KELABU ASAP",
				"D_TYPE" : "Terrace House",
				"NO_OF_UNITS" : 1,
				"INC_CRC" : "C0687DC142DB96AA",
				"FMEL_UPD_D" : "20241215232953"
			}
		},
		{
			"type" : "Feature",
			"geometry" : {
				"type" : "Point",
				"coordinates" : [ 103.79817837017751, 1.3110003503540906 ]
			},
			"properties" : {
				"OBJECTID" : 31449,
				"POSTAL_CODE" : "278223",
				"HOUSE_BLK_NO" : "30",
				"STREET_NAME" : "JALAN KELABU ASAP",
				"D_TYPE" : "Terrace House",
				"NO_OF_UNITS" : 1,
				"INC_CRC" : "F7774933F27F54C9",
				"FMEL_UPD_D" : "20241215232953"
			}
		},
		{
			"type" : "Feature",
			"geometry" : {
				"type" : "Point",
				"coordinates" : [ 103.79848198684516, 1.3108241446178346 ]
			},
			"properties" : {
				"OBJECTID" : 31450,
				"POSTAL_CODE" : "278224",
				"HOUSE_BLK_NO" : "31",
				"STREET_NAME" : "JALAN KELABU ASAP",
				"D_TYPE" : "Terrace House",
				"NO_OF_UNITS" : 1,
				"INC_CRC" : "01DD7C73AB8B6DFA",
				"FMEL_UPD_D" : "20241215232953"
			}
		},
		{
			"type" : "Feature",
			"geometry" : {
				"type" : "Point",
				"coordinates" : [ 103.79812625532443, 1.3109949252386386 ]
			},
			"properties" : {
				"OBJECTID" : 31451,
				"POSTAL_CODE" : "278225",
				"HOUSE_BLK_NO" : "32",
				"STREET_NAME" : "JALAN KELABU ASAP",
				"D_TYPE" : "Terrace House",
				"NO_OF_UNITS" : 1,
				"INC_CRC" : "5B9F46C94FC2139E",
				"FMEL_UPD_D" : "20241215232953"
			}
		},
		{
			"type" : "Feature",
			"geometry" : {
				"type" : "Point",
				"coordinates" : [ 103.79806293159515, 1.3109524020249812 ]
			},
			"properties" : {
				"OBJECTID" : 31452,
				"POSTAL_CODE" : "278227",
				"HOUSE_BLK_NO" : "34",
				"STREET_NAME" : "JALAN KELABU ASAP",
				"D_TYPE" : "Terrace House",
				"NO_OF_UNITS" : 1,
				"INC_CRC" : "3D453CEA2F9B716A",
				"FMEL_UPD_D" : "20241215232953"
			}
		},
		{
			"type" : "Feature",
			"geometry" : {
				"type" : "Point",
				"coordinates" : [ 103.7980186009471, 1.3109415463085041 ]
			},
			"properties" : {
				"OBJECTID" : 31453,
				"POSTAL_CODE" : "278229",
				"HOUSE_BLK_NO" : "36",
				"STREET_NAME" : "JALAN KELABU ASAP",
				"D_TYPE" : "Terrace House",
				"NO_OF_UNITS" : 1,
				"INC_CRC" : "E52BA88321A23E74",
				"FMEL_UPD_D" : "20241215232953"
			}
		},
		{
			"type" : "Feature",
			"geometry" : {
				"type" : "Point",
				"coordinates" : [ 103.79870077860141, 1.3094104983440609 ]
			},
			"properties" : {
				"OBJECTID" : 31454,
				"POSTAL_CODE" : "278164",
				"HOUSE_BLK_NO" : "19",
				"STREET_NAME" : "JALAN KUNING",
				"D_TYPE" : "Terrace House",
				"NO_OF_UNITS" : 1,
				"INC_CRC" : "709B04ED8250380E",
				"FMEL_UPD_D" : "20241215232953"
			}
		},
		{
			"type" : "Feature",
			"geometry" : {
				"type" : "Point",
				"coordinates" : [ 103.79859104355009, 1.3099219303522727 ]
			},
			"properties" : {
				"OBJECTID" : 31455,
				"POSTAL_CODE" : "278165",
				"HOUSE_BLK_NO" : "20",
				"STREET_NAME" : "JALAN KUNING",
				"D_TYPE" : "Terrace House",
				"NO_OF_UNITS" : 1,
				"INC_CRC" : "325A7A951D8E8E0C",
				"FMEL_UPD_D" : "20241215232953"
			}
		},
		{
			"type" : "Feature",
			"geometry" : {
				"type" : "Point",
				"coordinates" : [ 103.79864222870322, 1.3094467489831179 ]
			},
			"properties" : {
				"OBJECTID" : 31456,
				"POSTAL_CODE" : "278166",
				"HOUSE_BLK_NO" : "21",
				"STREET_NAME" : "JALAN KUNING",
				"D_TYPE" : "Terrace House",
				"NO_OF_UNITS" : 1,
				"INC_CRC" : "1B35E1D13D2438F4",
				"FMEL_UPD_D" : "20241215232953"
			}
		},
		{
			"type" : "Feature",
			"geometry" : {
				"type" : "Point",
				"coordinates" : [ 103.7985634456531, 1.3099785875026249 ]
			},
			"properties" : {
				"OBJECTID" : 33281,
				"POSTAL_CODE" : "278167",
				"HOUSE_BLK_NO" : "22",
				"STREET_NAME" : "JALAN KUNING",
				"D_TYPE" : "Terrace House",
				"NO_OF_UNITS" : 1,
				"INC_CRC" : "631C2FEB5DE64BB8",
				"FMEL_UPD_D" : "20241215232953"
			}
		},
		{
			"type" : "Feature",
			"geometry" : {
				"type" : "Point",
				"coordinates" : [ 103.79860914889845, 1.3094940838680535 ]
			},
			"properties" : {
				"OBJECTID" : 33282,
				"POSTAL_CODE" : "278168",
				"HOUSE_BLK_NO" : "23",
				"STREET_NAME" : "JALAN KUNING",
				"D_TYPE" : "Terrace House",
				"NO_OF_UNITS" : 1,
				"INC_CRC" : "D83CF68565B3C99F",
				"FMEL_UPD_D" : "20241215232953"
			}
		},
		{
			"type" : "Feature",
			"geometry" : {
				"type" : "Point",
				"coordinates" : [ 103.79851629102866, 1.3100222115815217 ]
			},
			"properties" : {
				"OBJECTID" : 33283,
				"POSTAL_CODE" : "278169",
				"HOUSE_BLK_NO" : "24",
				"STREET_NAME" : "JALAN KUNING",
				"D_TYPE" : "Terrace House",
				"NO_OF_UNITS" : 1,
				"INC_CRC" : "5F2F74E0C597587B",
				"FMEL_UPD_D" : "20241215232953"
			}
		},
		{
			"type" : "Feature",
			"geometry" : {
				"type" : "Point",
				"coordinates" : [ 103.79855283639377, 1.3095294880508521 ]
			},
			"properties" : {
				"OBJECTID" : 33284,
				"POSTAL_CODE" : "278170",
				"HOUSE_BLK_NO" : "25",
				"STREET_NAME" : "JALAN KUNING",
				"D_TYPE" : "Terrace House",
				"NO_OF_UNITS" : 1,
				"INC_CRC" : "0CA18AAD15414D49",
				"FMEL_UPD_D" : "20241215232953"
			}
		},
		{
			"type" : "Feature",
			"geometry" : {
				"type" : "Point",
				"coordinates" : [ 103.79848911996127, 1.3100772815770922 ]
			},
			"properties" : {
				"OBJECTID" : 33285,
				"POSTAL_CODE" : "278171",
				"HOUSE_BLK_NO" : "26",
				"STREET_NAME" : "JALAN KUNING",
				"D_TYPE" : "Terrace House",
				"NO_OF_UNITS" : 1,
				"INC_CRC" : "6199FA8DC2DC444C",
				"FMEL_UPD_D" : "20241215232953"
			}
		},
		{
			"type" : "Feature",
			"geometry" : {
				"type" : "Point",
				"coordinates" : [ 103.79852087528236, 1.3095765633975 ]
			},
			"properties" : {
				"OBJECTID" : 33286,
				"POSTAL_CODE" : "278172",
				"HOUSE_BLK_NO" : "27",
				"STREET_NAME" : "JALAN KUNING",
				"D_TYPE" : "Terrace House",
				"NO_OF_UNITS" : 1,
				"INC_CRC" : "4077F47F8150138E",
				"FMEL_UPD_D" : "20241215232953"
			}
		},
		{
			"type" : "Feature",
			"geometry" : {
				"type" : "Point",
				"coordinates" : [ 103.79844104170077, 1.3101154930196206 ]
			},
			"properties" : {
				"OBJECTID" : 33287,
				"POSTAL_CODE" : "278173",
				"HOUSE_BLK_NO" : "28",
				"STREET_NAME" : "JALAN KUNING",
				"D_TYPE" : "Terrace House",
				"NO_OF_UNITS" : 1,
				"INC_CRC" : "3BF61AB450472DB7",
				"FMEL_UPD_D" : "20241215232953"
			}
		},
		{
			"type" : "Feature",
			"geometry" : {
				"type" : "Point",
				"coordinates" : [ 103.79846334972589, 1.3096125888596712 ]
			},
			"properties" : {
				"OBJECTID" : 33288,
				"POSTAL_CODE" : "278174",
				"HOUSE_BLK_NO" : "29",
				"STREET_NAME" : "JALAN KUNING",
				"D_TYPE" : "Terrace House",
				"NO_OF_UNITS" : 1,
				"INC_CRC" : "E11FFBFF992CE87B",
				"FMEL_UPD_D" : "20241215232953"
			}
		},
		{
			"type" : "Feature",
			"geometry" : {
				"type" : "Point",
				"coordinates" : [ 103.79841383738247, 1.3101707040946629 ]
			},
			"properties" : {
				"OBJECTID" : 33289,
				"POSTAL_CODE" : "278175",
				"HOUSE_BLK_NO" : "30",
				"STREET_NAME" : "JALAN KUNING",
				"D_TYPE" : "Terrace House",
				"NO_OF_UNITS" : 1,
				"INC_CRC" : "98F711883DAF277A",
				"FMEL_UPD_D" : "20241215232953"
			}
		},
		{
			"type" : "Feature",
			"geometry" : {
				"type" : "Point",
				"coordinates" : [ 103.79843340225031, 1.3096602511658844 ]
			},
			"properties" : {
				"OBJECTID" : 33290,
				"POSTAL_CODE" : "278176",
				"HOUSE_BLK_NO" : "31",
				"STREET_NAME" : "JALAN KUNING",
				"D_TYPE" : "Terrace House",
				"NO_OF_UNITS" : 1,
				"INC_CRC" : "CFD48014F6B7023D",
				"FMEL_UPD_D" : "20241215232953"
			}
		},
		{
			"type" : "Feature",
			"geometry" : {
				"type" : "Point",
				"coordinates" : [ 103.79834954964716, 1.3097307008933687 ]
			},
			"properties" : {
				"OBJECTID" : 33291,
				"POSTAL_CODE" : "278177",
				"HOUSE_BLK_NO" : "33",
				"STREET_NAME" : "JALAN KUNING",
				"D_TYPE" : "Terrace House",
				"NO_OF_UNITS" : 1,
				"INC_CRC" : "837CF2320C5C1A3D",
				"FMEL_UPD_D" : "20241215232953"
			}
		},
		{
			"type" : "Feature",
			"geometry" : {
				"type" : "Point",
				"coordinates" : [ 103.79832253229401, 1.309781249066584 ]
			},
			"properties" : {
				"OBJECTID" : 33292,
				"POSTAL_CODE" : "278178",
				"HOUSE_BLK_NO" : "35",
				"STREET_NAME" : "JALAN KUNING",
				"D_TYPE" : "Terrace House",
				"NO_OF_UNITS" : 1,
				"INC_CRC" : "EDF19D780AD525F2",
				"FMEL_UPD_D" : "20241215232953"
			}
		},
		{
			"type" : "Feature",
			"geometry" : {
				"type" : "Point",
				"coordinates" : [ 103.79827401283816, 1.3098202825672467 ]
			},
			"properties" : {
				"OBJECTID" : 33293,
				"POSTAL_CODE" : "278179",
				"HOUSE_BLK_NO" : "37",
				"STREET_NAME" : "JALAN KUNING",
				"D_TYPE" : "Terrace House",
				"NO_OF_UNITS" : 1,
				"INC_CRC" : "2CAA238430D76D62",
				"FMEL_UPD_D" : "20241215232953"
			}
		},
		{
			"type" : "Feature",
			"geometry" : {
				"type" : "Point",
				"coordinates" : [ 103.7982478400458, 1.3098760199952897 ]
			},
			"properties" : {
				"OBJECTID" : 33294,
				"POSTAL_CODE" : "278180",
				"HOUSE_BLK_NO" : "39",
				"STREET_NAME" : "JALAN KUNING",
				"D_TYPE" : "Terrace House",
				"NO_OF_UNITS" : 1,
				"INC_CRC" : "8F1925BB2E9C70FD",
				"FMEL_UPD_D" : "20241215232953"
			}
		},
		{
			"type" : "Feature",
			"geometry" : {
				"type" : "Point",
				"coordinates" : [ 103.79819930081037, 1.3099156675576438 ]
			},
			"properties" : {
				"OBJECTID" : 33295,
				"POSTAL_CODE" : "278181",
				"HOUSE_BLK_NO" : "41",
				"STREET_NAME" : "JALAN KUNING",
				"D_TYPE" : "Terrace House",
				"NO_OF_UNITS" : 1,
				"INC_CRC" : "C3F94103E4091B4C",
				"FMEL_UPD_D" : "20241215232953"
			}
		},
		{
			"type" : "Feature",
			"geometry" : {
				"type" : "Point",
				"coordinates" : [ 103.79817250711376, 1.309971736877813 ]
			},
			"properties" : {
				"OBJECTID" : 33296,
				"POSTAL_CODE" : "278182",
				"HOUSE_BLK_NO" : "43",
				"STREET_NAME" : "JALAN KUNING",
				"D_TYPE" : "Terrace House",
				"NO_OF_UNITS" : 1,
				"INC_CRC" : "FF527F1710745FDD",
				"FMEL_UPD_D" : "20241215232953"
			}
		},
		{
			"type" : "Feature",
			"geometry" : {
				"type" : "Point",
				"coordinates" : [ 103.79812306303738, 1.3100113627210426 ]
			},
			"properties" : {
				"OBJECTID" : 33297,
				"POSTAL_CODE" : "278183",
				"HOUSE_BLK_NO" : "45",
				"STREET_NAME" : "JALAN KUNING",
				"D_TYPE" : "Terrace House",
				"NO_OF_UNITS" : 1,
				"INC_CRC" : "B33936783924E2C7",
				"FMEL_UPD_D" : "20241215232953"
			}
		},
		{
			"type" : "Feature",
			"geometry" : {
				"type" : "Point",
				"coordinates" : [ 103.79809655416582, 1.3100682948080942 ]
			},
			"properties" : {
				"OBJECTID" : 33298,
				"POSTAL_CODE" : "278184",
				"HOUSE_BLK_NO" : "47",
				"STREET_NAME" : "JALAN KUNING",
				"D_TYPE" : "Terrace House",
				"NO_OF_UNITS" : 1,
				"INC_CRC" : "7639BBC6EF8C480A",
				"FMEL_UPD_D" : "20241215232953"
			}
		},
		{
			"type" : "Feature",
			"geometry" : {
				"type" : "Point",
				"coordinates" : [ 103.79643226090842, 1.310750546820985 ]
			},
			"properties" : {
				"OBJECTID" : 33299,
				"POSTAL_CODE" : "278115",
				"HOUSE_BLK_NO" : "43",
				"STREET_NAME" : "JALAN MERAH SAGA",
				"D_TYPE" : "Other Apartment nec",
				"NO_OF_UNITS" : 20,
				"INC_CRC" : "0F4A458B1632550D",
				"FMEL_UPD_D" : "20241215232953"
			}
		},
		{
			"type" : "Feature",
			"geometry" : {
				"type" : "Point",
				"coordinates" : [ 103.79684403710799, 1.3119219545720304 ]
			},
			"properties" : {
				"OBJECTID" : 33300,
				"POSTAL_CODE" : "278116",
				"HOUSE_BLK_NO" : "44",
				"STREET_NAME" : "JALAN MERAH SAGA",
				"D_TYPE" : "Other Apartment nec",
				"NO_OF_UNITS" : 20,
				"INC_CRC" : "40B365752388D560",
				"FMEL_UPD_D" : "20241215232953"
			}
		},
		{
			"type" : "Feature",
			"geometry" : {
				"type" : "Point",
				"coordinates" : [ 103.79890187494074, 1.308593861730355 ]
			},
			"properties" : {
				"OBJECTID" : 33301,
				"POSTAL_CODE" : "278025",
				"HOUSE_BLK_NO" : "1",
				"STREET_NAME" : "JALAN PUTEH JERNEH",
				"D_TYPE" : "Terrace House",
				"NO_OF_UNITS" : 1,
				"INC_CRC" : "8686C206FCC1AA85",
				"FMEL_UPD_D" : "20241215232953"
			}
		},
		{
			"type" : "Feature",
			"geometry" : {
				"type" : "Point",
				"coordinates" : [ 103.79903904222915, 1.3088983116254553 ]
			},
			"properties" : {
				"OBJECTID" : 33302,
				"POSTAL_CODE" : "278026",
				"HOUSE_BLK_NO" : "2",
				"STREET_NAME" : "JALAN PUTEH JERNEH",
				"D_TYPE" : "Terrace House",
				"NO_OF_UNITS" : 1,
				"INC_CRC" : "61044CBE4B8FC5F0",
				"FMEL_UPD_D" : "20241215232953"
			}
		},
		{
			"type" : "Feature",
			"geometry" : {
				"type" : "Point",
				"coordinates" : [ 103.79886050358458, 1.3086241736504205 ]
			},
			"properties" : {
				"OBJECTID" : 33303,
				"POSTAL_CODE" : "278027",
				"HOUSE_BLK_NO" : "3",
				"STREET_NAME" : "JALAN PUTEH JERNEH",
				"D_TYPE" : "Terrace House",
				"NO_OF_UNITS" : 1,
				"INC_CRC" : "DF7A549997BD2FA9",
				"FMEL_UPD_D" : "20241215232953"
			}
		},
		{
			"type" : "Feature",
			"geometry" : {
				"type" : "Point",
				"coordinates" : [ 103.798998278294, 1.3089281795129977 ]
			},
			"properties" : {
				"OBJECTID" : 33304,
				"POSTAL_CODE" : "278028",
				"HOUSE_BLK_NO" : "4",
				"STREET_NAME" : "JALAN PUTEH JERNEH",
				"D_TYPE" : "Terrace House",
				"NO_OF_UNITS" : 1,
				"INC_CRC" : "0891AE92FD78AB94",
				"FMEL_UPD_D" : "20241215232953"
			}
		},
		{
			"type" : "Feature",
			"geometry" : {
				"type" : "Point",
				"coordinates" : [ 103.7987984466912, 1.3086592087794324 ]
			},
			"properties" : {
				"OBJECTID" : 33305,
				"POSTAL_CODE" : "278029",
				"HOUSE_BLK_NO" : "5",
				"STREET_NAME" : "JALAN PUTEH JERNEH",
				"D_TYPE" : "Terrace House",
				"NO_OF_UNITS" : 1,
				"INC_CRC" : "D75F84E146950B26",
				"FMEL_UPD_D" : "20241215232953"
			}
		},
		{
			"type" : "Feature",
			"geometry" : {
				"type" : "Point",
				"coordinates" : [ 103.79893448631373, 1.3089621049659241 ]
			},
			"properties" : {
				"OBJECTID" : 33306,
				"POSTAL_CODE" : "278078",
				"HOUSE_BLK_NO" : "6",
				"STREET_NAME" : "JALAN PUTEH JERNEH",
				"D_TYPE" : "Terrace House",
				"NO_OF_UNITS" : 1,
				"INC_CRC" : "B6B22CE4F05A5C92",
				"FMEL_UPD_D" : "20241215232953"
			}
		},
		{
			"type" : "Feature",
			"geometry" : {
				"type" : "Point",
				"coordinates" : [ 103.79875481280583, 1.3086882961566833 ]
			},
			"properties" : {
				"OBJECTID" : 33307,
				"POSTAL_CODE" : "278030",
				"HOUSE_BLK_NO" : "7",
				"STREET_NAME" : "JALAN PUTEH JERNEH",
				"D_TYPE" : "Terrace House",
				"NO_OF_UNITS" : 1,
				"INC_CRC" : "ADDBE2A5D4DED18A",
				"FMEL_UPD_D" : "20241215232953"
			}
		},
		{
			"type" : "Feature",
			"geometry" : {
				"type" : "Point",
				"coordinates" : [ 103.79889214991977, 1.3089917901483046 ]
			},
			"properties" : {
				"OBJECTID" : 33308,
				"POSTAL_CODE" : "278031",
				"HOUSE_BLK_NO" : "8",
				"STREET_NAME" : "JALAN PUTEH JERNEH",
				"D_TYPE" : "Terrace House",
				"NO_OF_UNITS" : 1,
				"INC_CRC" : "3378EBF54FA45368",
				"FMEL_UPD_D" : "20241215232953"
			}
		},
		{
			"type" : "Feature",
			"geometry" : {
				"type" : "Point",
				"coordinates" : [ 103.79869346307017, 1.3087230771663474 ]
			},
			"properties" : {
				"OBJECTID" : 33309,
				"POSTAL_CODE" : "278032",
				"HOUSE_BLK_NO" : "9",
				"STREET_NAME" : "JALAN PUTEH JERNEH",
				"D_TYPE" : "Terrace House",
				"NO_OF_UNITS" : 1,
				"INC_CRC" : "F0A0AB999B5CB0CF",
				"FMEL_UPD_D" : "20241215232953"
			}
		},
		{
			"type" : "Feature",
			"geometry" : {
				"type" : "Point",
				"coordinates" : [ 103.79883010745829, 1.3090221506174948 ]
			},
			"properties" : {
				"OBJECTID" : 33310,
				"POSTAL_CODE" : "278033",
				"HOUSE_BLK_NO" : "10",
				"STREET_NAME" : "JALAN PUTEH JERNEH",
				"D_TYPE" : "Terrace House",
				"NO_OF_UNITS" : 1,
				"INC_CRC" : "539885F75C3AC8CB",
				"FMEL_UPD_D" : "20241215232953"
			}
		},
		{
			"type" : "Feature",
			"geometry" : {
				"type" : "Point",
				"coordinates" : [ 103.79865174577105, 1.3087532018745187 ]
			},
			"properties" : {
				"OBJECTID" : 33311,
				"POSTAL_CODE" : "278034",
				"HOUSE_BLK_NO" : "11",
				"STREET_NAME" : "JALAN PUTEH JERNEH",
				"D_TYPE" : "Terrace House",
				"NO_OF_UNITS" : 1,
				"INC_CRC" : "BA59DB1BA9987488",
				"FMEL_UPD_D" : "20241215232953"
			}
		},
		{
			"type" : "Feature",
			"geometry" : {
				"type" : "Point",
				"coordinates" : [ 103.7987899823739, 1.3090529301098157 ]
			},
			"properties" : {
				"OBJECTID" : 33312,
				"POSTAL_CODE" : "278035",
				"HOUSE_BLK_NO" : "12",
				"STREET_NAME" : "JALAN PUTEH JERNEH",
				"D_TYPE" : "Terrace House",
				"NO_OF_UNITS" : 1,
				"INC_CRC" : "DD5763E84BF42865",
				"FMEL_UPD_D" : "20241215232953"
			}
		},
		{
			"type" : "Feature",
			"geometry" : {
				"type" : "Point",
				"coordinates" : [ 103.79872806391981, 1.309082530007492 ]
			},
			"properties" : {
				"OBJECTID" : 33313,
				"POSTAL_CODE" : "278036",
				"HOUSE_BLK_NO" : "14",
				"STREET_NAME" : "JALAN PUTEH JERNEH",
				"D_TYPE" : "Terrace House",
				"NO_OF_UNITS" : 1,
				"INC_CRC" : "180C7FC6EFB150C3",
				"FMEL_UPD_D" : "20241215232953"
			}
		},
		{
			"type" : "Feature",
			"geometry" : {
				"type" : "Point",
				"coordinates" : [ 103.79859132873497, 1.308787273872724 ]
			},
			"properties" : {
				"OBJECTID" : 33314,
				"POSTAL_CODE" : "278037",
				"HOUSE_BLK_NO" : "15",
				"STREET_NAME" : "JALAN PUTEH JERNEH",
				"D_TYPE" : "Terrace House",
				"NO_OF_UNITS" : 1,
				"INC_CRC" : "3E5D75376EC1AD1D",
				"FMEL_UPD_D" : "20241215232953"
			}
		},
		{
			"type" : "Feature",
			"geometry" : {
				"type" : "Point",
				"coordinates" : [ 103.79868724786267, 1.3091123698536997 ]
			},
			"properties" : {
				"OBJECTID" : 33315,
				"POSTAL_CODE" : "278038",
				"HOUSE_BLK_NO" : "16",
				"STREET_NAME" : "JALAN PUTEH JERNEH",
				"D_TYPE" : "Terrace House",
				"NO_OF_UNITS" : 1,
				"INC_CRC" : "3F20516A9249C9A0",
				"FMEL_UPD_D" : "20241215232953"
			}
		},
		{
			"type" : "Feature",
			"geometry" : {
				"type" : "Point",
				"coordinates" : [ 103.79854774246776, 1.3088163865690687 ]
			},
			"properties" : {
				"OBJECTID" : 33316,
				"POSTAL_CODE" : "278039",
				"HOUSE_BLK_NO" : "17",
				"STREET_NAME" : "JALAN PUTEH JERNEH",
				"D_TYPE" : "Terrace House",
				"NO_OF_UNITS" : 1,
				"INC_CRC" : "F303DF0BC2E2EFC0",
				"FMEL_UPD_D" : "20241215232953"
			}
		},
		{
			"type" : "Feature",
			"geometry" : {
				"type" : "Point",
				"coordinates" : [ 103.79857251408289, 1.3091756177050178 ]
			},
			"properties" : {
				"OBJECTID" : 33317,
				"POSTAL_CODE" : "278040",
				"HOUSE_BLK_NO" : "18",
				"STREET_NAME" : "JALAN PUTEH JERNEH",
				"D_TYPE" : "Terrace House",
				"NO_OF_UNITS" : 1,
				"INC_CRC" : "777FD6EE5ED96714",
				"FMEL_UPD_D" : "20241215232953"
			}
		},
		{
			"type" : "Feature",
			"geometry" : {
				"type" : "Point",
				"coordinates" : [ 103.79849077414319, 1.3088441407219822 ]
			},
			"properties" : {
				"OBJECTID" : 33318,
				"POSTAL_CODE" : "278041",
				"HOUSE_BLK_NO" : "19",
				"STREET_NAME" : "JALAN PUTEH JERNEH",
				"D_TYPE" : "Terrace House",
				"NO_OF_UNITS" : 1,
				"INC_CRC" : "463F9898AED3C039",
				"FMEL_UPD_D" : "20241215232953"
			}
		},
		{
			"type" : "Feature",
			"geometry" : {
				"type" : "Point",
				"coordinates" : [ 103.79854458023657, 1.3092250589261285 ]
			},
			"properties" : {
				"OBJECTID" : 33319,
				"POSTAL_CODE" : "278042",
				"HOUSE_BLK_NO" : "20",
				"STREET_NAME" : "JALAN PUTEH JERNEH",
				"D_TYPE" : "Terrace House",
				"NO_OF_UNITS" : 1,
				"INC_CRC" : "E12F531299F406C7",
				"FMEL_UPD_D" : "20241215232953"
			}
		},
		{
			"type" : "Feature",
			"geometry" : {
				"type" : "Point",
				"coordinates" : [ 103.79840605774707, 1.308937545926392 ]
			},
			"properties" : {
				"OBJECTID" : 33320,
				"POSTAL_CODE" : "278043",
				"HOUSE_BLK_NO" : "21",
				"STREET_NAME" : "JALAN PUTEH JERNEH",
				"D_TYPE" : "Terrace House",
				"NO_OF_UNITS" : 1,
				"INC_CRC" : "47237D7042A81F1D",
				"FMEL_UPD_D" : "20241215232953"
			}
		},
		{
			"type" : "Feature",
			"geometry" : {
				"type" : "Point",
				"coordinates" : [ 103.79848579044754, 1.309259912315011 ]
			},
			"properties" : {
				"OBJECTID" : 33321,
				"POSTAL_CODE" : "278044",
				"HOUSE_BLK_NO" : "22",
				"STREET_NAME" : "JALAN PUTEH JERNEH",
				"D_TYPE" : "Terrace House",
				"NO_OF_UNITS" : 1,
				"INC_CRC" : "0E119BD05BA6FD72",
				"FMEL_UPD_D" : "20241215232953"
			}
		},
		{
			"type" : "Feature",
			"geometry" : {
				"type" : "Point",
				"coordinates" : [ 103.79834785297665, 1.308968150615686 ]
			},
			"properties" : {
				"OBJECTID" : 33322,
				"POSTAL_CODE" : "278045",
				"HOUSE_BLK_NO" : "23",
				"STREET_NAME" : "JALAN PUTEH JERNEH",
				"D_TYPE" : "Terrace House",
				"NO_OF_UNITS" : 1,
				"INC_CRC" : "DAE73DADE0265EB4",
				"FMEL_UPD_D" : "20241215232953"
			}
		},
		{
			"type" : "Feature",
			"geometry" : {
				"type" : "Point",
				"coordinates" : [ 103.79845269896809, 1.3093067552234394 ]
			},
			"properties" : {
				"OBJECTID" : 33323,
				"POSTAL_CODE" : "278046",
				"HOUSE_BLK_NO" : "24",
				"STREET_NAME" : "JALAN PUTEH JERNEH",
				"D_TYPE" : "Terrace House",
				"NO_OF_UNITS" : 1,
				"INC_CRC" : "1CE0037DA78B227E",
				"FMEL_UPD_D" : "20241215232953"
			}
		},
		{
			"type" : "Feature",
			"geometry" : {
				"type" : "Point",
				"coordinates" : [ 103.79831703927985, 1.309017740109627 ]
			},
			"properties" : {
				"OBJECTID" : 33324,
				"POSTAL_CODE" : "278047",
				"HOUSE_BLK_NO" : "25",
				"STREET_NAME" : "JALAN PUTEH JERNEH",
				"D_TYPE" : "Terrace House",
				"NO_OF_UNITS" : 1,
				"INC_CRC" : "BAD5AACF6CF763B9",
				"FMEL_UPD_D" : "20241215232953"
			}
		},
		{
			"type" : "Feature",
			"geometry" : {
				"type" : "Point",
				"coordinates" : [ 103.798402035655, 1.3093409195982026 ]
			},
			"properties" : {
				"OBJECTID" : 33325,
				"POSTAL_CODE" : "278048",
				"HOUSE_BLK_NO" : "26",
				"STREET_NAME" : "JALAN PUTEH JERNEH",
				"D_TYPE" : "Terrace House",
				"NO_OF_UNITS" : 1,
				"INC_CRC" : "FC893423FF675EF5",
				"FMEL_UPD_D" : "20241215232953"
			}
		},
		{
			"type" : "Feature",
			"geometry" : {
				"type" : "Point",
				"coordinates" : [ 103.79825939157651, 1.3090504908617018 ]
			},
			"properties" : {
				"OBJECTID" : 33326,
				"POSTAL_CODE" : "278049",
				"HOUSE_BLK_NO" : "27",
				"STREET_NAME" : "JALAN PUTEH JERNEH",
				"D_TYPE" : "Terrace House",
				"NO_OF_UNITS" : 1,
				"INC_CRC" : "6557861A450BB803",
				"FMEL_UPD_D" : "20241215232953"
			}
		},
		{
			"type" : "Feature",
			"geometry" : {
				"type" : "Point",
				"coordinates" : [ 103.79837075560113, 1.3093910055821731 ]
			},
			"properties" : {
				"OBJECTID" : 33327,
				"POSTAL_CODE" : "278050",
				"HOUSE_BLK_NO" : "28",
				"STREET_NAME" : "JALAN PUTEH JERNEH",
				"D_TYPE" : "Terrace House",
				"NO_OF_UNITS" : 1,
				"INC_CRC" : "984BEAA3C2CDA261",
				"FMEL_UPD_D" : "20241215232953"
			}
		},
		{
			"type" : "Feature",
			"geometry" : {
				"type" : "Point",
				"coordinates" : [ 103.79822785815922, 1.3090986957621507 ]
			},
			"properties" : {
				"OBJECTID" : 33328,
				"POSTAL_CODE" : "278051",
				"HOUSE_BLK_NO" : "29",
				"STREET_NAME" : "JALAN PUTEH JERNEH",
				"D_TYPE" : "Terrace House",
				"NO_OF_UNITS" : 1,
				"INC_CRC" : "EAF05623AFE5AA5A",
				"FMEL_UPD_D" : "20241215232953"
			}
		},
		{
			"type" : "Feature",
			"geometry" : {
				"type" : "Point",
				"coordinates" : [ 103.79831358412268, 1.3094235872257016 ]
			},
			"properties" : {
				"OBJECTID" : 33329,
				"POSTAL_CODE" : "278052",
				"HOUSE_BLK_NO" : "30",
				"STREET_NAME" : "JALAN PUTEH JERNEH",
				"D_TYPE" : "Terrace House",
				"NO_OF_UNITS" : 1,
				"INC_CRC" : "97CA48BAD86B0448",
				"FMEL_UPD_D" : "20241215232953"
			}
		},
		{
			"type" : "Feature",
			"geometry" : {
				"type" : "Point",
				"coordinates" : [ 103.79816934335864, 1.3091311145980271 ]
			},
			"properties" : {
				"OBJECTID" : 33330,
				"POSTAL_CODE" : "278053",
				"HOUSE_BLK_NO" : "31",
				"STREET_NAME" : "JALAN PUTEH JERNEH",
				"D_TYPE" : "Terrace House",
				"NO_OF_UNITS" : 1,
				"INC_CRC" : "E54C363D3E8DC316",
				"FMEL_UPD_D" : "20241215232953"
			}
		},
		{
			"type" : "Feature",
			"geometry" : {
				"type" : "Point",
				"coordinates" : [ 103.79828100115631, 1.3094747394359405 ]
			},
			"properties" : {
				"OBJECTID" : 33331,
				"POSTAL_CODE" : "278054",
				"HOUSE_BLK_NO" : "32",
				"STREET_NAME" : "JALAN PUTEH JERNEH",
				"D_TYPE" : "Terrace House",
				"NO_OF_UNITS" : 1,
				"INC_CRC" : "21FC11393173DC71",
				"FMEL_UPD_D" : "20241215232953"
			}
		},
		{
			"type" : "Feature",
			"geometry" : {
				"type" : "Point",
				"coordinates" : [ 103.79813813428413, 1.3091814935942268 ]
			},
			"properties" : {
				"OBJECTID" : 33332,
				"POSTAL_CODE" : "278055",
				"HOUSE_BLK_NO" : "33",
				"STREET_NAME" : "JALAN PUTEH JERNEH",
				"D_TYPE" : "Terrace House",
				"NO_OF_UNITS" : 1,
				"INC_CRC" : "748BCB7703207448",
				"FMEL_UPD_D" : "20241215232953"
			}
		},
		{
			"type" : "Feature",
			"geometry" : {
				"type" : "Point",
				"coordinates" : [ 103.79822225002788, 1.3095072631757079 ]
			},
			"properties" : {
				"OBJECTID" : 33333,
				"POSTAL_CODE" : "278056",
				"HOUSE_BLK_NO" : "34",
				"STREET_NAME" : "JALAN PUTEH JERNEH",
				"D_TYPE" : "Terrace House",
				"NO_OF_UNITS" : 1,
				"INC_CRC" : "65A45EC0A763200F",
				"FMEL_UPD_D" : "20241215232953"
			}
		},
		{
			"type" : "Feature",
			"geometry" : {
				"type" : "Point",
				"coordinates" : [ 103.79803956800451, 1.3092490274325101 ]
			},
			"properties" : {
				"OBJECTID" : 33334,
				"POSTAL_CODE" : "278057",
				"HOUSE_BLK_NO" : "35",
				"STREET_NAME" : "JALAN PUTEH JERNEH",
				"D_TYPE" : "Terrace House",
				"NO_OF_UNITS" : 1,
				"INC_CRC" : "68AF563FAF5F3201",
				"FMEL_UPD_D" : "20241215232953"
			}
		},
		{
			"type" : "Feature",
			"geometry" : {
				"type" : "Point",
				"coordinates" : [ 103.79819116048569, 1.309555545856951 ]
			},
			"properties" : {
				"OBJECTID" : 33335,
				"POSTAL_CODE" : "278058",
				"HOUSE_BLK_NO" : "36",
				"STREET_NAME" : "JALAN PUTEH JERNEH",
				"D_TYPE" : "Terrace House",
				"NO_OF_UNITS" : 1,
				"INC_CRC" : "7EE0B119687363B1",
				"FMEL_UPD_D" : "20241215232953"
			}
		},
		{
			"type" : "Feature",
			"geometry" : {
				"type" : "Point",
				"coordinates" : [ 103.79800957289132, 1.3092974900956305 ]
			},
			"properties" : {
				"OBJECTID" : 33336,
				"POSTAL_CODE" : "278059",
				"HOUSE_BLK_NO" : "37",
				"STREET_NAME" : "JALAN PUTEH JERNEH",
				"D_TYPE" : "Terrace House",
				"NO_OF_UNITS" : 1,
				"INC_CRC" : "69B88923C3DAB952",
				"FMEL_UPD_D" : "20241215232953"
			}
		},
		{
			"type" : "Feature",
			"geometry" : {
				"type" : "Point",
				"coordinates" : [ 103.7981042921436, 1.309640890417923 ]
			},
			"properties" : {
				"OBJECTID" : 33337,
				"POSTAL_CODE" : "278060",
				"HOUSE_BLK_NO" : "38",
				"STREET_NAME" : "JALAN PUTEH JERNEH",
				"D_TYPE" : "Terrace House",
				"NO_OF_UNITS" : 1,
				"INC_CRC" : "CCF8BAC4E919F3BD",
				"FMEL_UPD_D" : "20241215232953"
			}
		},
		{
			"type" : "Feature",
			"geometry" : {
				"type" : "Point",
				"coordinates" : [ 103.79795817806074, 1.3093383404180476 ]
			},
			"properties" : {
				"OBJECTID" : 33338,
				"POSTAL_CODE" : "278061",
				"HOUSE_BLK_NO" : "39",
				"STREET_NAME" : "JALAN PUTEH JERNEH",
				"D_TYPE" : "Terrace House",
				"NO_OF_UNITS" : 1,
				"INC_CRC" : "61124FE5B7F442C9",
				"FMEL_UPD_D" : "20241215232953"
			}
		},
		{
			"type" : "Feature",
			"geometry" : {
				"type" : "Point",
				"coordinates" : [ 103.79807647235099, 1.3096937311412096 ]
			},
			"properties" : {
				"OBJECTID" : 33339,
				"POSTAL_CODE" : "278062",
				"HOUSE_BLK_NO" : "40",
				"STREET_NAME" : "JALAN PUTEH JERNEH",
				"D_TYPE" : "Terrace House",
				"NO_OF_UNITS" : 1,
				"INC_CRC" : "A438B223394C11F0",
				"FMEL_UPD_D" : "20241215232953"
			}
		},
		{
			"type" : "Feature",
			"geometry" : {
				"type" : "Point",
				"coordinates" : [ 103.79792995826467, 1.3094018725319976 ]
			},
			"properties" : {
				"OBJECTID" : 33340,
				"POSTAL_CODE" : "278063",
				"HOUSE_BLK_NO" : "41",
				"STREET_NAME" : "JALAN PUTEH JERNEH",
				"D_TYPE" : "Terrace House",
				"NO_OF_UNITS" : 1,
				"INC_CRC" : "1141D50A1EB26DA8",
				"FMEL_UPD_D" : "20241215232953"
			}
		},
		{
			"type" : "Feature",
			"geometry" : {
				"type" : "Point",
				"coordinates" : [ 103.79802917849902, 1.3097337675947183 ]
			},
			"properties" : {
				"OBJECTID" : 33341,
				"POSTAL_CODE" : "278079",
				"HOUSE_BLK_NO" : "42",
				"STREET_NAME" : "JALAN PUTEH JERNEH",
				"D_TYPE" : "Terrace House",
				"NO_OF_UNITS" : 1,
				"INC_CRC" : "E11387BC517A705E",
				"FMEL_UPD_D" : "20241215232953"
			}
		},
		{
			"type" : "Feature",
			"geometry" : {
				"type" : "Point",
				"coordinates" : [ 103.79788126267722, 1.3094421694199492 ]
			},
			"properties" : {
				"OBJECTID" : 33342,
				"POSTAL_CODE" : "278064",
				"HOUSE_BLK_NO" : "43",
				"STREET_NAME" : "JALAN PUTEH JERNEH",
				"D_TYPE" : "Terrace House",
				"NO_OF_UNITS" : 1,
				"INC_CRC" : "130AEB35ADD75198",
				"FMEL_UPD_D" : "20241215232953"
			}
		},
		{
			"type" : "Feature",
			"geometry" : {
				"type" : "Point",
				"coordinates" : [ 103.79800064972893, 1.3097880516728337 ]
			},
			"properties" : {
				"OBJECTID" : 33343,
				"POSTAL_CODE" : "278065",
				"HOUSE_BLK_NO" : "44",
				"STREET_NAME" : "JALAN PUTEH JERNEH",
				"D_TYPE" : "Terrace House",
				"NO_OF_UNITS" : 1,
				"INC_CRC" : "1FCF01266542717C",
				"FMEL_UPD_D" : "20241215232953"
			}
		},
		{
			"type" : "Feature",
			"geometry" : {
				"type" : "Point",
				"coordinates" : [ 103.79785416618606, 1.309496969909064 ]
			},
			"properties" : {
				"OBJECTID" : 33344,
				"POSTAL_CODE" : "278066",
				"HOUSE_BLK_NO" : "45",
				"STREET_NAME" : "JALAN PUTEH JERNEH",
				"D_TYPE" : "Terrace House",
				"NO_OF_UNITS" : 1,
				"INC_CRC" : "3C9DADE987713652",
				"FMEL_UPD_D" : "20241215232953"
			}
		},
		{
			"type" : "Feature",
			"geometry" : {
				"type" : "Point",
				"coordinates" : [ 103.79795444849469, 1.3098290919849733 ]
			},
			"properties" : {
				"OBJECTID" : 33345,
				"POSTAL_CODE" : "278067",
				"HOUSE_BLK_NO" : "46",
				"STREET_NAME" : "JALAN PUTEH JERNEH",
				"D_TYPE" : "Terrace House",
				"NO_OF_UNITS" : 1,
				"INC_CRC" : "AF821E42401A809C",
				"FMEL_UPD_D" : "20241215232953"
			}
		},
		{
			"type" : "Feature",
			"geometry" : {
				"type" : "Point",
				"coordinates" : [ 103.79780804135679, 1.3095362177691967 ]
			},
			"properties" : {
				"OBJECTID" : 33346,
				"POSTAL_CODE" : "278068",
				"HOUSE_BLK_NO" : "47",
				"STREET_NAME" : "JALAN PUTEH JERNEH",
				"D_TYPE" : "Terrace House",
				"NO_OF_UNITS" : 1,
				"INC_CRC" : "30560743FA0AE13E",
				"FMEL_UPD_D" : "20241215232953"
			}
		},
		{
			"type" : "Feature",
			"geometry" : {
				"type" : "Point",
				"coordinates" : [ 103.79792456650392, 1.3098836717700875 ]
			},
			"properties" : {
				"OBJECTID" : 33347,
				"POSTAL_CODE" : "278069",
				"HOUSE_BLK_NO" : "48",
				"STREET_NAME" : "JALAN PUTEH JERNEH",
				"D_TYPE" : "Terrace House",
				"NO_OF_UNITS" : 1,
				"INC_CRC" : "AC4B360983872A61",
				"FMEL_UPD_D" : "20241215232953"
			}
		},
		{
			"type" : "Feature",
			"geometry" : {
				"type" : "Point",
				"coordinates" : [ 103.79771642778266, 1.3096206298487756 ]
			},
			"properties" : {
				"OBJECTID" : 33348,
				"POSTAL_CODE" : "278070",
				"HOUSE_BLK_NO" : "49",
				"STREET_NAME" : "JALAN PUTEH JERNEH",
				"D_TYPE" : "Terrace House",
				"NO_OF_UNITS" : 1,
				"INC_CRC" : "7349A5653A2CDFD0",
				"FMEL_UPD_D" : "20241215232953"
			}
		},
		{
			"type" : "Feature",
			"geometry" : {
				"type" : "Point",
				"coordinates" : [ 103.79788000063786, 1.3099237769910341 ]
			},
			"properties" : {
				"OBJECTID" : 33349,
				"POSTAL_CODE" : "278071",
				"HOUSE_BLK_NO" : "50",
				"STREET_NAME" : "JALAN PUTEH JERNEH",
				"D_TYPE" : "Terrace House",
				"NO_OF_UNITS" : 1,
				"INC_CRC" : "C504CB77E3C52BBE",
				"FMEL_UPD_D" : "20241215232953"
			}
		},
		{
			"type" : "Feature",
			"geometry" : {
				"type" : "Point",
				"coordinates" : [ 103.79767142346803, 1.309657802205583 ]
			},
			"properties" : {
				"OBJECTID" : 33350,
				"POSTAL_CODE" : "278080",
				"HOUSE_BLK_NO" : "51",
				"STREET_NAME" : "JALAN PUTEH JERNEH",
				"D_TYPE" : "Terrace House",
				"NO_OF_UNITS" : 1,
				"INC_CRC" : "FD3B6655513156CD",
				"FMEL_UPD_D" : "20241215232953"
			}
		},
		{
			"type" : "Feature",
			"geometry" : {
				"type" : "Point",
				"coordinates" : [ 103.79785152757827, 1.3099776396341216 ]
			},
			"properties" : {
				"OBJECTID" : 33351,
				"POSTAL_CODE" : "278072",
				"HOUSE_BLK_NO" : "52",
				"STREET_NAME" : "JALAN PUTEH JERNEH",
				"D_TYPE" : "Terrace House",
				"NO_OF_UNITS" : 1,
				"INC_CRC" : "70E3020EA3B77510",
				"FMEL_UPD_D" : "20241215232953"
			}
		},
		{
			"type" : "Feature",
			"geometry" : {
				"type" : "Point",
				"coordinates" : [ 103.79764379502978, 1.3097125710317497 ]
			},
			"properties" : {
				"OBJECTID" : 33352,
				"POSTAL_CODE" : "278073",
				"HOUSE_BLK_NO" : "53",
				"STREET_NAME" : "JALAN PUTEH JERNEH",
				"D_TYPE" : "Terrace House",
				"NO_OF_UNITS" : 1,
				"INC_CRC" : "99015C4831FD86C5",
				"FMEL_UPD_D" : "20241215232953"
			}
		},
		{
			"type" : "Feature",
			"geometry" : {
				"type" : "Point",
				"coordinates" : [ 103.79759498261969, 1.3097529257913714 ]
			},
			"properties" : {
				"OBJECTID" : 33353,
				"POSTAL_CODE" : "278074",
				"HOUSE_BLK_NO" : "55",
				"STREET_NAME" : "JALAN PUTEH JERNEH",
				"D_TYPE" : "Terrace House",
				"NO_OF_UNITS" : 1,
				"INC_CRC" : "8B9EDA3DA39B4962",
				"FMEL_UPD_D" : "20241215232953"
			}
		},
		{
			"type" : "Feature",
			"geometry" : {
				"type" : "Point",
				"coordinates" : [ 103.79756880713556, 1.3098073961971368 ]
			},
			"properties" : {
				"OBJECTID" : 33354,
				"POSTAL_CODE" : "278075",
				"HOUSE_BLK_NO" : "57",
				"STREET_NAME" : "JALAN PUTEH JERNEH",
				"D_TYPE" : "Terrace House",
				"NO_OF_UNITS" : 1,
				"INC_CRC" : "3F64D20BE0E1B7A2",
				"FMEL_UPD_D" : "20241215232953"
			}
		},
		{
			"type" : "Feature",
			"geometry" : {
				"type" : "Point",
				"coordinates" : [ 103.79751746359568, 1.3098418408964123 ]
			},
			"properties" : {
				"OBJECTID" : 33355,
				"POSTAL_CODE" : "278076",
				"HOUSE_BLK_NO" : "59",
				"STREET_NAME" : "JALAN PUTEH JERNEH",
				"D_TYPE" : "Terrace House",
				"NO_OF_UNITS" : 1,
				"INC_CRC" : "A683E409AD9A709D",
				"FMEL_UPD_D" : "20241215232953"
			}
		},
		{
			"type" : "Feature",
			"geometry" : {
				"type" : "Point",
				"coordinates" : [ 103.7974893867524, 1.309898298162809 ]
			},
			"properties" : {
				"OBJECTID" : 33356,
				"POSTAL_CODE" : "278077",
				"HOUSE_BLK_NO" : "61",
				"STREET_NAME" : "JALAN PUTEH JERNEH",
				"D_TYPE" : "Terrace House",
				"NO_OF_UNITS" : 1,
				"INC_CRC" : "6646EB8F1C752665",
				"FMEL_UPD_D" : "20241215232953"
			}
		},
		{
			"type" : "Feature",
			"geometry" : {
				"type" : "Point",
				"coordinates" : [ 103.79851384116277, 1.3118741068834638 ]
			},
			"properties" : {
				"OBJECTID" : 33357,
				"POSTAL_CODE" : "277975",
				"HOUSE_BLK_NO" : "1",
				"STREET_NAME" : "JALAN RUMIA",
				"D_TYPE" : "Terrace House",
				"NO_OF_UNITS" : 1,
				"INC_CRC" : "025DCF820E4A8C90",
				"FMEL_UPD_D" : "20241215232953"
			}
		},
		{
			"type" : "Feature",
			"geometry" : {
				"type" : "Point",
				"coordinates" : [ 103.7984935796141, 1.3118211334461891 ]
			},
			"properties" : {
				"OBJECTID" : 33358,
				"POSTAL_CODE" : "277976",
				"HOUSE_BLK_NO" : "3",
				"STREET_NAME" : "JALAN RUMIA",
				"D_TYPE" : "Terrace House",
				"NO_OF_UNITS" : 1,
				"INC_CRC" : "3848A91AB2D696AF",
				"FMEL_UPD_D" : "20241215232953"
			}
		},
		{
			"type" : "Feature",
			"geometry" : {
				"type" : "Point",
				"coordinates" : [ 103.79845276009763, 1.3117728895470637 ]
			},
			"properties" : {
				"OBJECTID" : 33359,
				"POSTAL_CODE" : "277977",
				"HOUSE_BLK_NO" : "5",
				"STREET_NAME" : "JALAN RUMIA",
				"D_TYPE" : "Terrace House",
				"NO_OF_UNITS" : 1,
				"INC_CRC" : "38AC2FF302041C8E",
				"FMEL_UPD_D" : "20241215232953"
			}
		},
		{
			"type" : "Feature",
			"geometry" : {
				"type" : "Point",
				"coordinates" : [ 103.79842891066268, 1.3117186282438296 ]
			},
			"properties" : {
				"OBJECTID" : 33360,
				"POSTAL_CODE" : "277978",
				"HOUSE_BLK_NO" : "7",
				"STREET_NAME" : "JALAN RUMIA",
				"D_TYPE" : "Terrace House",
				"NO_OF_UNITS" : 1,
				"INC_CRC" : "9732A0153EAC076F",
				"FMEL_UPD_D" : "20241215232953"
			}
		},
		{
			"type" : "Feature",
			"geometry" : {
				"type" : "Point",
				"coordinates" : [ 103.79839239515334, 1.3116736563950964 ]
			},
			"properties" : {
				"OBJECTID" : 33361,
				"POSTAL_CODE" : "277979",
				"HOUSE_BLK_NO" : "9",
				"STREET_NAME" : "JALAN RUMIA",
				"D_TYPE" : "Terrace House",
				"NO_OF_UNITS" : 1,
				"INC_CRC" : "4DCC4B939CC9A447",
				"FMEL_UPD_D" : "20241215232953"
			}
		},
		{
			"type" : "Feature",
			"geometry" : {
				"type" : "Point",
				"coordinates" : [ 103.79836969856675, 1.3116188307840293 ]
			},
			"properties" : {
				"OBJECTID" : 33362,
				"POSTAL_CODE" : "277980",
				"HOUSE_BLK_NO" : "11",
				"STREET_NAME" : "JALAN RUMIA",
				"D_TYPE" : "Terrace House",
				"NO_OF_UNITS" : 1,
				"INC_CRC" : "1AA0EB874DC03294",
				"FMEL_UPD_D" : "20241215232953"
			}
		},
		{
			"type" : "Feature",
			"geometry" : {
				"type" : "Point",
				"coordinates" : [ 103.79833207156729, 1.3115729635979119 ]
			},
			"properties" : {
				"OBJECTID" : 33363,
				"POSTAL_CODE" : "277982",
				"HOUSE_BLK_NO" : "15",
				"STREET_NAME" : "JALAN RUMIA",
				"D_TYPE" : "Terrace House",
				"NO_OF_UNITS" : 1,
				"INC_CRC" : "E02AE7AD3FEB4EEF",
				"FMEL_UPD_D" : "20241215232953"
			}
		},
		{
			"type" : "Feature",
			"geometry" : {
				"type" : "Point",
				"coordinates" : [ 103.79830935431575, 1.3115181732562364 ]
			},
			"properties" : {
				"OBJECTID" : 33364,
				"POSTAL_CODE" : "277984",
				"HOUSE_BLK_NO" : "17",
				"STREET_NAME" : "JALAN RUMIA",
				"D_TYPE" : "Terrace House",
				"NO_OF_UNITS" : 1,
				"INC_CRC" : "1AE7C20C93D67E38",
				"FMEL_UPD_D" : "20241215232953"
			}
		},
		{
			"type" : "Feature",
			"geometry" : {
				"type" : "Point",
				"coordinates" : [ 103.79827095276667, 1.3114725231058129 ]
			},
			"properties" : {
				"OBJECTID" : 33365,
				"POSTAL_CODE" : "277986",
				"HOUSE_BLK_NO" : "19",
				"STREET_NAME" : "JALAN RUMIA",
				"D_TYPE" : "Terrace House",
				"NO_OF_UNITS" : 1,
				"INC_CRC" : "5013F0413F9E4D98",
				"FMEL_UPD_D" : "20241215232953"
			}
		},
		{
			"type" : "Feature",
			"geometry" : {
				"type" : "Point",
				"coordinates" : [ 103.79824822113397, 1.3114182039373228 ]
			},
			"properties" : {
				"OBJECTID" : 33366,
				"POSTAL_CODE" : "277988",
				"HOUSE_BLK_NO" : "21",
				"STREET_NAME" : "JALAN RUMIA",
				"D_TYPE" : "Terrace House",
				"NO_OF_UNITS" : 1,
				"INC_CRC" : "9AFD56816E8CD070",
				"FMEL_UPD_D" : "20241215232953"
			}
		},
		{
			"type" : "Feature",
			"geometry" : {
				"type" : "Point",
				"coordinates" : [ 103.79817593709512, 1.3113089529660096 ]
			},
			"properties" : {
				"OBJECTID" : 33367,
				"POSTAL_CODE" : "277989",
				"HOUSE_BLK_NO" : "23",
				"STREET_NAME" : "JALAN RUMIA",
				"D_TYPE" : "Terrace House",
				"NO_OF_UNITS" : 1,
				"INC_CRC" : "6DF36096EA140C0A",
				"FMEL_UPD_D" : "20241215232953"
			}
		},
		{
			"type" : "Feature",
			"geometry" : {
				"type" : "Point",
				"coordinates" : [ 103.79814622999167, 1.3112574679765205 ]
			},
			"properties" : {
				"OBJECTID" : 33368,
				"POSTAL_CODE" : "277990",
				"HOUSE_BLK_NO" : "25",
				"STREET_NAME" : "JALAN RUMIA",
				"D_TYPE" : "Terrace House",
				"NO_OF_UNITS" : 1,
				"INC_CRC" : "07ECA82966EC6804",
				"FMEL_UPD_D" : "20241215232953"
			}
		},
		{
			"type" : "Feature",
			"geometry" : {
				"type" : "Point",
				"coordinates" : [ 103.79809082601504, 1.3112185107848993 ]
			},
			"properties" : {
				"OBJECTID" : 33369,
				"POSTAL_CODE" : "277991",
				"HOUSE_BLK_NO" : "27",
				"STREET_NAME" : "JALAN RUMIA",
				"D_TYPE" : "Terrace House",
				"NO_OF_UNITS" : 1,
				"INC_CRC" : "B28267F83F678C18",
				"FMEL_UPD_D" : "20241215232953"
			}
		},
		{
			"type" : "Feature",
			"geometry" : {
				"type" : "Point",
				"coordinates" : [ 103.79804859376911, 1.3111865562736351 ]
			},
			"properties" : {
				"OBJECTID" : 33370,
				"POSTAL_CODE" : "277992",
				"HOUSE_BLK_NO" : "29",
				"STREET_NAME" : "JALAN RUMIA",
				"D_TYPE" : "Terrace House",
				"NO_OF_UNITS" : 1,
				"INC_CRC" : "8F1269FBB92713BB",
				"FMEL_UPD_D" : "20241215232953"
			}
		},
		{
			"type" : "Feature",
			"geometry" : {
				"type" : "Point",
				"coordinates" : [ 103.79798399852751, 1.3111484816091228 ]
			},
			"properties" : {
				"OBJECTID" : 33371,
				"POSTAL_CODE" : "277993",
				"HOUSE_BLK_NO" : "31",
				"STREET_NAME" : "JALAN RUMIA",
				"D_TYPE" : "Terrace House",
				"NO_OF_UNITS" : 1,
				"INC_CRC" : "A2F430D6F935E08B",
				"FMEL_UPD_D" : "20241215232953"
			}
		},
		{
			"type" : "Feature",
			"geometry" : {
				"type" : "Point",
				"coordinates" : [ 103.7979360880605, 1.3111374485847893 ]
			},
			"properties" : {
				"OBJECTID" : 33372,
				"POSTAL_CODE" : "277994",
				"HOUSE_BLK_NO" : "33",
				"STREET_NAME" : "JALAN RUMIA",
				"D_TYPE" : "Terrace House",
				"NO_OF_UNITS" : 1,
				"INC_CRC" : "253BA8390A6280E9",
				"FMEL_UPD_D" : "20241215232953"
			}
		},
		{
			"type" : "Feature",
			"geometry" : {
				"type" : "Point",
				"coordinates" : [ 103.79787376434861, 1.3110997040428578 ]
			},
			"properties" : {
				"OBJECTID" : 33373,
				"POSTAL_CODE" : "277995",
				"HOUSE_BLK_NO" : "35",
				"STREET_NAME" : "JALAN RUMIA",
				"D_TYPE" : "Terrace House",
				"NO_OF_UNITS" : 1,
				"INC_CRC" : "C0102D2F6F86A0A8",
				"FMEL_UPD_D" : "20241215232953"
			}
		},
		{
			"type" : "Feature",
			"geometry" : {
				"type" : "Point",
				"coordinates" : [ 103.7978315237777, 1.3110849885249076 ]
			},
			"properties" : {
				"OBJECTID" : 33374,
				"POSTAL_CODE" : "277996",
				"HOUSE_BLK_NO" : "37",
				"STREET_NAME" : "JALAN RUMIA",
				"D_TYPE" : "Terrace House",
				"NO_OF_UNITS" : 1,
				"INC_CRC" : "6B5ADA4D71D43B05",
				"FMEL_UPD_D" : "20241215232953"
			}
		},
		{
			"type" : "Feature",
			"geometry" : {
				"type" : "Point",
				"coordinates" : [ 103.79770208664635, 1.311041362841919 ]
			},
			"properties" : {
				"OBJECTID" : 33375,
				"POSTAL_CODE" : "277997",
				"HOUSE_BLK_NO" : "39",
				"STREET_NAME" : "JALAN RUMIA",
				"D_TYPE" : "Terrace House",
				"NO_OF_UNITS" : 1,
				"INC_CRC" : "43E297FA7862C36F",
				"FMEL_UPD_D" : "20241215232953"
			}
		},
		{
			"type" : "Feature",
			"geometry" : {
				"type" : "Point",
				"coordinates" : [ 103.7976556685596, 1.3110382855285554 ]
			},
			"properties" : {
				"OBJECTID" : 33376,
				"POSTAL_CODE" : "277998",
				"HOUSE_BLK_NO" : "41",
				"STREET_NAME" : "JALAN RUMIA",
				"D_TYPE" : "Terrace House",
				"NO_OF_UNITS" : 1,
				"INC_CRC" : "5F0C9B431D891774",
				"FMEL_UPD_D" : "20241215232953"
			}
		},
		{
			"type" : "Feature",
			"geometry" : {
				"type" : "Point",
				"coordinates" : [ 103.79759318932135, 1.3110064808438586 ]
			},
			"properties" : {
				"OBJECTID" : 33377,
				"POSTAL_CODE" : "277999",
				"HOUSE_BLK_NO" : "43",
				"STREET_NAME" : "JALAN RUMIA",
				"D_TYPE" : "Terrace House",
				"NO_OF_UNITS" : 1,
				"INC_CRC" : "AE97C1EB2DD50D75",
				"FMEL_UPD_D" : "20241215232953"
			}
		},
		{
			"type" : "Feature",
			"geometry" : {
				"type" : "Point",
				"coordinates" : [ 103.79753991978703, 1.3110044054658487 ]
			},
			"properties" : {
				"OBJECTID" : 33378,
				"POSTAL_CODE" : "278000",
				"HOUSE_BLK_NO" : "45",
				"STREET_NAME" : "JALAN RUMIA",
				"D_TYPE" : "Terrace House",
				"NO_OF_UNITS" : 1,
				"INC_CRC" : "22A488B866FEE6C4",
				"FMEL_UPD_D" : "20241215232953"
			}
		},
		{
			"type" : "Feature",
			"geometry" : {
				"type" : "Point",
				"coordinates" : [ 103.79747591388778, 1.3109746437158085 ]
			},
			"properties" : {
				"OBJECTID" : 33379,
				"POSTAL_CODE" : "278001",
				"HOUSE_BLK_NO" : "47",
				"STREET_NAME" : "JALAN RUMIA",
				"D_TYPE" : "Terrace House",
				"NO_OF_UNITS" : 1,
				"INC_CRC" : "BE5461FD728BC769",
				"FMEL_UPD_D" : "20241215232953"
			}
		},
		{
			"type" : "Feature",
			"geometry" : {
				"type" : "Point",
				"coordinates" : [ 103.79741989831204, 1.3109779962916739 ]
			},
			"properties" : {
				"OBJECTID" : 33380,
				"POSTAL_CODE" : "278002",
				"HOUSE_BLK_NO" : "49",
				"STREET_NAME" : "JALAN RUMIA",
				"D_TYPE" : "Terrace House",
				"NO_OF_UNITS" : 1,
				"INC_CRC" : "0C29670851CB0F2D",
				"FMEL_UPD_D" : "20241215232953"
			}
		},
		{
			"type" : "Feature",
			"geometry" : {
				"type" : "Point",
				"coordinates" : [ 103.79735469098709, 1.3109530140878431 ]
			},
			"properties" : {
				"OBJECTID" : 33381,
				"POSTAL_CODE" : "278003",
				"HOUSE_BLK_NO" : "51",
				"STREET_NAME" : "JALAN RUMIA",
				"D_TYPE" : "Terrace House",
				"NO_OF_UNITS" : 1,
				"INC_CRC" : "1AE089B09D954762",
				"FMEL_UPD_D" : "20241215232953"
			}
		},
		{
			"type" : "Feature",
			"geometry" : {
				"type" : "Point",
				"coordinates" : [ 103.79729929178137, 1.3109588003149024 ]
			},
			"properties" : {
				"OBJECTID" : 33382,
				"POSTAL_CODE" : "278004",
				"HOUSE_BLK_NO" : "53",
				"STREET_NAME" : "JALAN RUMIA",
				"D_TYPE" : "Terrace House",
				"NO_OF_UNITS" : 1,
				"INC_CRC" : "29C579F7938E11B2",
				"FMEL_UPD_D" : "20241215232953"
			}
		},
		{
			"type" : "Feature",
			"geometry" : {
				"type" : "Point",
				"coordinates" : [ 103.79716346187081, 1.3109514196338392 ]
			},
			"properties" : {
				"OBJECTID" : 33383,
				"POSTAL_CODE" : "278005",
				"HOUSE_BLK_NO" : "55",
				"STREET_NAME" : "JALAN RUMIA",
				"D_TYPE" : "Terrace House",
				"NO_OF_UNITS" : 1,
				"INC_CRC" : "BD5F2371C28AED33",
				"FMEL_UPD_D" : "20241215232953"
			}
		},
		{
			"type" : "Feature",
			"geometry" : {
				"type" : "Point",
				"coordinates" : [ 103.79710670790887, 1.3109394260300113 ]
			},
			"properties" : {
				"OBJECTID" : 33384,
				"POSTAL_CODE" : "278006",
				"HOUSE_BLK_NO" : "57",
				"STREET_NAME" : "JALAN RUMIA",
				"D_TYPE" : "Terrace House",
				"NO_OF_UNITS" : 1,
				"INC_CRC" : "D278EA9F0CB8994B",
				"FMEL_UPD_D" : "20241215232953"
			}
		},
		{
			"type" : "Feature",
			"geometry" : {
				"type" : "Point",
				"coordinates" : [ 103.79704174431627, 1.310961478917067 ]
			},
			"properties" : {
				"OBJECTID" : 33385,
				"POSTAL_CODE" : "278007",
				"HOUSE_BLK_NO" : "59",
				"STREET_NAME" : "JALAN RUMIA",
				"D_TYPE" : "Terrace House",
				"NO_OF_UNITS" : 1,
				"INC_CRC" : "771D6F086854CC4C",
				"FMEL_UPD_D" : "20241215232953"
			}
		},
		{
			"type" : "Feature",
			"geometry" : {
				"type" : "Point",
				"coordinates" : [ 103.79697959359925, 1.310954471897709 ]
			},
			"properties" : {
				"OBJECTID" : 33386,
				"POSTAL_CODE" : "278008",
				"HOUSE_BLK_NO" : "61",
				"STREET_NAME" : "JALAN RUMIA",
				"D_TYPE" : "Terrace House",
				"NO_OF_UNITS" : 1,
				"INC_CRC" : "1CD7AA7A50279A1D",
				"FMEL_UPD_D" : "20241215232953"
			}
		},
		{
			"type" : "Feature",
			"geometry" : {
				"type" : "Point",
				"coordinates" : [ 103.79691521924553, 1.3109908969512916 ]
			},
			"properties" : {
				"OBJECTID" : 33387,
				"POSTAL_CODE" : "278009",
				"HOUSE_BLK_NO" : "63",
				"STREET_NAME" : "JALAN RUMIA",
				"D_TYPE" : "Terrace House",
				"NO_OF_UNITS" : 1,
				"INC_CRC" : "30D24874E5708EEB",
				"FMEL_UPD_D" : "20241215232953"
			}
		},
		{
			"type" : "Feature",
			"geometry" : {
				"type" : "Point",
				"coordinates" : [ 103.7968649140404, 1.31098774179098 ]
			},
			"properties" : {
				"OBJECTID" : 33388,
				"POSTAL_CODE" : "278010",
				"HOUSE_BLK_NO" : "65",
				"STREET_NAME" : "JALAN RUMIA",
				"D_TYPE" : "Terrace House",
				"NO_OF_UNITS" : 1,
				"INC_CRC" : "BF256CC260FFDAD7",
				"FMEL_UPD_D" : "20241215232953"
			}
		},
		{
			"type" : "Feature",
			"geometry" : {
				"type" : "Point",
				"coordinates" : [ 103.79680213997895, 1.3110255894304303 ]
			},
			"properties" : {
				"OBJECTID" : 33389,
				"POSTAL_CODE" : "278011",
				"HOUSE_BLK_NO" : "67",
				"STREET_NAME" : "JALAN RUMIA",
				"D_TYPE" : "Terrace House",
				"NO_OF_UNITS" : 1,
				"INC_CRC" : "EB95D10450EABBC5",
				"FMEL_UPD_D" : "20241215232953"
			}
		},
		{
			"type" : "Feature",
			"geometry" : {
				"type" : "Point",
				"coordinates" : [ 103.79675501379445, 1.3110254892579647 ]
			},
			"properties" : {
				"OBJECTID" : 33390,
				"POSTAL_CODE" : "278012",
				"HOUSE_BLK_NO" : "69",
				"STREET_NAME" : "JALAN RUMIA",
				"D_TYPE" : "Terrace House",
				"NO_OF_UNITS" : 1,
				"INC_CRC" : "59B79842717636DE",
				"FMEL_UPD_D" : "20241215232953"
			}
		},
		{
			"type" : "Feature",
			"geometry" : {
				"type" : "Point",
				"coordinates" : [ 103.90003246293277, 1.3038686967611797 ]
			},
			"properties" : {
				"OBJECTID" : 33391,
				"POSTAL_CODE" : "438217",
				"HOUSE_BLK_NO" : "2",
				"STREET_NAME" : "JALAN TEMBUSU",
				"D_TYPE" : "Terrace House",
				"NO_OF_UNITS" : 1,
				"INC_CRC" : "8B7441C78D6EBE30",
				"FMEL_UPD_D" : "20241215232953"
			}
		},
		{
			"type" : "Feature",
			"geometry" : {
				"type" : "Point",
				"coordinates" : [ 103.89994360407528, 1.3038394926880976 ]
			},
			"properties" : {
				"OBJECTID" : 33392,
				"POSTAL_CODE" : "438219",
				"HOUSE_BLK_NO" : "4",
				"STREET_NAME" : "JALAN TEMBUSU",
				"D_TYPE" : "Terrace House",
				"NO_OF_UNITS" : 1,
				"INC_CRC" : "E390C17D4D6449BD",
				"FMEL_UPD_D" : "20241215232953"
			}
		},
		{
			"type" : "Feature",
			"geometry" : {
				"type" : "Point",
				"coordinates" : [ 103.89985923396236, 1.3037611263521576 ]
			},
			"properties" : {
				"OBJECTID" : 33393,
				"POSTAL_CODE" : "438221",
				"HOUSE_BLK_NO" : "6",
				"STREET_NAME" : "JALAN TEMBUSU",
				"D_TYPE" : "Terrace House",
				"NO_OF_UNITS" : 1,
				"INC_CRC" : "BFBE7CB29E42552A",
				"FMEL_UPD_D" : "20241215232953"
			}
		},
		{
			"type" : "Feature",
			"geometry" : {
				"type" : "Point",
				"coordinates" : [ 103.89976834239908, 1.3037585395726612 ]
			},
			"properties" : {
				"OBJECTID" : 33394,
				"POSTAL_CODE" : "438223",
				"HOUSE_BLK_NO" : "8",
				"STREET_NAME" : "JALAN TEMBUSU",
				"D_TYPE" : "Terrace House",
				"NO_OF_UNITS" : 1,
				"INC_CRC" : "5247268235540006",
				"FMEL_UPD_D" : "20241215232953"
			}
		},
		{
			"type" : "Feature",
			"geometry" : {
				"type" : "Point",
				"coordinates" : [ 103.89968409263285, 1.3037119616275967 ]
			},
			"properties" : {
				"OBJECTID" : 33395,
				"POSTAL_CODE" : "438225",
				"HOUSE_BLK_NO" : "10",
				"STREET_NAME" : "JALAN TEMBUSU",
				"D_TYPE" : "Terrace House",
				"NO_OF_UNITS" : 1,
				"INC_CRC" : "53FB80E66F381FE5",
				"FMEL_UPD_D" : "20241215232953"
			}
		},
		{
			"type" : "Feature",
			"geometry" : {
				"type" : "Point",
				"coordinates" : [ 103.89959459213783, 1.3036795117956073 ]
			},
			"properties" : {
				"OBJECTID" : 33396,
				"POSTAL_CODE" : "438227",
				"HOUSE_BLK_NO" : "12",
				"STREET_NAME" : "JALAN TEMBUSU",
				"D_TYPE" : "Terrace House",
				"NO_OF_UNITS" : 1,
				"INC_CRC" : "1B059ED926FCC4BB",
				"FMEL_UPD_D" : "20241215232953"
			}
		},
		{
			"type" : "Feature",
			"geometry" : {
				"type" : "Point",
				"coordinates" : [ 103.81384846932525, 1.2968613705353338 ]
			},
			"properties" : {
				"OBJECTID" : 33397,
				"POSTAL_CODE" : "248924",
				"HOUSE_BLK_NO" : "6",
				"STREET_NAME" : "KAY SIANG ROAD",
				"D_TYPE" : "Detached House",
				"NO_OF_UNITS" : 1,
				"INC_CRC" : "DB674E01578C4616",
				"FMEL_UPD_D" : "20241215232953"
			}
		},
		{
			"type" : "Feature",
			"geometry" : {
				"type" : "Point",
				"coordinates" : [ 103.81290712212453, 1.2974609831329376 ]
			},
			"properties" : {
				"OBJECTID" : 33398,
				"POSTAL_CODE" : "248925",
				"HOUSE_BLK_NO" : "8",
				"STREET_NAME" : "KAY SIANG ROAD",
				"D_TYPE" : "Detached House",
				"NO_OF_UNITS" : 1,
				"INC_CRC" : "1239B34B58B06B52",
				"FMEL_UPD_D" : "20241215232953"
			}
		},
		{
			"type" : "Feature",
			"geometry" : {
				"type" : "Point",
				"coordinates" : [ 103.81215321967524, 1.2977519589686464 ]
			},
			"properties" : {
				"OBJECTID" : 33399,
				"POSTAL_CODE" : "248926",
				"HOUSE_BLK_NO" : "10",
				"STREET_NAME" : "KAY SIANG ROAD",
				"D_TYPE" : "Detached House",
				"NO_OF_UNITS" : 1,
				"INC_CRC" : "E3D0C443839AB8AC",
				"FMEL_UPD_D" : "20241215232953"
			}
		},
		{
			"type" : "Feature",
			"geometry" : {
				"type" : "Point",
				"coordinates" : [ 103.81139833010816, 1.297770341847163 ]
			},
			"properties" : {
				"OBJECTID" : 33400,
				"POSTAL_CODE" : "248928",
				"HOUSE_BLK_NO" : "11",
				"STREET_NAME" : "KAY SIANG ROAD",
				"D_TYPE" : "Detached House",
				"NO_OF_UNITS" : 1,
				"INC_CRC" : "13324F6783C6F369",
				"FMEL_UPD_D" : "20241215232953"
			}
		},
		{
			"type" : "Feature",
			"geometry" : {
				"type" : "Point",
				"coordinates" : [ 103.81170882296942, 1.2985074343671177 ]
			},
			"properties" : {
				"OBJECTID" : 33401,
				"POSTAL_CODE" : "248929",
				"HOUSE_BLK_NO" : "12",
				"STREET_NAME" : "KAY SIANG ROAD",
				"D_TYPE" : "Detached House",
				"NO_OF_UNITS" : 1,
				"INC_CRC" : "C474A45300A6DE6C",
				"FMEL_UPD_D" : "20241215232953"
			}
		},
		{
			"type" : "Feature",
			"geometry" : {
				"type" : "Point",
				"coordinates" : [ 103.81098281751268, 1.2988638309229195 ]
			},
			"properties" : {
				"OBJECTID" : 33402,
				"POSTAL_CODE" : "248930",
				"HOUSE_BLK_NO" : "14",
				"STREET_NAME" : "KAY SIANG ROAD",
				"D_TYPE" : "Detached House",
				"NO_OF_UNITS" : 1,
				"INC_CRC" : "708C50D1A5964269",
				"FMEL_UPD_D" : "20241215232953"
			}
		},
		{
			"type" : "Feature",
			"geometry" : {
				"type" : "Point",
				"coordinates" : [ 103.81094933394421, 1.297763264852034 ]
			},
			"properties" : {
				"OBJECTID" : 33403,
				"POSTAL_CODE" : "248931",
				"HOUSE_BLK_NO" : "15",
				"STREET_NAME" : "KAY SIANG ROAD",
				"D_TYPE" : "Detached House",
				"NO_OF_UNITS" : 1,
				"INC_CRC" : "5116554903A2EF9E",
				"FMEL_UPD_D" : "20241215232953"
			}
		},
		{
			"type" : "Feature",
			"geometry" : {
				"type" : "Point",
				"coordinates" : [ 103.81010173935128, 1.2988123166422492 ]
			},
			"properties" : {
				"OBJECTID" : 33404,
				"POSTAL_CODE" : "248932",
				"HOUSE_BLK_NO" : "16",
				"STREET_NAME" : "KAY SIANG ROAD",
				"D_TYPE" : "Detached House",
				"NO_OF_UNITS" : 1,
				"INC_CRC" : "C7A433D66BA310FF",
				"FMEL_UPD_D" : "20241215232953"
			}
		},
		{
			"type" : "Feature",
			"geometry" : {
				"type" : "Point",
				"coordinates" : [ 103.81033526636796, 1.2978413403518674 ]
			},
			"properties" : {
				"OBJECTID" : 33405,
				"POSTAL_CODE" : "248933",
				"HOUSE_BLK_NO" : "17",
				"STREET_NAME" : "KAY SIANG ROAD",
				"D_TYPE" : "Detached House",
				"NO_OF_UNITS" : 1,
				"INC_CRC" : "7ED5D1A56E6C1142",
				"FMEL_UPD_D" : "20241215232953"
			}
		},
		{
			"type" : "Feature",
			"geometry" : {
				"type" : "Point",
				"coordinates" : [ 103.8097780266555, 1.2994324681766676 ]
			},
			"properties" : {
				"OBJECTID" : 33406,
				"POSTAL_CODE" : "248934",
				"HOUSE_BLK_NO" : "18",
				"STREET_NAME" : "KAY SIANG ROAD",
				"D_TYPE" : "Detached House",
				"NO_OF_UNITS" : 1,
				"INC_CRC" : "183C10ABEA843DF6",
				"FMEL_UPD_D" : "20241215232953"
			}
		},
		{
			"type" : "Feature",
			"geometry" : {
				"type" : "Point",
				"coordinates" : [ 103.81065304666527, 1.299525341832103 ]
			},
			"properties" : {
				"OBJECTID" : 33407,
				"POSTAL_CODE" : "248936",
				"HOUSE_BLK_NO" : "20",
				"STREET_NAME" : "KAY SIANG ROAD",
				"D_TYPE" : "Detached House",
				"NO_OF_UNITS" : 1,
				"INC_CRC" : "41852E47E160592A",
				"FMEL_UPD_D" : "20241215232953"
			}
		},
		{
			"type" : "Feature",
			"geometry" : {
				"type" : "Point",
				"coordinates" : [ 103.8102417617403, 1.2999557885631357 ]
			},
			"properties" : {
				"OBJECTID" : 33408,
				"POSTAL_CODE" : "248937",
				"HOUSE_BLK_NO" : "22",
				"STREET_NAME" : "KAY SIANG ROAD",
				"D_TYPE" : "Detached House",
				"NO_OF_UNITS" : 1,
				"INC_CRC" : "033CE3B1012D68CB",
				"FMEL_UPD_D" : "20241215232953"
			}
		},
		{
			"type" : "Feature",
			"geometry" : {
				"type" : "Point",
				"coordinates" : [ 103.80916790569657, 1.299915530603647 ]
			},
			"properties" : {
				"OBJECTID" : 33409,
				"POSTAL_CODE" : "248938",
				"HOUSE_BLK_NO" : "24",
				"STREET_NAME" : "KAY SIANG ROAD",
				"D_TYPE" : "Detached House",
				"NO_OF_UNITS" : 1,
				"INC_CRC" : "06B1A076996A23C0",
				"FMEL_UPD_D" : "20241215232953"
			}
		},
		{
			"type" : "Feature",
			"geometry" : {
				"type" : "Point",
				"coordinates" : [ 103.81207542474162, 1.2980603050926671 ]
			},
			"properties" : {
				"OBJECTID" : 33410,
				"POSTAL_CODE" : "248927",
				"HOUSE_BLK_NO" : "10A",
				"STREET_NAME" : "KAY SIANG ROAD",
				"D_TYPE" : "Detached House",
				"NO_OF_UNITS" : 1,
				"INC_CRC" : "1F66A0D56BFBD5AF",
				"FMEL_UPD_D" : "20241215232953"
			}
		},
		{
			"type" : "Feature",
			"geometry" : {
				"type" : "Point",
				"coordinates" : [ 103.83027569029248, 1.4567052384504475 ]
			},
			"properties" : {
				"OBJECTID" : 33411,
				"POSTAL_CODE" : "758819",
				"HOUSE_BLK_NO" : "114",
				"STREET_NAME" : "KING'S AVENUE",
				"D_TYPE" : "Detached House",
				"NO_OF_UNITS" : 1,
				"INC_CRC" : "03A5706BBCBCE8C9",
				"FMEL_UPD_D" : "20241215232953"
			}
		},
		{
			"type" : "Feature",
			"geometry" : {
				"type" : "Point",
				"coordinates" : [ 103.82242578657561, 1.2671721685627468 ]
			},
			"properties" : {
				"OBJECTID" : 33412,
				"POSTAL_CODE" : "099281",
				"HOUSE_BLK_NO" : "51",
				"STREET_NAME" : "MARANG ROAD",
				"D_TYPE" : "Other Apartment nec",
				"NO_OF_UNITS" : 3,
				"INC_CRC" : "99507FDBB92C0460",
				"FMEL_UPD_D" : "20241215232953"
			}
		},
		{
			"type" : "Feature",
			"geometry" : {
				"type" : "Point",
				"coordinates" : [ 103.82242578657561, 1.2671721685627468 ]
			},
			"properties" : {
				"OBJECTID" : 33413,
				"POSTAL_CODE" : "099282",
				"HOUSE_BLK_NO" : "53",
				"STREET_NAME" : "MARANG ROAD",
				"D_TYPE" : "Other Apartment nec",
				"NO_OF_UNITS" : 3,
				"INC_CRC" : "99507FDBBA06D061",
				"FMEL_UPD_D" : "20241215232953"
			}
		},
		{
			"type" : "Feature",
			"geometry" : {
				"type" : "Point",
				"coordinates" : [ 103.82299650016827, 1.2671391263242702 ]
			},
			"properties" : {
				"OBJECTID" : 33414,
				"POSTAL_CODE" : "099283",
				"HOUSE_BLK_NO" : "55",
				"STREET_NAME" : "MARANG ROAD",
				"D_TYPE" : "Detached House",
				"NO_OF_UNITS" : 1,
				"INC_CRC" : "C5E1824A6E451428",
				"FMEL_UPD_D" : "20241215232953"
			}
		},
		{
			"type" : "Feature",
			"geometry" : {
				"type" : "Point",
				"coordinates" : [ 103.82407642928305, 1.270275612998402 ]
			},
			"properties" : {
				"OBJECTID" : 33415,
				"POSTAL_CODE" : "099198",
				"HOUSE_BLK_NO" : "10",
				"STREET_NAME" : "MOUNT FABER ROAD",
				"D_TYPE" : "Detached House",
				"NO_OF_UNITS" : 1,
				"INC_CRC" : "552949FFF0026D08",
				"FMEL_UPD_D" : "20241215232953"
			}
		},
		{
			"type" : "Feature",
			"geometry" : {
				"type" : "Point",
				"coordinates" : [ 103.82380240841314, 1.2695833513338821 ]
			},
			"properties" : {
				"OBJECTID" : 33416,
				"POSTAL_CODE" : "099199",
				"HOUSE_BLK_NO" : "6A/B",
				"STREET_NAME" : "MOUNT FABER ROAD",
				"D_TYPE" : "Detached House",
				"NO_OF_UNITS" : 1,
				"INC_CRC" : "34AC722C19A216EA",
				"FMEL_UPD_D" : "20241215232953"
			}
		},
		{
			"type" : "Feature",
			"geometry" : {
				"type" : "Point",
				"coordinates" : [ 103.8871052396363, 1.3011536666109524 ]
			},
			"properties" : {
				"OBJECTID" : 33417,
				"POSTAL_CODE" : "437739",
				"HOUSE_BLK_NO" : "719",
				"STREET_NAME" : "MOUNTBATTEN ROAD",
				"D_TYPE" : "Detached House",
				"NO_OF_UNITS" : 1,
				"INC_CRC" : "E4A3CB704025D0ED",
				"FMEL_UPD_D" : "20241215232953"
			}
		},
		{
			"type" : "Feature",
			"geometry" : {
				"type" : "Point",
				"coordinates" : [ 103.88706172098964, 1.3002466126620578 ]
			},
			"properties" : {
				"OBJECTID" : 33418,
				"POSTAL_CODE" : "437740",
				"HOUSE_BLK_NO" : "720",
				"STREET_NAME" : "MOUNTBATTEN ROAD",
				"D_TYPE" : "Detached House",
				"NO_OF_UNITS" : 1,
				"INC_CRC" : "2ACC9D0A4D6F5159",
				"FMEL_UPD_D" : "20241215232953"
			}
		},
		{
			"type" : "Feature",
			"geometry" : {
				"type" : "Point",
				"coordinates" : [ 103.81459537474977, 1.271092240861902 ]
			},
			"properties" : {
				"OBJECTID" : 33419,
				"POSTAL_CODE" : "099172",
				"HOUSE_BLK_NO" : "1",
				"STREET_NAME" : "PENDER ROAD",
				"D_TYPE" : "Detached House",
				"NO_OF_UNITS" : 1,
				"INC_CRC" : "C0F68CA6A55AF628",
				"FMEL_UPD_D" : "20241215232953"
			}
		},
		{
			"type" : "Feature",
			"geometry" : {
				"type" : "Point",
				"coordinates" : [ 103.81442766236799, 1.2713326885693914 ]
			},
			"properties" : {
				"OBJECTID" : 33420,
				"POSTAL_CODE" : "099163",
				"HOUSE_BLK_NO" : "2",
				"STREET_NAME" : "PENDER ROAD",
				"D_TYPE" : "Detached House",
				"NO_OF_UNITS" : 1,
				"INC_CRC" : "3D711592B4E14828",
				"FMEL_UPD_D" : "20241215232953"
			}
		},
		{
			"type" : "Feature",
			"geometry" : {
				"type" : "Point",
				"coordinates" : [ 103.8141463775478, 1.271610485690637 ]
			},
			"properties" : {
				"OBJECTID" : 33421,
				"POSTAL_CODE" : "099164",
				"HOUSE_BLK_NO" : "3",
				"STREET_NAME" : "PENDER ROAD",
				"D_TYPE" : "Detached House",
				"NO_OF_UNITS" : 1,
				"INC_CRC" : "6BBCE8AF4E6BE1AD",
				"FMEL_UPD_D" : "20241215232953"
			}
		},
		{
			"type" : "Feature",
			"geometry" : {
				"type" : "Point",
				"coordinates" : [ 103.81415875223632, 1.2723322350328736 ]
			},
			"properties" : {
				"OBJECTID" : 33422,
				"POSTAL_CODE" : "099168",
				"HOUSE_BLK_NO" : "5",
				"STREET_NAME" : "PENDER ROAD",
				"D_TYPE" : "Detached House",
				"NO_OF_UNITS" : 1,
				"INC_CRC" : "4D0DED663466931A",
				"FMEL_UPD_D" : "20241215232953"
			}
		},
		{
			"type" : "Feature",
			"geometry" : {
				"type" : "Point",
				"coordinates" : [ 103.81476148982449, 1.2714359966166904 ]
			},
			"properties" : {
				"OBJECTID" : 33423,
				"POSTAL_CODE" : "099165",
				"HOUSE_BLK_NO" : "4A",
				"STREET_NAME" : "PENDER ROAD",
				"D_TYPE" : "Detached House",
				"NO_OF_UNITS" : 1,
				"INC_CRC" : "055DAF7421A7ED7C",
				"FMEL_UPD_D" : "20241215232953"
			}
		},
		{
			"type" : "Feature",
			"geometry" : {
				"type" : "Point",
				"coordinates" : [ 103.81326476258286, 1.2716420584645116 ]
			},
			"properties" : {
				"OBJECTID" : 33424,
				"POSTAL_CODE" : "099169",
				"HOUSE_BLK_NO" : "7A",
				"STREET_NAME" : "PENDER ROAD",
				"D_TYPE" : "Other Apartment nec",
				"NO_OF_UNITS" : 5,
				"INC_CRC" : "598C35D99B70022C",
				"FMEL_UPD_D" : "20241215232953"
			}
		},
		{
			"type" : "Feature",
			"geometry" : {
				"type" : "Point",
				"coordinates" : [ 103.81446695716933, 1.2730547335718625 ]
			},
			"properties" : {
				"OBJECTID" : 33425,
				"POSTAL_CODE" : "099170",
				"HOUSE_BLK_NO" : "9A",
				"STREET_NAME" : "PENDER ROAD",
				"D_TYPE" : "Other Apartment nec",
				"NO_OF_UNITS" : 4,
				"INC_CRC" : "86A0B288CA6C4D6C",
				"FMEL_UPD_D" : "20241215232953"
			}
		},
		{
			"type" : "Feature",
			"geometry" : {
				"type" : "Point",
				"coordinates" : [ 103.8146277067707, 1.2719603645333009 ]
			},
			"properties" : {
				"OBJECTID" : 33426,
				"POSTAL_CODE" : "099166",
				"HOUSE_BLK_NO" : "4/1",
				"STREET_NAME" : "PENDER ROAD",
				"D_TYPE" : "Semi-Detached House",
				"NO_OF_UNITS" : 1,
				"INC_CRC" : "1592D4BB3C4AE9B5",
				"FMEL_UPD_D" : "20241215232953"
			}
		},
		{
			"type" : "Feature",
			"geometry" : {
				"type" : "Point",
				"coordinates" : [ 103.81457155825282, 1.271705170420312 ]
			},
			"properties" : {
				"OBJECTID" : 33427,
				"POSTAL_CODE" : "099167",
				"HOUSE_BLK_NO" : "4/2",
				"STREET_NAME" : "PENDER ROAD",
				"D_TYPE" : "Semi-Detached House",
				"NO_OF_UNITS" : 1,
				"INC_CRC" : "31F4AA898233EE46",
				"FMEL_UPD_D" : "20241215232953"
			}
		},
		{
			"type" : "Feature",
			"geometry" : {
				"type" : "Point",
				"coordinates" : [ 103.83088208619897, 1.4557592486324158 ]
			},
			"properties" : {
				"OBJECTID" : 33428,
				"POSTAL_CODE" : "758588",
				"HOUSE_BLK_NO" : "132",
				"STREET_NAME" : "QUEEN'S AVENUE",
				"D_TYPE" : "Detached House",
				"NO_OF_UNITS" : 1,
				"INC_CRC" : "C6F81D22CD18ADC7",
				"FMEL_UPD_D" : "20241215232953"
			}
		},
		{
			"type" : "Feature",
			"geometry" : {
				"type" : "Point",
				"coordinates" : [ 103.83117265672384, 1.4558283043283278 ]
			},
			"properties" : {
				"OBJECTID" : 33429,
				"POSTAL_CODE" : "758590",
				"HOUSE_BLK_NO" : "134",
				"STREET_NAME" : "QUEEN'S AVENUE",
				"D_TYPE" : "Detached House",
				"NO_OF_UNITS" : 1,
				"INC_CRC" : "66A24DC96D928E0D",
				"FMEL_UPD_D" : "20241215232953"
			}
		},
		{
			"type" : "Feature",
			"geometry" : {
				"type" : "Point",
				"coordinates" : [ 103.83212483407772, 1.4556153545435018 ]
			},
			"properties" : {
				"OBJECTID" : 33430,
				"POSTAL_CODE" : "758593",
				"HOUSE_BLK_NO" : "138",
				"STREET_NAME" : "QUEEN'S AVENUE",
				"D_TYPE" : "Detached House",
				"NO_OF_UNITS" : 1,
				"INC_CRC" : "8EEC3121E63EBB57",
				"FMEL_UPD_D" : "20241215232953"
			}
		},
		{
			"type" : "Feature",
			"geometry" : {
				"type" : "Point",
				"coordinates" : [ 103.83263639273206, 1.4557486769496613 ]
			},
			"properties" : {
				"OBJECTID" : 33431,
				"POSTAL_CODE" : "758595",
				"HOUSE_BLK_NO" : "140",
				"STREET_NAME" : "QUEEN'S AVENUE",
				"D_TYPE" : "Detached House",
				"NO_OF_UNITS" : 1,
				"INC_CRC" : "B392C8FD652DE22D",
				"FMEL_UPD_D" : "20241215232953"
			}
		},
		{
			"type" : "Feature",
			"geometry" : {
				"type" : "Point",
				"coordinates" : [ 103.83337022190922, 1.4562930912921164 ]
			},
			"properties" : {
				"OBJECTID" : 33432,
				"POSTAL_CODE" : "758599",
				"HOUSE_BLK_NO" : "144",
				"STREET_NAME" : "QUEEN'S AVENUE",
				"D_TYPE" : "Detached House",
				"NO_OF_UNITS" : 1,
				"INC_CRC" : "383D750BC62D8887",
				"FMEL_UPD_D" : "20241215232953"
			}
		},
		{
			"type" : "Feature",
			"geometry" : {
				"type" : "Point",
				"coordinates" : [ 103.83350091845969, 1.4569717619127507 ]
			},
			"properties" : {
				"OBJECTID" : 33433,
				"POSTAL_CODE" : "758600",
				"HOUSE_BLK_NO" : "146",
				"STREET_NAME" : "QUEEN'S AVENUE",
				"D_TYPE" : "Detached House",
				"NO_OF_UNITS" : 1,
				"INC_CRC" : "9B9D7C0EE2DAEEF3",
				"FMEL_UPD_D" : "20241215232953"
			}
		},
		{
			"type" : "Feature",
			"geometry" : {
				"type" : "Point",
				"coordinates" : [ 103.80299627619276, 1.305778792444083 ]
			},
			"properties" : {
				"OBJECTID" : 33434,
				"POSTAL_CODE" : "248422",
				"HOUSE_BLK_NO" : "28",
				"STREET_NAME" : "RIDOUT ROAD",
				"D_TYPE" : "Detached House",
				"NO_OF_UNITS" : 1,
				"INC_CRC" : "571003CBB9CFF43E",
				"FMEL_UPD_D" : "20241215232953"
			}
		},
		{
			"type" : "Feature",
			"geometry" : {
				"type" : "Point",
				"coordinates" : [ 103.80253707999488, 1.305489826047276 ]
			},
			"properties" : {
				"OBJECTID" : 33435,
				"POSTAL_CODE" : "248427",
				"HOUSE_BLK_NO" : "30",
				"STREET_NAME" : "RIDOUT ROAD",
				"D_TYPE" : "Detached House",
				"NO_OF_UNITS" : 1,
				"INC_CRC" : "1CA7D9A6B6A458F5",
				"FMEL_UPD_D" : "20241215232953"
			}
		},
		{
			"type" : "Feature",
			"geometry" : {
				"type" : "Point",
				"coordinates" : [ 103.80269117978469, 1.3062394919585973 ]
			},
			"properties" : {
				"OBJECTID" : 33436,
				"POSTAL_CODE" : "248429",
				"HOUSE_BLK_NO" : "32",
				"STREET_NAME" : "RIDOUT ROAD",
				"D_TYPE" : "Detached House",
				"NO_OF_UNITS" : 1,
				"INC_CRC" : "19CFE4F71587EAC5",
				"FMEL_UPD_D" : "20241215232953"
			}
		},
		{
			"type" : "Feature",
			"geometry" : {
				"type" : "Point",
				"coordinates" : [ 103.8028313755722, 1.30676294986908 ]
			},
			"properties" : {
				"OBJECTID" : 33437,
				"POSTAL_CODE" : "248430",
				"HOUSE_BLK_NO" : "34",
				"STREET_NAME" : "RIDOUT ROAD",
				"D_TYPE" : "Detached House",
				"NO_OF_UNITS" : 1,
				"INC_CRC" : "24C97035796FC483",
				"FMEL_UPD_D" : "20241215232953"
			}
		},
		{
			"type" : "Feature",
			"geometry" : {
				"type" : "Point",
				"coordinates" : [ 103.80317447072562, 1.3053182867024755 ]
			},
			"properties" : {
				"OBJECTID" : 33438,
				"POSTAL_CODE" : "248432",
				"HOUSE_BLK_NO" : "36",
				"STREET_NAME" : "RIDOUT ROAD",
				"D_TYPE" : "Detached House",
				"NO_OF_UNITS" : 1,
				"INC_CRC" : "E184B1ECD20E3493",
				"FMEL_UPD_D" : "20241215232953"
			}
		},
		{
			"type" : "Feature",
			"geometry" : {
				"type" : "Point",
				"coordinates" : [ 103.80324710844951, 1.3034182898061029 ]
			},
			"properties" : {
				"OBJECTID" : 33439,
				"POSTAL_CODE" : "248436",
				"HOUSE_BLK_NO" : "38",
				"STREET_NAME" : "RIDOUT ROAD",
				"D_TYPE" : "Detached House",
				"NO_OF_UNITS" : 1,
				"INC_CRC" : "7F83CED3BE2DA25E",
				"FMEL_UPD_D" : "20241215232953"
			}
		},
		{
			"type" : "Feature",
			"geometry" : {
				"type" : "Point",
				"coordinates" : [ 103.80280638289597, 1.3027776054189617 ]
			},
			"properties" : {
				"OBJECTID" : 33440,
				"POSTAL_CODE" : "248442",
				"HOUSE_BLK_NO" : "42",
				"STREET_NAME" : "RIDOUT ROAD",
				"D_TYPE" : "Other Apartment nec",
				"NO_OF_UNITS" : 6,
				"INC_CRC" : "DBB423C5C653BCFC",
				"FMEL_UPD_D" : "20241215232953"
			}
		},
		{
			"type" : "Feature",
			"geometry" : {
				"type" : "Point",
				"coordinates" : [ 103.80279307918002, 1.3051506345718271 ]
			},
			"properties" : {
				"OBJECTID" : 33441,
				"POSTAL_CODE" : "248433",
				"HOUSE_BLK_NO" : "36A",
				"STREET_NAME" : "RIDOUT ROAD",
				"D_TYPE" : "Detached House",
				"NO_OF_UNITS" : 1,
				"INC_CRC" : "95D22480A04A4573",
				"FMEL_UPD_D" : "20241215232953"
			}
		},
		{
			"type" : "Feature",
			"geometry" : {
				"type" : "Point",
				"coordinates" : [ 103.80318963472514, 1.3048550197679025 ]
			},
			"properties" : {
				"OBJECTID" : 33442,
				"POSTAL_CODE" : "248434",
				"HOUSE_BLK_NO" : "36B",
				"STREET_NAME" : "RIDOUT ROAD",
				"D_TYPE" : "Detached House",
				"NO_OF_UNITS" : 1,
				"INC_CRC" : "C21769ACE12DB88F",
				"FMEL_UPD_D" : "20241215232953"
			}
		},
		{
			"type" : "Feature",
			"geometry" : {
				"type" : "Point",
				"coordinates" : [ 103.80278480660455, 1.3047497106351083 ]
			},
			"properties" : {
				"OBJECTID" : 33443,
				"POSTAL_CODE" : "248435",
				"HOUSE_BLK_NO" : "36C",
				"STREET_NAME" : "RIDOUT ROAD",
				"D_TYPE" : "Detached House",
				"NO_OF_UNITS" : 1,
				"INC_CRC" : "9EDD1BF168CE7767",
				"FMEL_UPD_D" : "20241215232953"
			}
		},
		{
			"type" : "Feature",
			"geometry" : {
				"type" : "Point",
				"coordinates" : [ 103.80272501825601, 1.3034073542283677 ]
			},
			"properties" : {
				"OBJECTID" : 33444,
				"POSTAL_CODE" : "248437",
				"HOUSE_BLK_NO" : "38A",
				"STREET_NAME" : "RIDOUT ROAD",
				"D_TYPE" : "Detached House",
				"NO_OF_UNITS" : 1,
				"INC_CRC" : "8F2B5C11AB60C961",
				"FMEL_UPD_D" : "20241215232953"
			}
		},
		{
			"type" : "Feature",
			"geometry" : {
				"type" : "Point",
				"coordinates" : [ 103.8196196716825, 1.2692314946382122 ]
			},
			"properties" : {
				"OBJECTID" : 33445,
				"POSTAL_CODE" : "099106",
				"HOUSE_BLK_NO" : "33",
				"STREET_NAME" : "SEAH IM ROAD",
				"D_TYPE" : "Other Apartment nec",
				"NO_OF_UNITS" : 2,
				"INC_CRC" : "9631725AA567A9A4",
				"FMEL_UPD_D" : "20241215232953"
			}
		},
		{
			"type" : "Feature",
			"geometry" : {
				"type" : "Point",
				"coordinates" : [ 103.8196196716825, 1.2692314946382122 ]
			},
			"properties" : {
				"OBJECTID" : 33446,
				"POSTAL_CODE" : "099108",
				"HOUSE_BLK_NO" : "35",
				"STREET_NAME" : "SEAH IM ROAD",
				"D_TYPE" : "Other Apartment nec",
				"NO_OF_UNITS" : 2,
				"INC_CRC" : "9631725ADBA238C1",
				"FMEL_UPD_D" : "20241215232953"
			}
		},
		{
			"type" : "Feature",
			"geometry" : {
				"type" : "Point",
				"coordinates" : [ 103.82025155750853, 1.269110786005473 ]
			},
			"properties" : {
				"OBJECTID" : 33447,
				"POSTAL_CODE" : "099110",
				"HOUSE_BLK_NO" : "37",
				"STREET_NAME" : "SEAH IM ROAD",
				"D_TYPE" : "Other Apartment nec",
				"NO_OF_UNITS" : 2,
				"INC_CRC" : "19ACC769B1F8CE2C",
				"FMEL_UPD_D" : "20241215232953"
			}
		},
		{
			"type" : "Feature",
			"geometry" : {
				"type" : "Point",
				"coordinates" : [ 103.82025155750853, 1.269110786005473 ]
			},
			"properties" : {
				"OBJECTID" : 33448,
				"POSTAL_CODE" : "099112",
				"HOUSE_BLK_NO" : "39",
				"STREET_NAME" : "SEAH IM ROAD",
				"D_TYPE" : "Other Apartment nec",
				"NO_OF_UNITS" : 2,
				"INC_CRC" : "19ACC769C85C3000",
				"FMEL_UPD_D" : "20241215232953"
			}
		},
		{
			"type" : "Feature",
			"geometry" : {
				"type" : "Point",
				"coordinates" : [ 103.79918514457125, 1.3114692665470702 ]
			},
			"properties" : {
				"OBJECTID" : 33449,
				"POSTAL_CODE" : "276338",
				"HOUSE_BLK_NO" : "2",
				"STREET_NAME" : "TAMAN WARNA",
				"D_TYPE" : "Terrace House",
				"NO_OF_UNITS" : 1,
				"INC_CRC" : "8288577F19C27CCE",
				"FMEL_UPD_D" : "20241215232953"
			}
		},
		{
			"type" : "Feature",
			"geometry" : {
				"type" : "Point",
				"coordinates" : [ 103.79916435196853, 1.3114163238559036 ]
			},
			"properties" : {
				"OBJECTID" : 33450,
				"POSTAL_CODE" : "276341",
				"HOUSE_BLK_NO" : "4",
				"STREET_NAME" : "TAMAN WARNA",
				"D_TYPE" : "Terrace House",
				"NO_OF_UNITS" : 1,
				"INC_CRC" : "C24E32214DFEBC38",
				"FMEL_UPD_D" : "20241215232953"
			}
		},
		{
			"type" : "Feature",
			"geometry" : {
				"type" : "Point",
				"coordinates" : [ 103.7991245648651, 1.3113690268513543 ]
			},
			"properties" : {
				"OBJECTID" : 33451,
				"POSTAL_CODE" : "276343",
				"HOUSE_BLK_NO" : "6",
				"STREET_NAME" : "TAMAN WARNA",
				"D_TYPE" : "Terrace House",
				"NO_OF_UNITS" : 1,
				"INC_CRC" : "7ACADA7E54C18D85",
				"FMEL_UPD_D" : "20241215232953"
			}
		},
		{
			"type" : "Feature",
			"geometry" : {
				"type" : "Point",
				"coordinates" : [ 103.98165693785245, 1.3885216598711427 ]
			},
			"properties" : {
				"OBJECTID" : 33452,
				"POSTAL_CODE" : "506873",
				"HOUSE_BLK_NO" : "562A",
				"STREET_NAME" : "HALTON ROAD",
				"D_TYPE" : "Semi-Detached House",
				"NO_OF_UNITS" : 1,
				"INC_CRC" : "8B59189007E1FD8D",
				"FMEL_UPD_D" : "20241215232953"
			}
		},
		{
			"type" : "Feature",
			"geometry" : {
				"type" : "Point",
				"coordinates" : [ 103.83431854227385, 1.3233822055786195 ]
			},
			"properties" : {
				"OBJECTID" : 33453,
				"POSTAL_CODE" : "308253",
				"HOUSE_BLK_NO" : "5",
				"STREET_NAME" : "MALCOLM ROAD",
				"D_TYPE" : "Detached House",
				"NO_OF_UNITS" : 1,
				"INC_CRC" : "A52DFA31B98F1A60",
				"FMEL_UPD_D" : "20241215232953"
			}
		},
		{
			"type" : "Feature",
			"geometry" : {
				"type" : "Point",
				"coordinates" : [ 103.79910474455369, 1.3113117124747957 ]
			},
			"properties" : {
				"OBJECTID" : 33454,
				"POSTAL_CODE" : "276345",
				"HOUSE_BLK_NO" : "8",
				"STREET_NAME" : "TAMAN WARNA",
				"D_TYPE" : "Terrace House",
				"NO_OF_UNITS" : 1,
				"INC_CRC" : "F0259F13F90DDFA4",
				"FMEL_UPD_D" : "20241215232953"
			}
		},
		{
			"type" : "Feature",
			"geometry" : {
				"type" : "Point",
				"coordinates" : [ 103.79906684620408, 1.311264312397785 ]
			},
			"properties" : {
				"OBJECTID" : 33455,
				"POSTAL_CODE" : "276347",
				"HOUSE_BLK_NO" : "10",
				"STREET_NAME" : "TAMAN WARNA",
				"D_TYPE" : "Terrace House",
				"NO_OF_UNITS" : 1,
				"INC_CRC" : "82FAE36F072D7D29",
				"FMEL_UPD_D" : "20241215232953"
			}
		},
		{
			"type" : "Feature",
			"geometry" : {
				"type" : "Point",
				"coordinates" : [ 103.79904480021872, 1.3112048365588036 ]
			},
			"properties" : {
				"OBJECTID" : 33456,
				"POSTAL_CODE" : "276349",
				"HOUSE_BLK_NO" : "12",
				"STREET_NAME" : "TAMAN WARNA",
				"D_TYPE" : "Terrace House",
				"NO_OF_UNITS" : 1,
				"INC_CRC" : "0A6A4C9CABF39987",
				"FMEL_UPD_D" : "20241215232953"
			}
		},
		{
			"type" : "Feature",
			"geometry" : {
				"type" : "Point",
				"coordinates" : [ 103.79900675721022, 1.3111570873941956 ]
			},
			"properties" : {
				"OBJECTID" : 33457,
				"POSTAL_CODE" : "276350",
				"HOUSE_BLK_NO" : "14",
				"STREET_NAME" : "TAMAN WARNA",
				"D_TYPE" : "Terrace House",
				"NO_OF_UNITS" : 1,
				"INC_CRC" : "342AB74CBBAE1964",
				"FMEL_UPD_D" : "20241215232953"
			}
		},
		{
			"type" : "Feature",
			"geometry" : {
				"type" : "Point",
				"coordinates" : [ 103.79898593859683, 1.3111011322628667 ]
			},
			"properties" : {
				"OBJECTID" : 33458,
				"POSTAL_CODE" : "276352",
				"HOUSE_BLK_NO" : "16",
				"STREET_NAME" : "TAMAN WARNA",
				"D_TYPE" : "Terrace House",
				"NO_OF_UNITS" : 1,
				"INC_CRC" : "AB8CB43ACF2493E8",
				"FMEL_UPD_D" : "20241215232953"
			}
		},
		{
			"type" : "Feature",
			"geometry" : {
				"type" : "Point",
				"coordinates" : [ 103.79894752269674, 1.3110531262527017 ]
			},
			"properties" : {
				"OBJECTID" : 33459,
				"POSTAL_CODE" : "276354",
				"HOUSE_BLK_NO" : "18",
				"STREET_NAME" : "TAMAN WARNA",
				"D_TYPE" : "Terrace House",
				"NO_OF_UNITS" : 1,
				"INC_CRC" : "09A4ADA743212467",
				"FMEL_UPD_D" : "20241215232953"
			}
		},
		{
			"type" : "Feature",
			"geometry" : {
				"type" : "Point",
				"coordinates" : [ 103.78668021988668, 1.3164052986625976 ]
			},
			"properties" : {
				"OBJECTID" : 33460,
				"POSTAL_CODE" : "278356",
				"HOUSE_BLK_NO" : "20",
				"STREET_NAME" : "TAMAN WARNA",
				"D_TYPE" : "Terrace House",
				"NO_OF_UNITS" : 1,
				"INC_CRC" : "663065EDF789CEAB",
				"FMEL_UPD_D" : "20241215232953"
			}
		},
		{
			"type" : "Feature",
			"geometry" : {
				"type" : "Point",
				"coordinates" : [ 103.79885744717309, 1.3108927314298522 ]
			},
			"properties" : {
				"OBJECTID" : 33461,
				"POSTAL_CODE" : "276358",
				"HOUSE_BLK_NO" : "22",
				"STREET_NAME" : "TAMAN WARNA",
				"D_TYPE" : "Terrace House",
				"NO_OF_UNITS" : 1,
				"INC_CRC" : "3509AD9B91AE4905",
				"FMEL_UPD_D" : "20241215232953"
			}
		},
		{
			"type" : "Feature",
			"geometry" : {
				"type" : "Point",
				"coordinates" : [ 103.79883379809446, 1.3108398619499397 ]
			},
			"properties" : {
				"OBJECTID" : 33462,
				"POSTAL_CODE" : "276360",
				"HOUSE_BLK_NO" : "24",
				"STREET_NAME" : "TAMAN WARNA",
				"D_TYPE" : "Terrace House",
				"NO_OF_UNITS" : 1,
				"INC_CRC" : "DEF6C4B610880123",
				"FMEL_UPD_D" : "20241215232953"
			}
		},
		{
			"type" : "Feature",
			"geometry" : {
				"type" : "Point",
				"coordinates" : [ 103.79885149359005, 1.310352462149652 ]
			},
			"properties" : {
				"OBJECTID" : 33463,
				"POSTAL_CODE" : "276361",
				"HOUSE_BLK_NO" : "25",
				"STREET_NAME" : "TAMAN WARNA",
				"D_TYPE" : "Terrace House",
				"NO_OF_UNITS" : 1,
				"INC_CRC" : "FDA5F82544BC319E",
				"FMEL_UPD_D" : "20241215232953"
			}
		},
		{
			"type" : "Feature",
			"geometry" : {
				"type" : "Point",
				"coordinates" : [ 103.79879080413622, 1.3107888949843982 ]
			},
			"properties" : {
				"OBJECTID" : 33464,
				"POSTAL_CODE" : "276362",
				"HOUSE_BLK_NO" : "26",
				"STREET_NAME" : "TAMAN WARNA",
				"D_TYPE" : "Terrace House",
				"NO_OF_UNITS" : 1,
				"INC_CRC" : "11DBDEA0C0B613E3",
				"FMEL_UPD_D" : "20241215232953"
			}
		},
		{
			"type" : "Feature",
			"geometry" : {
				"type" : "Point",
				"coordinates" : [ 103.79881159930564, 1.3103253243292916 ]
			},
			"properties" : {
				"OBJECTID" : 33465,
				"POSTAL_CODE" : "276363",
				"HOUSE_BLK_NO" : "27",
				"STREET_NAME" : "TAMAN WARNA",
				"D_TYPE" : "Terrace House",
				"NO_OF_UNITS" : 1,
				"INC_CRC" : "47A0DE6170B2198B",
				"FMEL_UPD_D" : "20241215232953"
			}
		},
		{
			"type" : "Feature",
			"geometry" : {
				"type" : "Point",
				"coordinates" : [ 103.79875885326508, 1.3107435922068211 ]
			},
			"properties" : {
				"OBJECTID" : 33466,
				"POSTAL_CODE" : "276364",
				"HOUSE_BLK_NO" : "28",
				"STREET_NAME" : "TAMAN WARNA",
				"D_TYPE" : "Terrace House",
				"NO_OF_UNITS" : 1,
				"INC_CRC" : "509772303F2EED59",
				"FMEL_UPD_D" : "20241215232953"
			}
		},
		{
			"type" : "Feature",
			"geometry" : {
				"type" : "Point",
				"coordinates" : [ 103.79874831232752, 1.3102896417470495 ]
			},
			"properties" : {
				"OBJECTID" : 33467,
				"POSTAL_CODE" : "276365",
				"HOUSE_BLK_NO" : "29",
				"STREET_NAME" : "TAMAN WARNA",
				"D_TYPE" : "Terrace House",
				"NO_OF_UNITS" : 1,
				"INC_CRC" : "0C9D3BB2CAE24747",
				"FMEL_UPD_D" : "20241215232953"
			}
		},
		{
			"type" : "Feature",
			"geometry" : {
				"type" : "Point",
				"coordinates" : [ 103.79870808947044, 1.3106991356524065 ]
			},
			"properties" : {
				"OBJECTID" : 33468,
				"POSTAL_CODE" : "276366",
				"HOUSE_BLK_NO" : "30",
				"STREET_NAME" : "TAMAN WARNA",
				"D_TYPE" : "Terrace House",
				"NO_OF_UNITS" : 1,
				"INC_CRC" : "297D18ED2B57D6B2",
				"FMEL_UPD_D" : "20241215232953"
			}
		},
		{
			"type" : "Feature",
			"geometry" : {
				"type" : "Point",
				"coordinates" : [ 103.79870828590923, 1.310266100581106 ]
			},
			"properties" : {
				"OBJECTID" : 33469,
				"POSTAL_CODE" : "276367",
				"HOUSE_BLK_NO" : "31",
				"STREET_NAME" : "TAMAN WARNA",
				"D_TYPE" : "Terrace House",
				"NO_OF_UNITS" : 1,
				"INC_CRC" : "E102F8F5DF74F806",
				"FMEL_UPD_D" : "20241215232953"
			}
		},
		{
			"type" : "Feature",
			"geometry" : {
				"type" : "Point",
				"coordinates" : [ 103.79867710001334, 1.3106564229872908 ]
			},
			"properties" : {
				"OBJECTID" : 33470,
				"POSTAL_CODE" : "276368",
				"HOUSE_BLK_NO" : "32",
				"STREET_NAME" : "TAMAN WARNA",
				"D_TYPE" : "Terrace House",
				"NO_OF_UNITS" : 1,
				"INC_CRC" : "F5FB1D27369A0BE7",
				"FMEL_UPD_D" : "20241215232953"
			}
		},
		{
			"type" : "Feature",
			"geometry" : {
				"type" : "Point",
				"coordinates" : [ 103.7986463296925, 1.3102298301778752 ]
			},
			"properties" : {
				"OBJECTID" : 33471,
				"POSTAL_CODE" : "276369",
				"HOUSE_BLK_NO" : "33",
				"STREET_NAME" : "TAMAN WARNA",
				"D_TYPE" : "Terrace House",
				"NO_OF_UNITS" : 1,
				"INC_CRC" : "8332BB07E34B6430",
				"FMEL_UPD_D" : "20241215232953"
			}
		},
		{
			"type" : "Feature",
			"geometry" : {
				"type" : "Point",
				"coordinates" : [ 103.7985784196984, 1.3105845110633383 ]
			},
			"properties" : {
				"OBJECTID" : 33472,
				"POSTAL_CODE" : "276370",
				"HOUSE_BLK_NO" : "34",
				"STREET_NAME" : "TAMAN WARNA",
				"D_TYPE" : "Terrace House",
				"NO_OF_UNITS" : 1,
				"INC_CRC" : "B49E273BFB4F9E25",
				"FMEL_UPD_D" : "20241215232953"
			}
		},
		{
			"type" : "Feature",
			"geometry" : {
				"type" : "Point",
				"coordinates" : [ 103.79860590966184, 1.3102099254547452 ]
			},
			"properties" : {
				"OBJECTID" : 33473,
				"POSTAL_CODE" : "276371",
				"HOUSE_BLK_NO" : "35",
				"STREET_NAME" : "TAMAN WARNA",
				"D_TYPE" : "Terrace House",
				"NO_OF_UNITS" : 1,
				"INC_CRC" : "B2B73D0780953D30",
				"FMEL_UPD_D" : "20241215232953"
			}
		},
		{
			"type" : "Feature",
			"geometry" : {
				"type" : "Point",
				"coordinates" : [ 103.79853455366622, 1.3105691434878386 ]
			},
			"properties" : {
				"OBJECTID" : 33474,
				"POSTAL_CODE" : "276372",
				"HOUSE_BLK_NO" : "36",
				"STREET_NAME" : "TAMAN WARNA",
				"D_TYPE" : "Terrace House",
				"NO_OF_UNITS" : 1,
				"INC_CRC" : "E80FDE8EB2C3D730",
				"FMEL_UPD_D" : "20241215232953"
			}
		},
		{
			"type" : "Feature",
			"geometry" : {
				"type" : "Point",
				"coordinates" : [ 103.79847319414418, 1.310528306047576 ]
			},
			"properties" : {
				"OBJECTID" : 33475,
				"POSTAL_CODE" : "276373",
				"HOUSE_BLK_NO" : "38",
				"STREET_NAME" : "TAMAN WARNA",
				"D_TYPE" : "Terrace House",
				"NO_OF_UNITS" : 1,
				"INC_CRC" : "B3E4C5B9DDF1F40B",
				"FMEL_UPD_D" : "20241215232953"
			}
		},
		{
			"type" : "Feature",
			"geometry" : {
				"type" : "Point",
				"coordinates" : [ 103.79842840979572, 1.3105130297982015 ]
			},
			"properties" : {
				"OBJECTID" : 33476,
				"POSTAL_CODE" : "276374",
				"HOUSE_BLK_NO" : "40",
				"STREET_NAME" : "TAMAN WARNA",
				"D_TYPE" : "Terrace House",
				"NO_OF_UNITS" : 1,
				"INC_CRC" : "8CB9F3086F5AD9D7",
				"FMEL_UPD_D" : "20241215232953"
			}
		},
		{
			"type" : "Feature",
			"geometry" : {
				"type" : "Point",
				"coordinates" : [ 103.79836785893791, 1.3104745428102322 ]
			},
			"properties" : {
				"OBJECTID" : 33477,
				"POSTAL_CODE" : "276375",
				"HOUSE_BLK_NO" : "42",
				"STREET_NAME" : "TAMAN WARNA",
				"D_TYPE" : "Terrace House",
				"NO_OF_UNITS" : 1,
				"INC_CRC" : "52C53D59C999D352",
				"FMEL_UPD_D" : "20241215232953"
			}
		},
		{
			"type" : "Feature",
			"geometry" : {
				"type" : "Point",
				"coordinates" : [ 103.79832558067325, 1.3104570906931203 ]
			},
			"properties" : {
				"OBJECTID" : 33478,
				"POSTAL_CODE" : "276376",
				"HOUSE_BLK_NO" : "44",
				"STREET_NAME" : "TAMAN WARNA",
				"D_TYPE" : "Terrace House",
				"NO_OF_UNITS" : 1,
				"INC_CRC" : "45B4B176F292F5FA",
				"FMEL_UPD_D" : "20241215232953"
			}
		},
		{
			"type" : "Feature",
			"geometry" : {
				"type" : "Point",
				"coordinates" : [ 103.7982653667569, 1.3104198399738074 ]
			},
			"properties" : {
				"OBJECTID" : 33479,
				"POSTAL_CODE" : "276377",
				"HOUSE_BLK_NO" : "46",
				"STREET_NAME" : "TAMAN WARNA",
				"D_TYPE" : "Terrace House",
				"NO_OF_UNITS" : 1,
				"INC_CRC" : "7BEDE47BCC8C2CF3",
				"FMEL_UPD_D" : "20241215232953"
			}
		},
		{
			"type" : "Feature",
			"geometry" : {
				"type" : "Point",
				"coordinates" : [ 103.79822457379689, 1.3104022241859552 ]
			},
			"properties" : {
				"OBJECTID" : 33480,
				"POSTAL_CODE" : "276378",
				"HOUSE_BLK_NO" : "48",
				"STREET_NAME" : "TAMAN WARNA",
				"D_TYPE" : "Terrace House",
				"NO_OF_UNITS" : 1,
				"INC_CRC" : "F2600970B22DC230",
				"FMEL_UPD_D" : "20241215232953"
			}
		},
		{
			"type" : "Feature",
			"geometry" : {
				"type" : "Point",
				"coordinates" : [ 103.79809662749491, 1.3103507269559491 ]
			},
			"properties" : {
				"OBJECTID" : 33481,
				"POSTAL_CODE" : "276379",
				"HOUSE_BLK_NO" : "50",
				"STREET_NAME" : "TAMAN WARNA",
				"D_TYPE" : "Terrace House",
				"NO_OF_UNITS" : 1,
				"INC_CRC" : "FFE31495EF2206FA",
				"FMEL_UPD_D" : "20241215232953"
			}
		},
		{
			"type" : "Feature",
			"geometry" : {
				"type" : "Point",
				"coordinates" : [ 103.79804340311289, 1.3103335224750616 ]
			},
			"properties" : {
				"OBJECTID" : 33482,
				"POSTAL_CODE" : "276380",
				"HOUSE_BLK_NO" : "52",
				"STREET_NAME" : "TAMAN WARNA",
				"D_TYPE" : "Terrace House",
				"NO_OF_UNITS" : 1,
				"INC_CRC" : "27F386F8594A1F5A",
				"FMEL_UPD_D" : "20241215232953"
			}
		},
		{
			"type" : "Feature",
			"geometry" : {
				"type" : "Point",
				"coordinates" : [ 103.79798680829144, 1.3103152281859116 ]
			},
			"properties" : {
				"OBJECTID" : 33483,
				"POSTAL_CODE" : "276381",
				"HOUSE_BLK_NO" : "54",
				"STREET_NAME" : "TAMAN WARNA",
				"D_TYPE" : "Terrace House",
				"NO_OF_UNITS" : 1,
				"INC_CRC" : "022EC66DF762EFBD",
				"FMEL_UPD_D" : "20241215232953"
			}
		},
		{
			"type" : "Feature",
			"geometry" : {
				"type" : "Point",
				"coordinates" : [ 103.79792822768768, 1.3102962926727848 ]
			},
			"properties" : {
				"OBJECTID" : 33484,
				"POSTAL_CODE" : "276382",
				"HOUSE_BLK_NO" : "56",
				"STREET_NAME" : "TAMAN WARNA",
				"D_TYPE" : "Terrace House",
				"NO_OF_UNITS" : 1,
				"INC_CRC" : "93FD7E800B14567A",
				"FMEL_UPD_D" : "20241215232953"
			}
		},
		{
			"type" : "Feature",
			"geometry" : {
				"type" : "Point",
				"coordinates" : [ 103.79786972705527, 1.310277383386012 ]
			},
			"properties" : {
				"OBJECTID" : 33485,
				"POSTAL_CODE" : "276383",
				"HOUSE_BLK_NO" : "58",
				"STREET_NAME" : "TAMAN WARNA",
				"D_TYPE" : "Terrace House",
				"NO_OF_UNITS" : 1,
				"INC_CRC" : "11031688241D19A3",
				"FMEL_UPD_D" : "20241215232953"
			}
		},
		{
			"type" : "Feature",
			"geometry" : {
				"type" : "Point",
				"coordinates" : [ 103.79781118688784, 1.310258460531853 ]
			},
			"properties" : {
				"OBJECTID" : 33486,
				"POSTAL_CODE" : "276384",
				"HOUSE_BLK_NO" : "60",
				"STREET_NAME" : "TAMAN WARNA",
				"D_TYPE" : "Terrace House",
				"NO_OF_UNITS" : 1,
				"INC_CRC" : "2CDF6041C92FBAC3",
				"FMEL_UPD_D" : "20241215232953"
			}
		},
		{
			"type" : "Feature",
			"geometry" : {
				"type" : "Point",
				"coordinates" : [ 103.79775350303412, 1.3102398144241305 ]
			},
			"properties" : {
				"OBJECTID" : 33487,
				"POSTAL_CODE" : "276385",
				"HOUSE_BLK_NO" : "62",
				"STREET_NAME" : "TAMAN WARNA",
				"D_TYPE" : "Terrace House",
				"NO_OF_UNITS" : 1,
				"INC_CRC" : "843452A90EAF6E5B",
				"FMEL_UPD_D" : "20241215232953"
			}
		},
		{
			"type" : "Feature",
			"geometry" : {
				"type" : "Point",
				"coordinates" : [ 103.79770344962, 1.310223634626441 ]
			},
			"properties" : {
				"OBJECTID" : 33488,
				"POSTAL_CODE" : "276386",
				"HOUSE_BLK_NO" : "64",
				"STREET_NAME" : "TAMAN WARNA",
				"D_TYPE" : "Terrace House",
				"NO_OF_UNITS" : 1,
				"INC_CRC" : "A4920EBE996DDAE7",
				"FMEL_UPD_D" : "20241215232953"
			}
		},
		{
			"type" : "Feature",
			"geometry" : {
				"type" : "Point",
				"coordinates" : [ 103.79758603221939, 1.3101939842558024 ]
			},
			"properties" : {
				"OBJECTID" : 33489,
				"POSTAL_CODE" : "276388",
				"HOUSE_BLK_NO" : "66",
				"STREET_NAME" : "TAMAN WARNA",
				"D_TYPE" : "Terrace House",
				"NO_OF_UNITS" : 1,
				"INC_CRC" : "D79ACDB1040A6984",
				"FMEL_UPD_D" : "20241215232953"
			}
		},
		{
			"type" : "Feature",
			"geometry" : {
				"type" : "Point",
				"coordinates" : [ 103.79752705697483, 1.3101880155066536 ]
			},
			"properties" : {
				"OBJECTID" : 33490,
				"POSTAL_CODE" : "276390",
				"HOUSE_BLK_NO" : "68",
				"STREET_NAME" : "TAMAN WARNA",
				"D_TYPE" : "Terrace House",
				"NO_OF_UNITS" : 1,
				"INC_CRC" : "14AC2ABAC3D73F5A",
				"FMEL_UPD_D" : "20241215232953"
			}
		},
		{
			"type" : "Feature",
			"geometry" : {
				"type" : "Point",
				"coordinates" : [ 103.79746461962839, 1.310181695812794 ]
			},
			"properties" : {
				"OBJECTID" : 33491,
				"POSTAL_CODE" : "276391",
				"HOUSE_BLK_NO" : "70",
				"STREET_NAME" : "TAMAN WARNA",
				"D_TYPE" : "Terrace House",
				"NO_OF_UNITS" : 1,
				"INC_CRC" : "1E7505B092BEBCC4",
				"FMEL_UPD_D" : "20241215232953"
			}
		},
		{
			"type" : "Feature",
			"geometry" : {
				"type" : "Point",
				"coordinates" : [ 103.79740466946083, 1.3101756275666154 ]
			},
			"properties" : {
				"OBJECTID" : 33492,
				"POSTAL_CODE" : "276392",
				"HOUSE_BLK_NO" : "72",
				"STREET_NAME" : "TAMAN WARNA",
				"D_TYPE" : "Terrace House",
				"NO_OF_UNITS" : 1,
				"INC_CRC" : "617A0C512F4511BB",
				"FMEL_UPD_D" : "20241215232953"
			}
		},
		{
			"type" : "Feature",
			"geometry" : {
				"type" : "Point",
				"coordinates" : [ 103.79734241362162, 1.3101693259596179 ]
			},
			"properties" : {
				"OBJECTID" : 33493,
				"POSTAL_CODE" : "276393",
				"HOUSE_BLK_NO" : "74",
				"STREET_NAME" : "TAMAN WARNA",
				"D_TYPE" : "Terrace House",
				"NO_OF_UNITS" : 1,
				"INC_CRC" : "44736CAEC73FF8CC",
				"FMEL_UPD_D" : "20241215232953"
			}
		},
		{
			"type" : "Feature",
			"geometry" : {
				"type" : "Point",
				"coordinates" : [ 103.79728206449978, 1.3101632179126952 ]
			},
			"properties" : {
				"OBJECTID" : 33494,
				"POSTAL_CODE" : "276394",
				"HOUSE_BLK_NO" : "76",
				"STREET_NAME" : "TAMAN WARNA",
				"D_TYPE" : "Terrace House",
				"NO_OF_UNITS" : 1,
				"INC_CRC" : "FEEF1D4979B08039",
				"FMEL_UPD_D" : "20241215232953"
			}
		},
		{
			"type" : "Feature",
			"geometry" : {
				"type" : "Point",
				"coordinates" : [ 103.79722308296702, 1.310157248251929 ]
			},
			"properties" : {
				"OBJECTID" : 33495,
				"POSTAL_CODE" : "276395",
				"HOUSE_BLK_NO" : "78",
				"STREET_NAME" : "TAMAN WARNA",
				"D_TYPE" : "Terrace House",
				"NO_OF_UNITS" : 1,
				"INC_CRC" : "E135E027A694B618",
				"FMEL_UPD_D" : "20241215232953"
			}
		},
		{
			"type" : "Feature",
			"geometry" : {
				"type" : "Point",
				"coordinates" : [ 103.79716714481373, 1.3101515861179291 ]
			},
			"properties" : {
				"OBJECTID" : 33496,
				"POSTAL_CODE" : "276396",
				"HOUSE_BLK_NO" : "80",
				"STREET_NAME" : "TAMAN WARNA",
				"D_TYPE" : "Terrace House",
				"NO_OF_UNITS" : 1,
				"INC_CRC" : "0DC83F477F99AB33",
				"FMEL_UPD_D" : "20241215232953"
			}
		},
		{
			"type" : "Feature",
			"geometry" : {
				"type" : "Point",
				"coordinates" : [ 103.7970325232956, 1.3101580458434778 ]
			},
			"properties" : {
				"OBJECTID" : 33497,
				"POSTAL_CODE" : "276397",
				"HOUSE_BLK_NO" : "82",
				"STREET_NAME" : "TAMAN WARNA",
				"D_TYPE" : "Terrace House",
				"NO_OF_UNITS" : 1,
				"INC_CRC" : "9FB3EE9B9F3147F2",
				"FMEL_UPD_D" : "20241215232953"
			}
		},
		{
			"type" : "Feature",
			"geometry" : {
				"type" : "Point",
				"coordinates" : [ 103.79697422538688, 1.3101640201293665 ]
			},
			"properties" : {
				"OBJECTID" : 33498,
				"POSTAL_CODE" : "276398",
				"HOUSE_BLK_NO" : "84",
				"STREET_NAME" : "TAMAN WARNA",
				"D_TYPE" : "Terrace House",
				"NO_OF_UNITS" : 1,
				"INC_CRC" : "A8E24DF69A7C9001",
				"FMEL_UPD_D" : "20241215232953"
			}
		},
		{
			"type" : "Feature",
			"geometry" : {
				"type" : "Point",
				"coordinates" : [ 103.7969107042081, 1.3101705306256513 ]
			},
			"properties" : {
				"OBJECTID" : 33499,
				"POSTAL_CODE" : "276399",
				"HOUSE_BLK_NO" : "86",
				"STREET_NAME" : "TAMAN WARNA",
				"D_TYPE" : "Terrace House",
				"NO_OF_UNITS" : 1,
				"INC_CRC" : "241769A9EFBC828E",
				"FMEL_UPD_D" : "20241215232953"
			}
		},
		{
			"type" : "Feature",
			"geometry" : {
				"type" : "Point",
				"coordinates" : [ 103.84420411913811, 1.3122450187711816 ]
			},
			"properties" : {
				"OBJECTID" : 33500,
				"POSTAL_CODE" : "229209",
				"HOUSE_BLK_NO" : "32",
				"STREET_NAME" : "HOOPER ROAD",
				"D_TYPE" : "Terrace House",
				"NO_OF_UNITS" : 1,
				"INC_CRC" : "CBC8C9744ECC4C2E",
				"FMEL_UPD_D" : "20241215232953"
			}
		},
		{
			"type" : "Feature",
			"geometry" : {
				"type" : "Point",
				"coordinates" : [ 103.84371563025896, 1.3123141414533754 ]
			},
			"properties" : {
				"OBJECTID" : 33501,
				"POSTAL_CODE" : "229210",
				"HOUSE_BLK_NO" : "33",
				"STREET_NAME" : "HOOPER ROAD",
				"D_TYPE" : "Semi-Detached House",
				"NO_OF_UNITS" : 1,
				"INC_CRC" : "F1CD8603CF039146",
				"FMEL_UPD_D" : "20241215232953"
			}
		},
		{
			"type" : "Feature",
			"geometry" : {
				"type" : "Point",
				"coordinates" : [ 103.84374650016575, 1.3123729250296536 ]
			},
			"properties" : {
				"OBJECTID" : 33502,
				"POSTAL_CODE" : "229211",
				"HOUSE_BLK_NO" : "35",
				"STREET_NAME" : "HOOPER ROAD",
				"D_TYPE" : "Semi-Detached House",
				"NO_OF_UNITS" : 1,
				"INC_CRC" : "4E9DB56AFD006AF3",
				"FMEL_UPD_D" : "20241215232953"
			}
		},
		{
			"type" : "Feature",
			"geometry" : {
				"type" : "Point",
				"coordinates" : [ 103.84325326359472, 1.3118291424999622 ]
			},
			"properties" : {
				"OBJECTID" : 33503,
				"POSTAL_CODE" : "229212",
				"HOUSE_BLK_NO" : "17A",
				"STREET_NAME" : "HOOPER ROAD",
				"D_TYPE" : "Semi-Detached House",
				"NO_OF_UNITS" : 1,
				"INC_CRC" : "6F3D3A18C3DAB7E7",
				"FMEL_UPD_D" : "20241215232953"
			}
		},
		{
			"type" : "Feature",
			"geometry" : {
				"type" : "Point",
				"coordinates" : [ 103.84328244061973, 1.3118883628972673 ]
			},
			"properties" : {
				"OBJECTID" : 33504,
				"POSTAL_CODE" : "229213",
				"HOUSE_BLK_NO" : "19A",
				"STREET_NAME" : "HOOPER ROAD",
				"D_TYPE" : "Semi-Detached House",
				"NO_OF_UNITS" : 1,
				"INC_CRC" : "63D204FB7201CE6A",
				"FMEL_UPD_D" : "20241215232953"
			}
		},
		{
			"type" : "Feature",
			"geometry" : {
				"type" : "Point",
				"coordinates" : [ 103.84333403485878, 1.3119995009729641 ]
			},
			"properties" : {
				"OBJECTID" : 33505,
				"POSTAL_CODE" : "229214",
				"HOUSE_BLK_NO" : "21A",
				"STREET_NAME" : "HOOPER ROAD",
				"D_TYPE" : "Terrace House",
				"NO_OF_UNITS" : 1,
				"INC_CRC" : "77038A1D9D5BCE59",
				"FMEL_UPD_D" : "20241215232953"
			}
		},
		{
			"type" : "Feature",
			"geometry" : {
				"type" : "Point",
				"coordinates" : [ 103.84336789241343, 1.3120543342771556 ]
			},
			"properties" : {
				"OBJECTID" : 33506,
				"POSTAL_CODE" : "229215",
				"HOUSE_BLK_NO" : "23A",
				"STREET_NAME" : "HOOPER ROAD",
				"D_TYPE" : "Terrace House",
				"NO_OF_UNITS" : 1,
				"INC_CRC" : "AB1069F053CE0755",
				"FMEL_UPD_D" : "20241215232953"
			}
		},
		{
			"type" : "Feature",
			"geometry" : {
				"type" : "Point",
				"coordinates" : [ 103.84339832201869, 1.3121128510721594 ]
			},
			"properties" : {
				"OBJECTID" : 33507,
				"POSTAL_CODE" : "229216",
				"HOUSE_BLK_NO" : "25A",
				"STREET_NAME" : "HOOPER ROAD",
				"D_TYPE" : "Terrace House",
				"NO_OF_UNITS" : 1,
				"INC_CRC" : "2BB5BE5A1595A898",
				"FMEL_UPD_D" : "20241215232953"
			}
		},
		{
			"type" : "Feature",
			"geometry" : {
				"type" : "Point",
				"coordinates" : [ 103.84342843804009, 1.3121734750377783 ]
			},
			"properties" : {
				"OBJECTID" : 33508,
				"POSTAL_CODE" : "229217",
				"HOUSE_BLK_NO" : "27A",
				"STREET_NAME" : "HOOPER ROAD",
				"D_TYPE" : "Terrace House",
				"NO_OF_UNITS" : 1,
				"INC_CRC" : "0C2DD18826F95FAD",
				"FMEL_UPD_D" : "20241215232953"
			}
		},
		{
			"type" : "Feature",
			"geometry" : {
				"type" : "Point",
				"coordinates" : [ 103.84345764742736, 1.3122342663141542 ]
			},
			"properties" : {
				"OBJECTID" : 33509,
				"POSTAL_CODE" : "229218",
				"HOUSE_BLK_NO" : "29A",
				"STREET_NAME" : "HOOPER ROAD",
				"D_TYPE" : "Terrace House",
				"NO_OF_UNITS" : 1,
				"INC_CRC" : "EB77C499F5AC30BF",
				"FMEL_UPD_D" : "20241215232953"
			}
		},
		{
			"type" : "Feature",
			"geometry" : {
				"type" : "Point",
				"coordinates" : [ 103.84348763854716, 1.3122933655205993 ]
			},
			"properties" : {
				"OBJECTID" : 33510,
				"POSTAL_CODE" : "229219",
				"HOUSE_BLK_NO" : "31A",
				"STREET_NAME" : "HOOPER ROAD",
				"D_TYPE" : "Terrace House",
				"NO_OF_UNITS" : 1,
				"INC_CRC" : "11B28B3845056DEE",
				"FMEL_UPD_D" : "20241215232953"
			}
		},
		{
			"type" : "Feature",
			"geometry" : {
				"type" : "Point",
				"coordinates" : [ 103.84354384774439, 1.3124022779310638 ]
			},
			"properties" : {
				"OBJECTID" : 33511,
				"POSTAL_CODE" : "229220",
				"HOUSE_BLK_NO" : "33A",
				"STREET_NAME" : "HOOPER ROAD",
				"D_TYPE" : "Semi-Detached House",
				"NO_OF_UNITS" : 1,
				"INC_CRC" : "89C0DBC2CB4B618A",
				"FMEL_UPD_D" : "20241215232953"
			}
		},
		{
			"type" : "Feature",
			"geometry" : {
				"type" : "Point",
				"coordinates" : [ 103.8435735755997, 1.3124629652018525 ]
			},
			"properties" : {
				"OBJECTID" : 33512,
				"POSTAL_CODE" : "229221",
				"HOUSE_BLK_NO" : "35A",
				"STREET_NAME" : "HOOPER ROAD",
				"D_TYPE" : "Semi-Detached House",
				"NO_OF_UNITS" : 1,
				"INC_CRC" : "B5942F6250F57B58",
				"FMEL_UPD_D" : "20241215232953"
			}
		},
		{
			"type" : "Feature",
			"geometry" : {
				"type" : "Point",
				"coordinates" : [ 103.81748119309619, 1.2944212552305885 ]
			},
			"properties" : {
				"OBJECTID" : 33513,
				"POSTAL_CODE" : "249061",
				"HOUSE_BLK_NO" : "104",
				"STREET_NAME" : "JERVOIS ROAD",
				"D_TYPE" : "Detached House",
				"NO_OF_UNITS" : 1,
				"INC_CRC" : "C6DE859A90629E0A",
				"FMEL_UPD_D" : "20241215232953"
			}
		},
		{
			"type" : "Feature",
			"geometry" : {
				"type" : "Point",
				"coordinates" : [ 103.82028639237681, 1.3277290729191016 ]
			},
			"properties" : {
				"OBJECTID" : 33514,
				"POSTAL_CODE" : "298828",
				"HOUSE_BLK_NO" : "63",
				"STREET_NAME" : "KHEAM HOCK ROAD",
				"D_TYPE" : "Detached House",
				"NO_OF_UNITS" : 1,
				"INC_CRC" : "2F771B6703B9E078",
				"FMEL_UPD_D" : "20241215232953"
			}
		},
		{
			"type" : "Feature",
			"geometry" : {
				"type" : "Point",
				"coordinates" : [ 103.82002456503491, 1.3274165828046616 ]
			},
			"properties" : {
				"OBJECTID" : 33515,
				"POSTAL_CODE" : "298829",
				"HOUSE_BLK_NO" : "65",
				"STREET_NAME" : "KHEAM HOCK ROAD",
				"D_TYPE" : "Detached House",
				"NO_OF_UNITS" : 1,
				"INC_CRC" : "99E8337589117CB5",
				"FMEL_UPD_D" : "20241215232953"
			}
		},
		{
			"type" : "Feature",
			"geometry" : {
				"type" : "Point",
				"coordinates" : [ 103.81978250950047, 1.3274443852664115 ]
			},
			"properties" : {
				"OBJECTID" : 33516,
				"POSTAL_CODE" : "298830",
				"HOUSE_BLK_NO" : "67",
				"STREET_NAME" : "KHEAM HOCK ROAD",
				"D_TYPE" : "Detached House",
				"NO_OF_UNITS" : 1,
				"INC_CRC" : "2E78219806AAAB3A",
				"FMEL_UPD_D" : "20241215232953"
			}
		},
		{
			"type" : "Feature",
			"geometry" : {
				"type" : "Point",
				"coordinates" : [ 103.819721803385, 1.3278922434519047 ]
			},
			"properties" : {
				"OBJECTID" : 33517,
				"POSTAL_CODE" : "298831",
				"HOUSE_BLK_NO" : "69",
				"STREET_NAME" : "KHEAM HOCK ROAD",
				"D_TYPE" : "Detached House",
				"NO_OF_UNITS" : 1,
				"INC_CRC" : "39650670D464F807",
				"FMEL_UPD_D" : "20241215232953"
			}
		},
		{
			"type" : "Feature",
			"geometry" : {
				"type" : "Point",
				"coordinates" : [ 103.81995207524531, 1.3280443226639256 ]
			},
			"properties" : {
				"OBJECTID" : 33518,
				"POSTAL_CODE" : "298832",
				"HOUSE_BLK_NO" : "71",
				"STREET_NAME" : "KHEAM HOCK ROAD",
				"D_TYPE" : "Detached House",
				"NO_OF_UNITS" : 1,
				"INC_CRC" : "B654187EEC568FBA",
				"FMEL_UPD_D" : "20241215232953"
			}
		},
		{
			"type" : "Feature",
			"geometry" : {
				"type" : "Point",
				"coordinates" : [ 103.87148741821153, 1.4051262787185688 ]
			},
			"properties" : {
				"OBJECTID" : 33519,
				"POSTAL_CODE" : "798934",
				"HOUSE_BLK_NO" : "1",
				"STREET_NAME" : "LAMBETH WALK",
				"D_TYPE" : "Detached House",
				"NO_OF_UNITS" : 1,
				"INC_CRC" : "73646CDF8EF733A7",
				"FMEL_UPD_D" : "20241215232953"
			}
		},
		{
			"type" : "Feature",
			"geometry" : {
				"type" : "Point",
				"coordinates" : [ 103.87120726616214, 1.4054747256405902 ]
			},
			"properties" : {
				"OBJECTID" : 33520,
				"POSTAL_CODE" : "798935",
				"HOUSE_BLK_NO" : "3",
				"STREET_NAME" : "LAMBETH WALK",
				"D_TYPE" : "Detached House",
				"NO_OF_UNITS" : 1,
				"INC_CRC" : "2539A7633E41BFC5",
				"FMEL_UPD_D" : "20241215232953"
			}
		},
		{
			"type" : "Feature",
			"geometry" : {
				"type" : "Point",
				"coordinates" : [ 103.87101534228815, 1.4058177901342586 ]
			},
			"properties" : {
				"OBJECTID" : 33521,
				"POSTAL_CODE" : "798936",
				"HOUSE_BLK_NO" : "5",
				"STREET_NAME" : "LAMBETH WALK",
				"D_TYPE" : "Terrace House",
				"NO_OF_UNITS" : 1,
				"INC_CRC" : "7079BFF64D6A1457",
				"FMEL_UPD_D" : "20241215232953"
			}
		},
		{
			"type" : "Feature",
			"geometry" : {
				"type" : "Point",
				"coordinates" : [ 103.87099183591981, 1.405854148654292 ]
			},
			"properties" : {
				"OBJECTID" : 33522,
				"POSTAL_CODE" : "798937",
				"HOUSE_BLK_NO" : "7",
				"STREET_NAME" : "LAMBETH WALK",
				"D_TYPE" : "Terrace House",
				"NO_OF_UNITS" : 1,
				"INC_CRC" : "07CC0D8A867700E7",
				"FMEL_UPD_D" : "20241215232953"
			}
		},
		{
			"type" : "Feature",
			"geometry" : {
				"type" : "Point",
				"coordinates" : [ 103.87095002680502, 1.4059221990920323 ]
			},
			"properties" : {
				"OBJECTID" : 33523,
				"POSTAL_CODE" : "798938",
				"HOUSE_BLK_NO" : "9",
				"STREET_NAME" : "LAMBETH WALK",
				"D_TYPE" : "Terrace House",
				"NO_OF_UNITS" : 1,
				"INC_CRC" : "314859496EA43CAE",
				"FMEL_UPD_D" : "20241215232953"
			}
		},
		{
			"type" : "Feature",
			"geometry" : {
				"type" : "Point",
				"coordinates" : [ 103.87092523007601, 1.4059590387538827 ]
			},
			"properties" : {
				"OBJECTID" : 33524,
				"POSTAL_CODE" : "798939",
				"HOUSE_BLK_NO" : "11",
				"STREET_NAME" : "LAMBETH WALK",
				"D_TYPE" : "Terrace House",
				"NO_OF_UNITS" : 1,
				"INC_CRC" : "83A04A1CA21F8C12",
				"FMEL_UPD_D" : "20241215232953"
			}
		},
		{
			"type" : "Feature",
			"geometry" : {
				"type" : "Point",
				"coordinates" : [ 103.87073708627794, 1.406233892427744 ]
			},
			"properties" : {
				"OBJECTID" : 33525,
				"POSTAL_CODE" : "798940",
				"HOUSE_BLK_NO" : "13",
				"STREET_NAME" : "LAMBETH WALK",
				"D_TYPE" : "Terrace House",
				"NO_OF_UNITS" : 1,
				"INC_CRC" : "DC439121384CA941",
				"FMEL_UPD_D" : "20241215232953"
			}
		},
		{
			"type" : "Feature",
			"geometry" : {
				"type" : "Point",
				"coordinates" : [ 103.87071258260697, 1.4062786669707799 ]
			},
			"properties" : {
				"OBJECTID" : 33526,
				"POSTAL_CODE" : "798941",
				"HOUSE_BLK_NO" : "15",
				"STREET_NAME" : "LAMBETH WALK",
				"D_TYPE" : "Terrace House",
				"NO_OF_UNITS" : 1,
				"INC_CRC" : "168FE13076C799A7",
				"FMEL_UPD_D" : "20241215232953"
			}
		},
		{
			"type" : "Feature",
			"geometry" : {
				"type" : "Point",
				"coordinates" : [ 103.87066928543186, 1.4063473568128302 ]
			},
			"properties" : {
				"OBJECTID" : 33527,
				"POSTAL_CODE" : "798942",
				"HOUSE_BLK_NO" : "17",
				"STREET_NAME" : "LAMBETH WALK",
				"D_TYPE" : "Terrace House",
				"NO_OF_UNITS" : 1,
				"INC_CRC" : "A7DC5D5B687ABD05",
				"FMEL_UPD_D" : "20241215232953"
			}
		},
		{
			"type" : "Feature",
			"geometry" : {
				"type" : "Point",
				"coordinates" : [ 103.87064813808863, 1.4063996266684686 ]
			},
			"properties" : {
				"OBJECTID" : 33528,
				"POSTAL_CODE" : "798943",
				"HOUSE_BLK_NO" : "19",
				"STREET_NAME" : "LAMBETH WALK",
				"D_TYPE" : "Terrace House",
				"NO_OF_UNITS" : 1,
				"INC_CRC" : "168816F2CCF7FCFA",
				"FMEL_UPD_D" : "20241215232953"
			}
		},
		{
			"type" : "Feature",
			"geometry" : {
				"type" : "Point",
				"coordinates" : [ 103.87045440468687, 1.4066527268429414 ]
			},
			"properties" : {
				"OBJECTID" : 33529,
				"POSTAL_CODE" : "798944",
				"HOUSE_BLK_NO" : "21",
				"STREET_NAME" : "LAMBETH WALK",
				"D_TYPE" : "Terrace House",
				"NO_OF_UNITS" : 1,
				"INC_CRC" : "FCC5CBFEA16B666C",
				"FMEL_UPD_D" : "20241215232953"
			}
		},
		{
			"type" : "Feature",
			"geometry" : {
				"type" : "Point",
				"coordinates" : [ 103.87042822042999, 1.4066833155591933 ]
			},
			"properties" : {
				"OBJECTID" : 33530,
				"POSTAL_CODE" : "798945",
				"HOUSE_BLK_NO" : "23",
				"STREET_NAME" : "LAMBETH WALK",
				"D_TYPE" : "Terrace House",
				"NO_OF_UNITS" : 1,
				"INC_CRC" : "9FB15176270F23F0",
				"FMEL_UPD_D" : "20241215232953"
			}
		},
		{
			"type" : "Feature",
			"geometry" : {
				"type" : "Point",
				"coordinates" : [ 103.87038188606347, 1.4067544454182135 ]
			},
			"properties" : {
				"OBJECTID" : 33531,
				"POSTAL_CODE" : "798946",
				"HOUSE_BLK_NO" : "25",
				"STREET_NAME" : "LAMBETH WALK",
				"D_TYPE" : "Terrace House",
				"NO_OF_UNITS" : 1,
				"INC_CRC" : "E6BC93CAD327F539",
				"FMEL_UPD_D" : "20241215232953"
			}
		},
		{
			"type" : "Feature",
			"geometry" : {
				"type" : "Point",
				"coordinates" : [ 103.87035659066837, 1.4067954469644337 ]
			},
			"properties" : {
				"OBJECTID" : 33532,
				"POSTAL_CODE" : "798947",
				"HOUSE_BLK_NO" : "27",
				"STREET_NAME" : "LAMBETH WALK",
				"D_TYPE" : "Terrace House",
				"NO_OF_UNITS" : 1,
				"INC_CRC" : "33F6F2FA41E4EE6F",
				"FMEL_UPD_D" : "20241215232953"
			}
		},
		{
			"type" : "Feature",
			"geometry" : {
				"type" : "Point",
				"coordinates" : [ 103.87019592509053, 1.4071050195881665 ]
			},
			"properties" : {
				"OBJECTID" : 33533,
				"POSTAL_CODE" : "798948",
				"HOUSE_BLK_NO" : "29",
				"STREET_NAME" : "LAMBETH WALK",
				"D_TYPE" : "Terrace House",
				"NO_OF_UNITS" : 1,
				"INC_CRC" : "4A68E1CFE71AC0B1",
				"FMEL_UPD_D" : "20241215232953"
			}
		},
		{
			"type" : "Feature",
			"geometry" : {
				"type" : "Point",
				"coordinates" : [ 103.8701729427552, 1.4071530832726784 ]
			},
			"properties" : {
				"OBJECTID" : 33534,
				"POSTAL_CODE" : "798949",
				"HOUSE_BLK_NO" : "31",
				"STREET_NAME" : "LAMBETH WALK",
				"D_TYPE" : "Terrace House",
				"NO_OF_UNITS" : 1,
				"INC_CRC" : "A8C6E1A76B139B57",
				"FMEL_UPD_D" : "20241215232953"
			}
		},
		{
			"type" : "Feature",
			"geometry" : {
				"type" : "Point",
				"coordinates" : [ 103.87012020845921, 1.4072117429557178 ]
			},
			"properties" : {
				"OBJECTID" : 33535,
				"POSTAL_CODE" : "798950",
				"HOUSE_BLK_NO" : "33",
				"STREET_NAME" : "LAMBETH WALK",
				"D_TYPE" : "Terrace House",
				"NO_OF_UNITS" : 1,
				"INC_CRC" : "B6A78BE9B0C4707E",
				"FMEL_UPD_D" : "20241215232953"
			}
		},
		{
			"type" : "Feature",
			"geometry" : {
				"type" : "Point",
				"coordinates" : [ 103.87009741932523, 1.4072603356892706 ]
			},
			"properties" : {
				"OBJECTID" : 33536,
				"POSTAL_CODE" : "798951",
				"HOUSE_BLK_NO" : "35",
				"STREET_NAME" : "LAMBETH WALK",
				"D_TYPE" : "Terrace House",
				"NO_OF_UNITS" : 1,
				"INC_CRC" : "11F9B4CEF3EAC089",
				"FMEL_UPD_D" : "20241215232953"
			}
		},
		{
			"type" : "Feature",
			"geometry" : {
				"type" : "Point",
				"coordinates" : [ 103.8555660255182, 1.3077573717143924 ]
			},
			"properties" : {
				"OBJECTID" : 33537,
				"POSTAL_CODE" : "207436",
				"HOUSE_BLK_NO" : "60",
				"STREET_NAME" : "ROWELL ROAD",
				"D_TYPE" : "Other Apartment nec",
				"NO_OF_UNITS" : 1,
				"INC_CRC" : "14AEEC878BC1198D",
				"FMEL_UPD_D" : "20241215232953"
			}
		},
		{
			"type" : "Feature",
			"geometry" : {
				"type" : "Point",
				"coordinates" : [ 103.85559643906754, 1.3078033900397628 ]
			},
			"properties" : {
				"OBJECTID" : 33538,
				"POSTAL_CODE" : "207437",
				"HOUSE_BLK_NO" : "62",
				"STREET_NAME" : "ROWELL ROAD",
				"D_TYPE" : "Other Apartment nec",
				"NO_OF_UNITS" : 1,
				"INC_CRC" : "542DF571858FF8D6",
				"FMEL_UPD_D" : "20241215232953"
			}
		},
		{
			"type" : "Feature",
			"geometry" : {
				"type" : "Point",
				"coordinates" : [ 103.85559956117184, 1.3078657486695089 ]
			},
			"properties" : {
				"OBJECTID" : 33539,
				"POSTAL_CODE" : "207438",
				"HOUSE_BLK_NO" : "64",
				"STREET_NAME" : "ROWELL ROAD",
				"D_TYPE" : "Other Apartment nec",
				"NO_OF_UNITS" : 1,
				"INC_CRC" : "41BC644FC7D73F04",
				"FMEL_UPD_D" : "20241215232953"
			}
		},
		{
			"type" : "Feature",
			"geometry" : {
				"type" : "Point",
				"coordinates" : [ 103.8556591701704, 1.307892955947943 ]
			},
			"properties" : {
				"OBJECTID" : 33540,
				"POSTAL_CODE" : "207439",
				"HOUSE_BLK_NO" : "66",
				"STREET_NAME" : "ROWELL ROAD",
				"D_TYPE" : "Other Apartment nec",
				"NO_OF_UNITS" : 1,
				"INC_CRC" : "0CFD2C032FBC5039",
				"FMEL_UPD_D" : "20241215232953"
			}
		},
		{
			"type" : "Feature",
			"geometry" : {
				"type" : "Point",
				"coordinates" : [ 103.85569762493186, 1.3079508195685043 ]
			},
			"properties" : {
				"OBJECTID" : 33541,
				"POSTAL_CODE" : "207440",
				"HOUSE_BLK_NO" : "68",
				"STREET_NAME" : "ROWELL ROAD",
				"D_TYPE" : "Other Apartment nec",
				"NO_OF_UNITS" : 1,
				"INC_CRC" : "B22D992838C9D83B",
				"FMEL_UPD_D" : "20241215232953"
			}
		},
		{
			"type" : "Feature",
			"geometry" : {
				"type" : "Point",
				"coordinates" : [ 103.8558454649863, 1.3077708840337379 ]
			},
			"properties" : {
				"OBJECTID" : 33542,
				"POSTAL_CODE" : "208024",
				"HOUSE_BLK_NO" : "100",
				"STREET_NAME" : "ROWELL ROAD",
				"D_TYPE" : "Other Apartment nec",
				"NO_OF_UNITS" : 2,
				"INC_CRC" : "913D78FBFDA5EF88",
				"FMEL_UPD_D" : "20241215232953"
			}
		},
		{
			"type" : "Feature",
			"geometry" : {
				"type" : "Point",
				"coordinates" : [ 103.85589842149045, 1.3077369526969287 ]
			},
			"properties" : {
				"OBJECTID" : 33543,
				"POSTAL_CODE" : "208026",
				"HOUSE_BLK_NO" : "102",
				"STREET_NAME" : "ROWELL ROAD",
				"D_TYPE" : "Other Apartment nec",
				"NO_OF_UNITS" : 2,
				"INC_CRC" : "4F2C94BEAE8E5ABC",
				"FMEL_UPD_D" : "20241215232953"
			}
		},
		{
			"type" : "Feature",
			"geometry" : {
				"type" : "Point",
				"coordinates" : [ 103.85595016855271, 1.3077035459014898 ]
			},
			"properties" : {
				"OBJECTID" : 33544,
				"POSTAL_CODE" : "208028",
				"HOUSE_BLK_NO" : "104",
				"STREET_NAME" : "ROWELL ROAD",
				"D_TYPE" : "Other Apartment nec",
				"NO_OF_UNITS" : 2,
				"INC_CRC" : "F32D5726FBB7D298",
				"FMEL_UPD_D" : "20241215232953"
			}
		},
		{
			"type" : "Feature",
			"geometry" : {
				"type" : "Point",
				"coordinates" : [ 103.8560007475344, 1.3076737927488993 ]
			},
			"properties" : {
				"OBJECTID" : 33545,
				"POSTAL_CODE" : "208030",
				"HOUSE_BLK_NO" : "106",
				"STREET_NAME" : "ROWELL ROAD",
				"D_TYPE" : "Other Apartment nec",
				"NO_OF_UNITS" : 2,
				"INC_CRC" : "093E55AF7AE9771F",
				"FMEL_UPD_D" : "20241215232953"
			}
		},
		{
			"type" : "Feature",
			"geometry" : {
				"type" : "Point",
				"coordinates" : [ 103.8560449108429, 1.3076393957411043 ]
			},
			"properties" : {
				"OBJECTID" : 33546,
				"POSTAL_CODE" : "208032",
				"HOUSE_BLK_NO" : "108",
				"STREET_NAME" : "ROWELL ROAD",
				"D_TYPE" : "Other Apartment nec",
				"NO_OF_UNITS" : 2,
				"INC_CRC" : "C592AAB4E627946E",
				"FMEL_UPD_D" : "20241215232953"
			}
		},
		{
			"type" : "Feature",
			"geometry" : {
				"type" : "Point",
				"coordinates" : [ 103.85609165126071, 1.3076134255790821 ]
			},
			"properties" : {
				"OBJECTID" : 33547,
				"POSTAL_CODE" : "208034",
				"HOUSE_BLK_NO" : "110",
				"STREET_NAME" : "ROWELL ROAD",
				"D_TYPE" : "Other Apartment nec",
				"NO_OF_UNITS" : 2,
				"INC_CRC" : "1320798CFBBC3CCB",
				"FMEL_UPD_D" : "20241215232953"
			}
		},
		{
			"type" : "Feature",
			"geometry" : {
				"type" : "Point",
				"coordinates" : [ 103.85613686496364, 1.3075784244444968 ]
			},
			"properties" : {
				"OBJECTID" : 33548,
				"POSTAL_CODE" : "208035",
				"HOUSE_BLK_NO" : "112",
				"STREET_NAME" : "ROWELL ROAD",
				"D_TYPE" : "Other Apartment nec",
				"NO_OF_UNITS" : 2,
				"INC_CRC" : "F250C065171C550C",
				"FMEL_UPD_D" : "20241215232953"
			}
		},
		{
			"type" : "Feature",
			"geometry" : {
				"type" : "Point",
				"coordinates" : [ 103.85618924821719, 1.3075478962311167 ]
			},
			"properties" : {
				"OBJECTID" : 33549,
				"POSTAL_CODE" : "208036",
				"HOUSE_BLK_NO" : "114",
				"STREET_NAME" : "ROWELL ROAD",
				"D_TYPE" : "Other Apartment nec",
				"NO_OF_UNITS" : 2,
				"INC_CRC" : "D75534796238AE34",
				"FMEL_UPD_D" : "20241215232953"
			}
		},
		{
			"type" : "Feature",
			"geometry" : {
				"type" : "Point",
				"coordinates" : [ 103.85623967799397, 1.307513728871133 ]
			},
			"properties" : {
				"OBJECTID" : 33550,
				"POSTAL_CODE" : "208037",
				"HOUSE_BLK_NO" : "116",
				"STREET_NAME" : "ROWELL ROAD",
				"D_TYPE" : "Other Apartment nec",
				"NO_OF_UNITS" : 2,
				"INC_CRC" : "75CA829E84D3A7A5",
				"FMEL_UPD_D" : "20241215232953"
			}
		},
		{
			"type" : "Feature",
			"geometry" : {
				"type" : "Point",
				"coordinates" : [ 103.77657339365396, 1.3038912228291768 ]
			},
			"properties" : {
				"OBJECTID" : 33551,
				"POSTAL_CODE" : "139150",
				"HOUSE_BLK_NO" : "1",
				"STREET_NAME" : "SANDWICH ROAD",
				"D_TYPE" : "Detached House",
				"NO_OF_UNITS" : 1,
				"INC_CRC" : "5A09B289C89D43D2",
				"FMEL_UPD_D" : "20241215232953"
			}
		},
		{
			"type" : "Feature",
			"geometry" : {
				"type" : "Point",
				"coordinates" : [ 103.77634536278626, 1.303996622211515 ]
			},
			"properties" : {
				"OBJECTID" : 33552,
				"POSTAL_CODE" : "139152",
				"HOUSE_BLK_NO" : "3",
				"STREET_NAME" : "SANDWICH ROAD",
				"D_TYPE" : "Detached House",
				"NO_OF_UNITS" : 1,
				"INC_CRC" : "A3EF51B308A2827B",
				"FMEL_UPD_D" : "20241215232953"
			}
		},
		{
			"type" : "Feature",
			"geometry" : {
				"type" : "Point",
				"coordinates" : [ 103.7758909477641, 1.3044965869165577 ]
			},
			"properties" : {
				"OBJECTID" : 33553,
				"POSTAL_CODE" : "139155",
				"HOUSE_BLK_NO" : "6",
				"STREET_NAME" : "SANDWICH ROAD",
				"D_TYPE" : "Detached House",
				"NO_OF_UNITS" : 1,
				"INC_CRC" : "A1F15AD5FED6DBE9",
				"FMEL_UPD_D" : "20241215232953"
			}
		},
		{
			"type" : "Feature",
			"geometry" : {
				"type" : "Point",
				"coordinates" : [ 103.77562292121475, 1.3046594658007253 ]
			},
			"properties" : {
				"OBJECTID" : 33554,
				"POSTAL_CODE" : "139156",
				"HOUSE_BLK_NO" : "7",
				"STREET_NAME" : "SANDWICH ROAD",
				"D_TYPE" : "Detached House",
				"NO_OF_UNITS" : 1,
				"INC_CRC" : "36943B038AB9A3FA",
				"FMEL_UPD_D" : "20241215232953"
			}
		},
		{
			"type" : "Feature",
			"geometry" : {
				"type" : "Point",
				"coordinates" : [ 103.77567575952682, 1.3040979291319543 ]
			},
			"properties" : {
				"OBJECTID" : 33555,
				"POSTAL_CODE" : "139157",
				"HOUSE_BLK_NO" : "8",
				"STREET_NAME" : "SANDWICH ROAD",
				"D_TYPE" : "Detached House",
				"NO_OF_UNITS" : 1,
				"INC_CRC" : "E7C48BC10A049C6E",
				"FMEL_UPD_D" : "20241215232953"
			}
		},
		{
			"type" : "Feature",
			"geometry" : {
				"type" : "Point",
				"coordinates" : [ 103.77537858821968, 1.3042803406843182 ]
			},
			"properties" : {
				"OBJECTID" : 33556,
				"POSTAL_CODE" : "139158",
				"HOUSE_BLK_NO" : "9",
				"STREET_NAME" : "SANDWICH ROAD",
				"D_TYPE" : "Detached House",
				"NO_OF_UNITS" : 1,
				"INC_CRC" : "2D880302957CDBB3",
				"FMEL_UPD_D" : "20241215232953"
			}
		},
		{
			"type" : "Feature",
			"geometry" : {
				"type" : "Point",
				"coordinates" : [ 103.77513879323213, 1.3044758794785751 ]
			},
			"properties" : {
				"OBJECTID" : 33557,
				"POSTAL_CODE" : "139159",
				"HOUSE_BLK_NO" : "10",
				"STREET_NAME" : "SANDWICH ROAD",
				"D_TYPE" : "Detached House",
				"NO_OF_UNITS" : 1,
				"INC_CRC" : "AD8899B6E043F462",
				"FMEL_UPD_D" : "20241215232953"
			}
		},
		{
			"type" : "Feature",
			"geometry" : {
				"type" : "Point",
				"coordinates" : [ 103.77488552851527, 1.30469243988107 ]
			},
			"properties" : {
				"OBJECTID" : 33558,
				"POSTAL_CODE" : "139160",
				"HOUSE_BLK_NO" : "11",
				"STREET_NAME" : "SANDWICH ROAD",
				"D_TYPE" : "Detached House",
				"NO_OF_UNITS" : 1,
				"INC_CRC" : "C75AC908F94FE93A",
				"FMEL_UPD_D" : "20241215232953"
			}
		},
		{
			"type" : "Feature",
			"geometry" : {
				"type" : "Point",
				"coordinates" : [ 103.77534811436892, 1.3048542821224782 ]
			},
			"properties" : {
				"OBJECTID" : 33559,
				"POSTAL_CODE" : "139161",
				"HOUSE_BLK_NO" : "12",
				"STREET_NAME" : "SANDWICH ROAD",
				"D_TYPE" : "Detached House",
				"NO_OF_UNITS" : 1,
				"INC_CRC" : "235B3A7DEAA3FD88",
				"FMEL_UPD_D" : "20241215232953"
			}
		},
		{
			"type" : "Feature",
			"geometry" : {
				"type" : "Point",
				"coordinates" : [ 103.77509730033393, 1.3051720237835356 ]
			},
			"properties" : {
				"OBJECTID" : 33560,
				"POSTAL_CODE" : "139162",
				"HOUSE_BLK_NO" : "13",
				"STREET_NAME" : "SANDWICH ROAD",
				"D_TYPE" : "Detached House",
				"NO_OF_UNITS" : 1,
				"INC_CRC" : "7704A853D0309F8F",
				"FMEL_UPD_D" : "20241215232953"
			}
		},
		{
			"type" : "Feature",
			"geometry" : {
				"type" : "Point",
				"coordinates" : [ 103.77469889393518, 1.3049746215879197 ]
			},
			"properties" : {
				"OBJECTID" : 33561,
				"POSTAL_CODE" : "139163",
				"HOUSE_BLK_NO" : "14",
				"STREET_NAME" : "SANDWICH ROAD",
				"D_TYPE" : "Detached House",
				"NO_OF_UNITS" : 1,
				"INC_CRC" : "DB1AA9101ABCA066",
				"FMEL_UPD_D" : "20241215232953"
			}
		},
		{
			"type" : "Feature",
			"geometry" : {
				"type" : "Point",
				"coordinates" : [ 103.77458424067119, 1.3053082370728302 ]
			},
			"properties" : {
				"OBJECTID" : 33562,
				"POSTAL_CODE" : "139164",
				"HOUSE_BLK_NO" : "15",
				"STREET_NAME" : "SANDWICH ROAD",
				"D_TYPE" : "Detached House",
				"NO_OF_UNITS" : 1,
				"INC_CRC" : "ED6509795D371F22",
				"FMEL_UPD_D" : "20241215232953"
			}
		},
		{
			"type" : "Feature",
			"geometry" : {
				"type" : "Point",
				"coordinates" : [ 103.77482531391242, 1.3056008398463883 ]
			},
			"properties" : {
				"OBJECTID" : 33563,
				"POSTAL_CODE" : "139165",
				"HOUSE_BLK_NO" : "16",
				"STREET_NAME" : "SANDWICH ROAD",
				"D_TYPE" : "Detached House",
				"NO_OF_UNITS" : 1,
				"INC_CRC" : "C0E8B8B5FC3CEA13",
				"FMEL_UPD_D" : "20241215232953"
			}
		},
		{
			"type" : "Feature",
			"geometry" : {
				"type" : "Point",
				"coordinates" : [ 103.77501761944735, 1.3058562558096234 ]
			},
			"properties" : {
				"OBJECTID" : 33564,
				"POSTAL_CODE" : "139167",
				"HOUSE_BLK_NO" : "18",
				"STREET_NAME" : "SANDWICH ROAD",
				"D_TYPE" : "Detached House",
				"NO_OF_UNITS" : 1,
				"INC_CRC" : "6554D0E008718D06",
				"FMEL_UPD_D" : "20241215232953"
			}
		},
		{
			"type" : "Feature",
			"geometry" : {
				"type" : "Point",
				"coordinates" : [ 103.85022510481336, 1.3045523531770686 ]
			},
			"properties" : {
				"OBJECTID" : 33565,
				"POSTAL_CODE" : "188338",
				"HOUSE_BLK_NO" : "217",
				"STREET_NAME" : "SELEGIE ROAD",
				"D_TYPE" : "Shophouse",
				"NO_OF_UNITS" : 1,
				"INC_CRC" : "3396897CE92C85D8",
				"FMEL_UPD_D" : "20241215232953"
			}
		},
		{
			"type" : "Feature",
			"geometry" : {
				"type" : "Point",
				"coordinates" : [ 103.85022510481336, 1.3045523531770686 ]
			},
			"properties" : {
				"OBJECTID" : 33566,
				"POSTAL_CODE" : "188339",
				"HOUSE_BLK_NO" : "219",
				"STREET_NAME" : "SELEGIE ROAD",
				"D_TYPE" : "Shophouse",
				"NO_OF_UNITS" : 1,
				"INC_CRC" : "3396897C2D42173A",
				"FMEL_UPD_D" : "20241215232953"
			}
		},
		{
			"type" : "Feature",
			"geometry" : {
				"type" : "Point",
				"coordinates" : [ 103.85022510481336, 1.3045523531770686 ]
			},
			"properties" : {
				"OBJECTID" : 33567,
				"POSTAL_CODE" : "188342",
				"HOUSE_BLK_NO" : "225",
				"STREET_NAME" : "SELEGIE ROAD",
				"D_TYPE" : "Shophouse",
				"NO_OF_UNITS" : 1,
				"INC_CRC" : "3396897C076EBD51",
				"FMEL_UPD_D" : "20241215232953"
			}
		},
		{
			"type" : "Feature",
			"geometry" : {
				"type" : "Point",
				"coordinates" : [ 103.8503195033847, 1.3046807632855295 ]
			},
			"properties" : {
				"OBJECTID" : 33568,
				"POSTAL_CODE" : "188343",
				"HOUSE_BLK_NO" : "229",
				"STREET_NAME" : "SELEGIE ROAD",
				"D_TYPE" : "Shophouse",
				"NO_OF_UNITS" : 1,
				"INC_CRC" : "C7A49B9A3B86E82E",
				"FMEL_UPD_D" : "20241215232953"
			}
		},
		{
			"type" : "Feature",
			"geometry" : {
				"type" : "Point",
				"coordinates" : [ 103.85037584620468, 1.3048665953839098 ]
			},
			"properties" : {
				"OBJECTID" : 33569,
				"POSTAL_CODE" : "188348",
				"HOUSE_BLK_NO" : "237",
				"STREET_NAME" : "SELEGIE ROAD",
				"D_TYPE" : "Shophouse",
				"NO_OF_UNITS" : 1,
				"INC_CRC" : "E830D0714F155299",
				"FMEL_UPD_D" : "20241215232953"
			}
		},
		{
			"type" : "Feature",
			"geometry" : {
				"type" : "Point",
				"coordinates" : [ 103.85022510481336, 1.3045523531770686 ]
			},
			"properties" : {
				"OBJECTID" : 33570,
				"POSTAL_CODE" : "188334",
				"HOUSE_BLK_NO" : "209A",
				"STREET_NAME" : "SELEGIE ROAD",
				"D_TYPE" : "Shophouse",
				"NO_OF_UNITS" : 1,
				"INC_CRC" : "3396897C28078D4C",
				"FMEL_UPD_D" : "20241215232953"
			}
		},
		{
			"type" : "Feature",
			"geometry" : {
				"type" : "Point",
				"coordinates" : [ 103.85022510481336, 1.3045523531770686 ]
			},
			"properties" : {
				"OBJECTID" : 33571,
				"POSTAL_CODE" : "188336",
				"HOUSE_BLK_NO" : "213A",
				"STREET_NAME" : "SELEGIE ROAD",
				"D_TYPE" : "Shophouse",
				"NO_OF_UNITS" : 1,
				"INC_CRC" : "3396897C9E4554CC",
				"FMEL_UPD_D" : "20241215232953"
			}
		},
		{
			"type" : "Feature",
			"geometry" : {
				"type" : "Point",
				"coordinates" : [ 103.85036163684582, 1.3047714237542343 ]
			},
			"properties" : {
				"OBJECTID" : 33572,
				"POSTAL_CODE" : "188346",
				"HOUSE_BLK_NO" : "233A",
				"STREET_NAME" : "SELEGIE ROAD",
				"D_TYPE" : "Shophouse",
				"NO_OF_UNITS" : 1,
				"INC_CRC" : "10777DAC1378180A",
				"FMEL_UPD_D" : "20241215232953"
			}
		},
		{
			"type" : "Feature",
			"geometry" : {
				"type" : "Point",
				"coordinates" : [ 103.85556389643207, 1.3123985784115417 ]
			},
			"properties" : {
				"OBJECTID" : 33573,
				"POSTAL_CODE" : "218115",
				"HOUSE_BLK_NO" : "355A",
				"STREET_NAME" : "SERANGOON ROAD",
				"D_TYPE" : "Shophouse",
				"NO_OF_UNITS" : 3,
				"INC_CRC" : "3E6EA7899B2E96C2",
				"FMEL_UPD_D" : "20241215232953"
			}
		},
		{
			"type" : "Feature",
			"geometry" : {
				"type" : "Point",
				"coordinates" : [ 103.85556389643207, 1.3123985784115417 ]
			},
			"properties" : {
				"OBJECTID" : 33574,
				"POSTAL_CODE" : "218116",
				"HOUSE_BLK_NO" : "357A",
				"STREET_NAME" : "SERANGOON ROAD",
				"D_TYPE" : "Shophouse",
				"NO_OF_UNITS" : 3,
				"INC_CRC" : "3E6EA78967C52F52",
				"FMEL_UPD_D" : "20241215232953"
			}
		},
		{
			"type" : "Feature",
			"geometry" : {
				"type" : "Point",
				"coordinates" : [ 103.81992779557135, 1.3036035048557946 ]
			},
			"properties" : {
				"OBJECTID" : 33575,
				"POSTAL_CODE" : "248159",
				"HOUSE_BLK_NO" : "36",
				"STREET_NAME" : "SHERWOOD ROAD",
				"D_TYPE" : "Detached House",
				"NO_OF_UNITS" : 1,
				"INC_CRC" : "2CA0A22F1713E10B",
				"FMEL_UPD_D" : "20241215232953"
			}
		},
		{
			"type" : "Feature",
			"geometry" : {
				"type" : "Point",
				"coordinates" : [ 103.79684916602612, 1.3101839088937195 ]
			},
			"properties" : {
				"OBJECTID" : 33576,
				"POSTAL_CODE" : "276400",
				"HOUSE_BLK_NO" : "88",
				"STREET_NAME" : "TAMAN WARNA",
				"D_TYPE" : "Terrace House",
				"NO_OF_UNITS" : 1,
				"INC_CRC" : "47CCA58A1C094CFB",
				"FMEL_UPD_D" : "20241215232953"
			}
		},
		{
			"type" : "Feature",
			"geometry" : {
				"type" : "Point",
				"coordinates" : [ 103.7967913675128, 1.3102034540769647 ]
			},
			"properties" : {
				"OBJECTID" : 33577,
				"POSTAL_CODE" : "276401",
				"HOUSE_BLK_NO" : "90",
				"STREET_NAME" : "TAMAN WARNA",
				"D_TYPE" : "Terrace House",
				"NO_OF_UNITS" : 1,
				"INC_CRC" : "CB0FD959FAF3BC08",
				"FMEL_UPD_D" : "20241215232953"
			}
		},
		{
			"type" : "Feature",
			"geometry" : {
				"type" : "Point",
				"coordinates" : [ 103.79673515134898, 1.3102225480041938 ]
			},
			"properties" : {
				"OBJECTID" : 33578,
				"POSTAL_CODE" : "276402",
				"HOUSE_BLK_NO" : "92",
				"STREET_NAME" : "TAMAN WARNA",
				"D_TYPE" : "Terrace House",
				"NO_OF_UNITS" : 1,
				"INC_CRC" : "4D6FF46C4C6ECDA6",
				"FMEL_UPD_D" : "20241215232953"
			}
		},
		{
			"type" : "Feature",
			"geometry" : {
				"type" : "Point",
				"coordinates" : [ 103.79667913286602, 1.310241573201332 ]
			},
			"properties" : {
				"OBJECTID" : 33579,
				"POSTAL_CODE" : "276403",
				"HOUSE_BLK_NO" : "94",
				"STREET_NAME" : "TAMAN WARNA",
				"D_TYPE" : "Terrace House",
				"NO_OF_UNITS" : 1,
				"INC_CRC" : "E773B3B144E0567B",
				"FMEL_UPD_D" : "20241215232953"
			}
		},
		{
			"type" : "Feature",
			"geometry" : {
				"type" : "Point",
				"coordinates" : [ 103.79662641296996, 1.3102594797468818 ]
			},
			"properties" : {
				"OBJECTID" : 33580,
				"POSTAL_CODE" : "276404",
				"HOUSE_BLK_NO" : "96",
				"STREET_NAME" : "TAMAN WARNA",
				"D_TYPE" : "Terrace House",
				"NO_OF_UNITS" : 1,
				"INC_CRC" : "DD9DD80CFF444C62",
				"FMEL_UPD_D" : "20241215232953"
			}
		},
		{
			"type" : "Feature",
			"geometry" : {
				"type" : "Point",
				"coordinates" : [ 103.81293171556607, 1.3296658289370564 ]
			},
			"properties" : {
				"OBJECTID" : 33581,
				"POSTAL_CODE" : "289921",
				"HOUSE_BLK_NO" : "2",
				"STREET_NAME" : "ADAM PARK",
				"D_TYPE" : "Detached House",
				"NO_OF_UNITS" : 1,
				"INC_CRC" : "D2A0F8FE5D58F023",
				"FMEL_UPD_D" : "20241215232953"
			}
		},
		{
			"type" : "Feature",
			"geometry" : {
				"type" : "Point",
				"coordinates" : [ 103.8127435563882, 1.330080976805481 ]
			},
			"properties" : {
				"OBJECTID" : 33582,
				"POSTAL_CODE" : "289922",
				"HOUSE_BLK_NO" : "3",
				"STREET_NAME" : "ADAM PARK",
				"D_TYPE" : "Detached House",
				"NO_OF_UNITS" : 1,
				"INC_CRC" : "2FE3F31B2DD7AA42",
				"FMEL_UPD_D" : "20241215232953"
			}
		},
		{
			"type" : "Feature",
			"geometry" : {
				"type" : "Point",
				"coordinates" : [ 103.81268159211876, 1.330605398279714 ]
			},
			"properties" : {
				"OBJECTID" : 33583,
				"POSTAL_CODE" : "289923",
				"HOUSE_BLK_NO" : "4",
				"STREET_NAME" : "ADAM PARK",
				"D_TYPE" : "Detached House",
				"NO_OF_UNITS" : 1,
				"INC_CRC" : "6C7A1F6FF74DEB74",
				"FMEL_UPD_D" : "20241215232953"
			}
		},
		{
			"type" : "Feature",
			"geometry" : {
				"type" : "Point",
				"coordinates" : [ 103.81245395456041, 1.3310449527775534 ]
			},
			"properties" : {
				"OBJECTID" : 33584,
				"POSTAL_CODE" : "289924",
				"HOUSE_BLK_NO" : "5",
				"STREET_NAME" : "ADAM PARK",
				"D_TYPE" : "Detached House",
				"NO_OF_UNITS" : 1,
				"INC_CRC" : "6E8FCE835104DD8C",
				"FMEL_UPD_D" : "20241215232953"
			}
		},
		{
			"type" : "Feature",
			"geometry" : {
				"type" : "Point",
				"coordinates" : [ 103.81204505613186, 1.3314304047892673 ]
			},
			"properties" : {
				"OBJECTID" : 33585,
				"POSTAL_CODE" : "289925",
				"HOUSE_BLK_NO" : "6",
				"STREET_NAME" : "ADAM PARK",
				"D_TYPE" : "Detached House",
				"NO_OF_UNITS" : 1,
				"INC_CRC" : "144434E6F62DCE99",
				"FMEL_UPD_D" : "20241215232953"
			}
		},
		{
			"type" : "Feature",
			"geometry" : {
				"type" : "Point",
				"coordinates" : [ 103.81403324624337, 1.3300777831303654 ]
			},
			"properties" : {
				"OBJECTID" : 33586,
				"POSTAL_CODE" : "289927",
				"HOUSE_BLK_NO" : "8",
				"STREET_NAME" : "ADAM PARK",
				"D_TYPE" : "Detached House",
				"NO_OF_UNITS" : 1,
				"INC_CRC" : "E321DF94F6C4166F",
				"FMEL_UPD_D" : "20241215232953"
			}
		},
		{
			"type" : "Feature",
			"geometry" : {
				"type" : "Point",
				"coordinates" : [ 103.81324518339669, 1.3300569366258534 ]
			},
			"properties" : {
				"OBJECTID" : 33587,
				"POSTAL_CODE" : "289928",
				"HOUSE_BLK_NO" : "9",
				"STREET_NAME" : "ADAM PARK",
				"D_TYPE" : "Detached House",
				"NO_OF_UNITS" : 1,
				"INC_CRC" : "A157648D1243F41F",
				"FMEL_UPD_D" : "20241215232953"
			}
		},
		{
			"type" : "Feature",
			"geometry" : {
				"type" : "Point",
				"coordinates" : [ 103.81329859831988, 1.3306906985398532 ]
			},
			"properties" : {
				"OBJECTID" : 33588,
				"POSTAL_CODE" : "289929",
				"HOUSE_BLK_NO" : "10",
				"STREET_NAME" : "ADAM PARK",
				"D_TYPE" : "Detached House",
				"NO_OF_UNITS" : 1,
				"INC_CRC" : "F9D42D398FCDE348",
				"FMEL_UPD_D" : "20241215232953"
			}
		},
		{
			"type" : "Feature",
			"geometry" : {
				"type" : "Point",
				"coordinates" : [ 103.81308487624158, 1.3311987172228539 ]
			},
			"properties" : {
				"OBJECTID" : 33589,
				"POSTAL_CODE" : "289930",
				"HOUSE_BLK_NO" : "11",
				"STREET_NAME" : "ADAM PARK",
				"D_TYPE" : "Detached House",
				"NO_OF_UNITS" : 1,
				"INC_CRC" : "EB9BF911FDCD2CA8",
				"FMEL_UPD_D" : "20241215232953"
			}
		},
		{
			"type" : "Feature",
			"geometry" : {
				"type" : "Point",
				"coordinates" : [ 103.81269888455749, 1.331394588504732 ]
			},
			"properties" : {
				"OBJECTID" : 33590,
				"POSTAL_CODE" : "289931",
				"HOUSE_BLK_NO" : "12",
				"STREET_NAME" : "ADAM PARK",
				"D_TYPE" : "Detached House",
				"NO_OF_UNITS" : 1,
				"INC_CRC" : "24D349BCE2B41A87",
				"FMEL_UPD_D" : "20241215232953"
			}
		},
		{
			"type" : "Feature",
			"geometry" : {
				"type" : "Point",
				"coordinates" : [ 103.81292705191788, 1.332088635014065 ]
			},
			"properties" : {
				"OBJECTID" : 33591,
				"POSTAL_CODE" : "289932",
				"HOUSE_BLK_NO" : "13",
				"STREET_NAME" : "ADAM PARK",
				"D_TYPE" : "Detached House",
				"NO_OF_UNITS" : 1,
				"INC_CRC" : "E7463F5BE1412594",
				"FMEL_UPD_D" : "20241215232953"
			}
		},
		{
			"type" : "Feature",
			"geometry" : {
				"type" : "Point",
				"coordinates" : [ 103.81235357983957, 1.3319683243662057 ]
			},
			"properties" : {
				"OBJECTID" : 33592,
				"POSTAL_CODE" : "289933",
				"HOUSE_BLK_NO" : "14",
				"STREET_NAME" : "ADAM PARK",
				"D_TYPE" : "Detached House",
				"NO_OF_UNITS" : 1,
				"INC_CRC" : "C38C6FF0DD7EAD12",
				"FMEL_UPD_D" : "20241215232953"
			}
		},
		{
			"type" : "Feature",
			"geometry" : {
				"type" : "Point",
				"coordinates" : [ 103.81149006624852, 1.3322745753336844 ]
			},
			"properties" : {
				"OBJECTID" : 33593,
				"POSTAL_CODE" : "289934",
				"HOUSE_BLK_NO" : "15",
				"STREET_NAME" : "ADAM PARK",
				"D_TYPE" : "Detached House",
				"NO_OF_UNITS" : 1,
				"INC_CRC" : "9551693BE6D2CB72",
				"FMEL_UPD_D" : "20241215232953"
			}
		},
		{
			"type" : "Feature",
			"geometry" : {
				"type" : "Point",
				"coordinates" : [ 103.8114355935169, 1.3318154154234085 ]
			},
			"properties" : {
				"OBJECTID" : 33594,
				"POSTAL_CODE" : "289935",
				"HOUSE_BLK_NO" : "16",
				"STREET_NAME" : "ADAM PARK",
				"D_TYPE" : "Detached House",
				"NO_OF_UNITS" : 1,
				"INC_CRC" : "2BA9B616A155AC20",
				"FMEL_UPD_D" : "20241215232953"
			}
		},
		{
			"type" : "Feature",
			"geometry" : {
				"type" : "Point",
				"coordinates" : [ 103.81412435476445, 1.3306118382321226 ]
			},
			"properties" : {
				"OBJECTID" : 33595,
				"POSTAL_CODE" : "289936",
				"HOUSE_BLK_NO" : "17",
				"STREET_NAME" : "ADAM PARK",
				"D_TYPE" : "Detached House",
				"NO_OF_UNITS" : 1,
				"INC_CRC" : "22883D93CD1B3D5D",
				"FMEL_UPD_D" : "20241215232953"
			}
		},
		{
			"type" : "Feature",
			"geometry" : {
				"type" : "Point",
				"coordinates" : [ 103.81408191259091, 1.3311633519447232 ]
			},
			"properties" : {
				"OBJECTID" : 33596,
				"POSTAL_CODE" : "289937",
				"HOUSE_BLK_NO" : "18",
				"STREET_NAME" : "ADAM PARK",
				"D_TYPE" : "Detached House",
				"NO_OF_UNITS" : 1,
				"INC_CRC" : "3A6AC9116D5F88F0",
				"FMEL_UPD_D" : "20241215232953"
			}
		},
		{
			"type" : "Feature",
			"geometry" : {
				"type" : "Point",
				"coordinates" : [ 103.8137630882929, 1.3315579842524308 ]
			},
			"properties" : {
				"OBJECTID" : 33597,
				"POSTAL_CODE" : "289938",
				"HOUSE_BLK_NO" : "19",
				"STREET_NAME" : "ADAM PARK",
				"D_TYPE" : "Detached House",
				"NO_OF_UNITS" : 1,
				"INC_CRC" : "4B49C5DA02102654",
				"FMEL_UPD_D" : "20241215232953"
			}
		},
		{
			"type" : "Feature",
			"geometry" : {
				"type" : "Point",
				"coordinates" : [ 103.81346799643825, 1.331743956301092 ]
			},
			"properties" : {
				"OBJECTID" : 33598,
				"POSTAL_CODE" : "289939",
				"HOUSE_BLK_NO" : "20",
				"STREET_NAME" : "ADAM PARK",
				"D_TYPE" : "Detached House",
				"NO_OF_UNITS" : 1,
				"INC_CRC" : "8CEBF5C088B7CA4E",
				"FMEL_UPD_D" : "20241215232953"
			}
		},
		{
			"type" : "Feature",
			"geometry" : {
				"type" : "Point",
				"coordinates" : [ 103.84781058170698, 1.3240711579539735 ]
			},
			"properties" : {
				"OBJECTID" : 33599,
				"POSTAL_CODE" : "309976",
				"HOUSE_BLK_NO" : "15",
				"STREET_NAME" : "AKYAB ROAD",
				"D_TYPE" : "Detached House",
				"NO_OF_UNITS" : 1,
				"INC_CRC" : "16122B19A171C843",
				"FMEL_UPD_D" : "20241215232953"
			}
		},
		{
			"type" : "Feature",
			"geometry" : {
				"type" : "Point",
				"coordinates" : [ 103.84757243077256, 1.3237399457547427 ]
			},
			"properties" : {
				"OBJECTID" : 33600,
				"POSTAL_CODE" : "309840",
				"HOUSE_BLK_NO" : "10",
				"STREET_NAME" : "BASSEIN ROAD",
				"D_TYPE" : "Semi-Detached House",
				"NO_OF_UNITS" : 1,
				"INC_CRC" : "85772B75379C4616",
				"FMEL_UPD_D" : "20241215232953"
			}
		},
		{
			"type" : "Feature",
			"geometry" : {
				"type" : "Point",
				"coordinates" : [ 103.8476045409507, 1.3238047414840017 ]
			},
			"properties" : {
				"OBJECTID" : 33601,
				"POSTAL_CODE" : "309841",
				"HOUSE_BLK_NO" : "12",
				"STREET_NAME" : "BASSEIN ROAD",
				"D_TYPE" : "Semi-Detached House",
				"NO_OF_UNITS" : 1,
				"INC_CRC" : "91F216B51A0DEB68",
				"FMEL_UPD_D" : "20241215232953"
			}
		},
		{
			"type" : "Feature",
			"geometry" : {
				"type" : "Point",
				"coordinates" : [ 103.79955937385085, 1.3094697939434474 ]
			},
			"properties" : {
				"OBJECTID" : 31181,
				"POSTAL_CODE" : "278429",
				"HOUSE_BLK_NO" : "15",
				"STREET_NAME" : "JALAN HITAM MANIS",
				"D_TYPE" : "Terrace House",
				"NO_OF_UNITS" : 1,
				"INC_CRC" : "1678461F3CAD353A",
				"FMEL_UPD_D" : "20241215232953"
			}
		},
		{
			"type" : "Feature",
			"geometry" : {
				"type" : "Point",
				"coordinates" : [ 103.7991088080818, 1.3098340396164927 ]
			},
			"properties" : {
				"OBJECTID" : 31182,
				"POSTAL_CODE" : "278430",
				"HOUSE_BLK_NO" : "16",
				"STREET_NAME" : "JALAN HITAM MANIS",
				"D_TYPE" : "Terrace House",
				"NO_OF_UNITS" : 1,
				"INC_CRC" : "3B54F896011EE560",
				"FMEL_UPD_D" : "20241215232953"
			}
		},
		{
			"type" : "Feature",
			"geometry" : {
				"type" : "Point",
				"coordinates" : [ 103.79954468970077, 1.3094082978574766 ]
			},
			"properties" : {
				"OBJECTID" : 31183,
				"POSTAL_CODE" : "278431",
				"HOUSE_BLK_NO" : "17",
				"STREET_NAME" : "JALAN HITAM MANIS",
				"D_TYPE" : "Terrace House",
				"NO_OF_UNITS" : 1,
				"INC_CRC" : "A995A0EA93AD731C",
				"FMEL_UPD_D" : "20241215232953"
			}
		},
		{
			"type" : "Feature",
			"geometry" : {
				"type" : "Point",
				"coordinates" : [ 103.7991477392661, 1.3097839446845767 ]
			},
			"properties" : {
				"OBJECTID" : 31184,
				"POSTAL_CODE" : "278432",
				"HOUSE_BLK_NO" : "18",
				"STREET_NAME" : "JALAN HITAM MANIS",
				"D_TYPE" : "Terrace House",
				"NO_OF_UNITS" : 1,
				"INC_CRC" : "D2388391B8A574C6",
				"FMEL_UPD_D" : "20241215232953"
			}
		},
		{
			"type" : "Feature",
			"geometry" : {
				"type" : "Point",
				"coordinates" : [ 103.79951557387955, 1.3093534893515955 ]
			},
			"properties" : {
				"OBJECTID" : 31185,
				"POSTAL_CODE" : "278433",
				"HOUSE_BLK_NO" : "19",
				"STREET_NAME" : "JALAN HITAM MANIS",
				"D_TYPE" : "Terrace House",
				"NO_OF_UNITS" : 1,
				"INC_CRC" : "3AD02B45D311F1CB",
				"FMEL_UPD_D" : "20241215232953"
			}
		},
		{
			"type" : "Feature",
			"geometry" : {
				"type" : "Point",
				"coordinates" : [ 103.79917027113855, 1.3097268443191297 ]
			},
			"properties" : {
				"OBJECTID" : 31186,
				"POSTAL_CODE" : "278434",
				"HOUSE_BLK_NO" : "20",
				"STREET_NAME" : "JALAN HITAM MANIS",
				"D_TYPE" : "Terrace House",
				"NO_OF_UNITS" : 1,
				"INC_CRC" : "8921DB95C8D79BC7",
				"FMEL_UPD_D" : "20241215232953"
			}
		},
		{
			"type" : "Feature",
			"geometry" : {
				"type" : "Point",
				"coordinates" : [ 103.79950148631144, 1.3092961461155945 ]
			},
			"properties" : {
				"OBJECTID" : 31187,
				"POSTAL_CODE" : "278435",
				"HOUSE_BLK_NO" : "21",
				"STREET_NAME" : "JALAN HITAM MANIS",
				"D_TYPE" : "Terrace House",
				"NO_OF_UNITS" : 1,
				"INC_CRC" : "32EB21633F39937E",
				"FMEL_UPD_D" : "20241215232953"
			}
		},
		{
			"type" : "Feature",
			"geometry" : {
				"type" : "Point",
				"coordinates" : [ 103.79924943605494, 1.309585294260933 ]
			},
			"properties" : {
				"OBJECTID" : 31188,
				"POSTAL_CODE" : "278436",
				"HOUSE_BLK_NO" : "22",
				"STREET_NAME" : "JALAN HITAM MANIS",
				"D_TYPE" : "Terrace House",
				"NO_OF_UNITS" : 1,
				"INC_CRC" : "1673C8312470D6A3",
				"FMEL_UPD_D" : "20241215232953"
			}
		},
		{
			"type" : "Feature",
			"geometry" : {
				"type" : "Point",
				"coordinates" : [ 103.79947229499021, 1.3092431391024293 ]
			},
			"properties" : {
				"OBJECTID" : 31189,
				"POSTAL_CODE" : "278437",
				"HOUSE_BLK_NO" : "23",
				"STREET_NAME" : "JALAN HITAM MANIS",
				"D_TYPE" : "Terrace House",
				"NO_OF_UNITS" : 1,
				"INC_CRC" : "407C86E32C08637D",
				"FMEL_UPD_D" : "20241215232953"
			}
		},
		{
			"type" : "Feature",
			"geometry" : {
				"type" : "Point",
				"coordinates" : [ 103.79923472585034, 1.309524064960565 ]
			},
			"properties" : {
				"OBJECTID" : 31190,
				"POSTAL_CODE" : "278438",
				"HOUSE_BLK_NO" : "24",
				"STREET_NAME" : "JALAN HITAM MANIS",
				"D_TYPE" : "Terrace House",
				"NO_OF_UNITS" : 1,
				"INC_CRC" : "62C3851B9D62FA5C",
				"FMEL_UPD_D" : "20241215232953"
			}
		},
		{
			"type" : "Feature",
			"geometry" : {
				"type" : "Point",
				"coordinates" : [ 103.79945753082558, 1.3091851492363034 ]
			},
			"properties" : {
				"OBJECTID" : 31191,
				"POSTAL_CODE" : "278439",
				"HOUSE_BLK_NO" : "25",
				"STREET_NAME" : "JALAN HITAM MANIS",
				"D_TYPE" : "Terrace House",
				"NO_OF_UNITS" : 1,
				"INC_CRC" : "15E8C79A7194BE43",
				"FMEL_UPD_D" : "20241215232953"
			}
		},
		{
			"type" : "Feature",
			"geometry" : {
				"type" : "Point",
				"coordinates" : [ 103.7992054096913, 1.3094668264209008 ]
			},
			"properties" : {
				"OBJECTID" : 31192,
				"POSTAL_CODE" : "278440",
				"HOUSE_BLK_NO" : "26",
				"STREET_NAME" : "JALAN HITAM MANIS",
				"D_TYPE" : "Terrace House",
				"NO_OF_UNITS" : 1,
				"INC_CRC" : "3283699BDDD4BC32",
				"FMEL_UPD_D" : "20241215232953"
			}
		},
		{
			"type" : "Feature",
			"geometry" : {
				"type" : "Point",
				"coordinates" : [ 103.79942937554509, 1.3091312016975702 ]
			},
			"properties" : {
				"OBJECTID" : 31193,
				"POSTAL_CODE" : "278441",
				"HOUSE_BLK_NO" : "27",
				"STREET_NAME" : "JALAN HITAM MANIS",
				"D_TYPE" : "Terrace House",
				"NO_OF_UNITS" : 1,
				"INC_CRC" : "818C0A0F5687504A",
				"FMEL_UPD_D" : "20241215232953"
			}
		},
		{
			"type" : "Feature",
			"geometry" : {
				"type" : "Point",
				"coordinates" : [ 103.79919161060234, 1.3094066262996327 ]
			},
			"properties" : {
				"OBJECTID" : 31194,
				"POSTAL_CODE" : "278442",
				"HOUSE_BLK_NO" : "28",
				"STREET_NAME" : "JALAN HITAM MANIS",
				"D_TYPE" : "Terrace House",
				"NO_OF_UNITS" : 1,
				"INC_CRC" : "F3EF87149C690C52",
				"FMEL_UPD_D" : "20241215232953"
			}
		},
		{
			"type" : "Feature",
			"geometry" : {
				"type" : "Point",
				"coordinates" : [ 103.7994137945968, 1.3090735871313623 ]
			},
			"properties" : {
				"OBJECTID" : 31195,
				"POSTAL_CODE" : "278443",
				"HOUSE_BLK_NO" : "29",
				"STREET_NAME" : "JALAN HITAM MANIS",
				"D_TYPE" : "Terrace House",
				"NO_OF_UNITS" : 1,
				"INC_CRC" : "3500C83A8BA4458E",
				"FMEL_UPD_D" : "20241215232953"
			}
		},
		{
			"type" : "Feature",
			"geometry" : {
				"type" : "Point",
				"coordinates" : [ 103.79878235542921, 1.3084013299019872 ]
			},
			"properties" : {
				"OBJECTID" : 31196,
				"POSTAL_CODE" : "278444",
				"HOUSE_BLK_NO" : "30",
				"STREET_NAME" : "JALAN HITAM MANIS",
				"D_TYPE" : "Terrace House",
				"NO_OF_UNITS" : 1,
				"INC_CRC" : "90E5D8520C8E8C4C",
				"FMEL_UPD_D" : "20241215232953"
			}
		},
		{
			"type" : "Feature",
			"geometry" : {
				"type" : "Point",
				"coordinates" : [ 103.79874000017844, 1.3084306614753094 ]
			},
			"properties" : {
				"OBJECTID" : 31197,
				"POSTAL_CODE" : "278446",
				"HOUSE_BLK_NO" : "32",
				"STREET_NAME" : "JALAN HITAM MANIS",
				"D_TYPE" : "Terrace House",
				"NO_OF_UNITS" : 1,
				"INC_CRC" : "F306DF7763B866EE",
				"FMEL_UPD_D" : "20241215232953"
			}
		},
		{
			"type" : "Feature",
			"geometry" : {
				"type" : "Point",
				"coordinates" : [ 103.79867731251366, 1.3084652615933283 ]
			},
			"properties" : {
				"OBJECTID" : 31198,
				"POSTAL_CODE" : "278448",
				"HOUSE_BLK_NO" : "34",
				"STREET_NAME" : "JALAN HITAM MANIS",
				"D_TYPE" : "Terrace House",
				"NO_OF_UNITS" : 1,
				"INC_CRC" : "CA610AEEF8D44816",
				"FMEL_UPD_D" : "20241215232953"
			}
		},
		{
			"type" : "Feature",
			"geometry" : {
				"type" : "Point",
				"coordinates" : [ 103.79863427077521, 1.3084942178439356 ]
			},
			"properties" : {
				"OBJECTID" : 31199,
				"POSTAL_CODE" : "278450",
				"HOUSE_BLK_NO" : "36",
				"STREET_NAME" : "JALAN HITAM MANIS",
				"D_TYPE" : "Terrace House",
				"NO_OF_UNITS" : 1,
				"INC_CRC" : "23310DC4C44AA29A",
				"FMEL_UPD_D" : "20241215232953"
			}
		},
		{
			"type" : "Feature",
			"geometry" : {
				"type" : "Point",
				"coordinates" : [ 103.7985711392369, 1.3085279398150065 ]
			},
			"properties" : {
				"OBJECTID" : 31200,
				"POSTAL_CODE" : "278452",
				"HOUSE_BLK_NO" : "38",
				"STREET_NAME" : "JALAN HITAM MANIS",
				"D_TYPE" : "Terrace House",
				"NO_OF_UNITS" : 1,
				"INC_CRC" : "0091E3995973ED8D",
				"FMEL_UPD_D" : "20241215232953"
			}
		},
		{
			"type" : "Feature",
			"geometry" : {
				"type" : "Point",
				"coordinates" : [ 103.79853114984037, 1.3085585637545933 ]
			},
			"properties" : {
				"OBJECTID" : 31201,
				"POSTAL_CODE" : "278454",
				"HOUSE_BLK_NO" : "40",
				"STREET_NAME" : "JALAN HITAM MANIS",
				"D_TYPE" : "Terrace House",
				"NO_OF_UNITS" : 1,
				"INC_CRC" : "629C245346518DA3",
				"FMEL_UPD_D" : "20241215232953"
			}
		},
		{
			"type" : "Feature",
			"geometry" : {
				"type" : "Point",
				"coordinates" : [ 103.79846791498365, 1.3085910150892854 ]
			},
			"properties" : {
				"OBJECTID" : 31202,
				"POSTAL_CODE" : "278456",
				"HOUSE_BLK_NO" : "42",
				"STREET_NAME" : "JALAN HITAM MANIS",
				"D_TYPE" : "Terrace House",
				"NO_OF_UNITS" : 1,
				"INC_CRC" : "9459145C8229B52E",
				"FMEL_UPD_D" : "20241215232953"
			}
		},
		{
			"type" : "Feature",
			"geometry" : {
				"type" : "Point",
				"coordinates" : [ 103.79842709443177, 1.3086213722279532 ]
			},
			"properties" : {
				"OBJECTID" : 31203,
				"POSTAL_CODE" : "278458",
				"HOUSE_BLK_NO" : "44",
				"STREET_NAME" : "JALAN HITAM MANIS",
				"D_TYPE" : "Terrace House",
				"NO_OF_UNITS" : 1,
				"INC_CRC" : "1C63A9D59F6A52B8",
				"FMEL_UPD_D" : "20241215232953"
			}
		},
		{
			"type" : "Feature",
			"geometry" : {
				"type" : "Point",
				"coordinates" : [ 103.79836494230682, 1.3086549513177204 ]
			},
			"properties" : {
				"OBJECTID" : 31204,
				"POSTAL_CODE" : "278460",
				"HOUSE_BLK_NO" : "46",
				"STREET_NAME" : "JALAN HITAM MANIS",
				"D_TYPE" : "Terrace House",
				"NO_OF_UNITS" : 1,
				"INC_CRC" : "E776D137F4B000FE",
				"FMEL_UPD_D" : "20241215232953"
			}
		},
		{
			"type" : "Feature",
			"geometry" : {
				"type" : "Point",
				"coordinates" : [ 103.79832094092701, 1.3086828566775959 ]
			},
			"properties" : {
				"OBJECTID" : 31205,
				"POSTAL_CODE" : "278462",
				"HOUSE_BLK_NO" : "48",
				"STREET_NAME" : "JALAN HITAM MANIS",
				"D_TYPE" : "Terrace House",
				"NO_OF_UNITS" : 1,
				"INC_CRC" : "D6BD8C9A512C75A2",
				"FMEL_UPD_D" : "20241215232953"
			}
		},
		{
			"type" : "Feature",
			"geometry" : {
				"type" : "Point",
				"coordinates" : [ 103.79819764264245, 1.3087788288237414 ]
			},
			"properties" : {
				"OBJECTID" : 31206,
				"POSTAL_CODE" : "278464",
				"HOUSE_BLK_NO" : "50",
				"STREET_NAME" : "JALAN HITAM MANIS",
				"D_TYPE" : "Terrace House",
				"NO_OF_UNITS" : 1,
				"INC_CRC" : "9C30266D374A0AAE",
				"FMEL_UPD_D" : "20241215232953"
			}
		},
		{
			"type" : "Feature",
			"geometry" : {
				"type" : "Point",
				"coordinates" : [ 103.79816669509913, 1.308825717881395 ]
			},
			"properties" : {
				"OBJECTID" : 31207,
				"POSTAL_CODE" : "278466",
				"HOUSE_BLK_NO" : "52",
				"STREET_NAME" : "JALAN HITAM MANIS",
				"D_TYPE" : "Terrace House",
				"NO_OF_UNITS" : 1,
				"INC_CRC" : "04F591AB0492D8F2",
				"FMEL_UPD_D" : "20241215232953"
			}
		},
		{
			"type" : "Feature",
			"geometry" : {
				"type" : "Point",
				"coordinates" : [ 103.79811069350187, 1.308861079553878 ]
			},
			"properties" : {
				"OBJECTID" : 31208,
				"POSTAL_CODE" : "278468",
				"HOUSE_BLK_NO" : "54",
				"STREET_NAME" : "JALAN HITAM MANIS",
				"D_TYPE" : "Terrace House",
				"NO_OF_UNITS" : 1,
				"INC_CRC" : "2C53B4EA2EF2AC19",
				"FMEL_UPD_D" : "20241215232953"
			}
		},
		{
			"type" : "Feature",
			"geometry" : {
				"type" : "Point",
				"coordinates" : [ 103.79807582920742, 1.3089063750645742 ]
			},
			"properties" : {
				"OBJECTID" : 31209,
				"POSTAL_CODE" : "278470",
				"HOUSE_BLK_NO" : "56",
				"STREET_NAME" : "JALAN HITAM MANIS",
				"D_TYPE" : "Terrace House",
				"NO_OF_UNITS" : 1,
				"INC_CRC" : "57F9BACDBD6F0EEC",
				"FMEL_UPD_D" : "20241215232953"
			}
		},
		{
			"type" : "Feature",
			"geometry" : {
				"type" : "Point",
				"coordinates" : [ 103.79802059045232, 1.3089433148618856 ]
			},
			"properties" : {
				"OBJECTID" : 31210,
				"POSTAL_CODE" : "278472",
				"HOUSE_BLK_NO" : "58",
				"STREET_NAME" : "JALAN HITAM MANIS",
				"D_TYPE" : "Terrace House",
				"NO_OF_UNITS" : 1,
				"INC_CRC" : "C7470271E553BDBF",
				"FMEL_UPD_D" : "20241215232953"
			}
		},
		{
			"type" : "Feature",
			"geometry" : {
				"type" : "Point",
				"coordinates" : [ 103.79798754749419, 1.3089898810292644 ]
			},
			"properties" : {
				"OBJECTID" : 31211,
				"POSTAL_CODE" : "278474",
				"HOUSE_BLK_NO" : "60",
				"STREET_NAME" : "JALAN HITAM MANIS",
				"D_TYPE" : "Terrace House",
				"NO_OF_UNITS" : 1,
				"INC_CRC" : "E27EFC87E4BFC47A",
				"FMEL_UPD_D" : "20241215232953"
			}
		},
		{
			"type" : "Feature",
			"geometry" : {
				"type" : "Point",
				"coordinates" : [ 103.7979300201416, 1.3090262872169025 ]
			},
			"properties" : {
				"OBJECTID" : 31212,
				"POSTAL_CODE" : "278476",
				"HOUSE_BLK_NO" : "62",
				"STREET_NAME" : "JALAN HITAM MANIS",
				"D_TYPE" : "Terrace House",
				"NO_OF_UNITS" : 1,
				"INC_CRC" : "DF919F97F9417CB4",
				"FMEL_UPD_D" : "20241215232953"
			}
		},
		{
			"type" : "Feature",
			"geometry" : {
				"type" : "Point",
				"coordinates" : [ 103.79789661151518, 1.3090697523116857 ]
			},
			"properties" : {
				"OBJECTID" : 31213,
				"POSTAL_CODE" : "278477",
				"HOUSE_BLK_NO" : "64",
				"STREET_NAME" : "JALAN HITAM MANIS",
				"D_TYPE" : "Terrace House",
				"NO_OF_UNITS" : 1,
				"INC_CRC" : "D49DAE9E040125D4",
				"FMEL_UPD_D" : "20241215232953"
			}
		},
		{
			"type" : "Feature",
			"geometry" : {
				"type" : "Point",
				"coordinates" : [ 103.79779027619091, 1.309151216861318 ]
			},
			"properties" : {
				"OBJECTID" : 31214,
				"POSTAL_CODE" : "278478",
				"HOUSE_BLK_NO" : "66",
				"STREET_NAME" : "JALAN HITAM MANIS",
				"D_TYPE" : "Terrace House",
				"NO_OF_UNITS" : 1,
				"INC_CRC" : "F67FFAA2991D81AC",
				"FMEL_UPD_D" : "20241215232953"
			}
		},
		{
			"type" : "Feature",
			"geometry" : {
				"type" : "Point",
				"coordinates" : [ 103.79776023532918, 1.3091939386144882 ]
			},
			"properties" : {
				"OBJECTID" : 31215,
				"POSTAL_CODE" : "278479",
				"HOUSE_BLK_NO" : "68",
				"STREET_NAME" : "JALAN HITAM MANIS",
				"D_TYPE" : "Terrace House",
				"NO_OF_UNITS" : 1,
				"INC_CRC" : "BA05208538F361F0",
				"FMEL_UPD_D" : "20241215232953"
			}
		},
		{
			"type" : "Feature",
			"geometry" : {
				"type" : "Point",
				"coordinates" : [ 103.79772349941625, 1.3092344029776304 ]
			},
			"properties" : {
				"OBJECTID" : 31216,
				"POSTAL_CODE" : "278480",
				"HOUSE_BLK_NO" : "70",
				"STREET_NAME" : "JALAN HITAM MANIS",
				"D_TYPE" : "Terrace House",
				"NO_OF_UNITS" : 1,
				"INC_CRC" : "CA169FC300B38375",
				"FMEL_UPD_D" : "20241215232953"
			}
		},
		{
			"type" : "Feature",
			"geometry" : {
				"type" : "Point",
				"coordinates" : [ 103.79807084211687, 1.3084666783673002 ]
			},
			"properties" : {
				"OBJECTID" : 31217,
				"POSTAL_CODE" : "278481",
				"HOUSE_BLK_NO" : "71",
				"STREET_NAME" : "JALAN HITAM MANIS",
				"D_TYPE" : "Terrace House",
				"NO_OF_UNITS" : 1,
				"INC_CRC" : "3BA6473AED187A83",
				"FMEL_UPD_D" : "20241215232953"
			}
		},
		{
			"type" : "Feature",
			"geometry" : {
				"type" : "Point",
				"coordinates" : [ 103.79769710116007, 1.3092846626606205 ]
			},
			"properties" : {
				"OBJECTID" : 31218,
				"POSTAL_CODE" : "278482",
				"HOUSE_BLK_NO" : "72",
				"STREET_NAME" : "JALAN HITAM MANIS",
				"D_TYPE" : "Terrace House",
				"NO_OF_UNITS" : 1,
				"INC_CRC" : "1689C05855D11319",
				"FMEL_UPD_D" : "20241215232953"
			}
		},
		{
			"type" : "Feature",
			"geometry" : {
				"type" : "Point",
				"coordinates" : [ 103.83470736245467, 1.4584914079678188 ]
			},
			"properties" : {
				"OBJECTID" : 31219,
				"POSTAL_CODE" : "759710",
				"HOUSE_BLK_NO" : "169A",
				"STREET_NAME" : "CYPRUS ROAD",
				"D_TYPE" : "Other Apartment nec",
				"NO_OF_UNITS" : 6,
				"INC_CRC" : "091A679E5BFBCDC3",
				"FMEL_UPD_D" : "20241215232953"
			}
		},
		{
			"type" : "Feature",
			"geometry" : {
				"type" : "Point",
				"coordinates" : [ 103.83419808556255, 1.4584824667798388 ]
			},
			"properties" : {
				"OBJECTID" : 31220,
				"POSTAL_CODE" : "759711",
				"HOUSE_BLK_NO" : "171A",
				"STREET_NAME" : "CYPRUS ROAD",
				"D_TYPE" : "Other Apartment nec",
				"NO_OF_UNITS" : 6,
				"INC_CRC" : "87A5A93900A1ECDF",
				"FMEL_UPD_D" : "20241215232953"
			}
		},
		{
			"type" : "Feature",
			"geometry" : {
				"type" : "Point",
				"coordinates" : [ 103.83407673899666, 1.3328253646572392 ]
			},
			"properties" : {
				"OBJECTID" : 31221,
				"POSTAL_CODE" : "298335",
				"HOUSE_BLK_NO" : "147",
				"STREET_NAME" : "MOUNT PLEASANT ROAD",
				"D_TYPE" : "Detached House",
				"NO_OF_UNITS" : 1,
				"INC_CRC" : "D9F2A39B135669CF",
				"FMEL_UPD_D" : "20241215232953"
			}
		},
		{
			"type" : "Feature",
			"geometry" : {
				"type" : "Point",
				"coordinates" : [ 103.83452202678532, 1.3326110364102666 ]
			},
			"properties" : {
				"OBJECTID" : 31222,
				"POSTAL_CODE" : "298336",
				"HOUSE_BLK_NO" : "149",
				"STREET_NAME" : "MOUNT PLEASANT ROAD",
				"D_TYPE" : "Detached House",
				"NO_OF_UNITS" : 1,
				"INC_CRC" : "99EADA63E4CEB319",
				"FMEL_UPD_D" : "20241215232953"
			}
		},
		{
			"type" : "Feature",
			"geometry" : {
				"type" : "Point",
				"coordinates" : [ 103.83471967886419, 1.3328950800329518 ]
			},
			"properties" : {
				"OBJECTID" : 31223,
				"POSTAL_CODE" : "298337",
				"HOUSE_BLK_NO" : "150",
				"STREET_NAME" : "MOUNT PLEASANT ROAD",
				"D_TYPE" : "Detached House",
				"NO_OF_UNITS" : 1,
				"INC_CRC" : "7205DF1D32D5CEA2",
				"FMEL_UPD_D" : "20241215232953"
			}
		},
		{
			"type" : "Feature",
			"geometry" : {
				"type" : "Point",
				"coordinates" : [ 103.83412368688421, 1.3331194196844318 ]
			},
			"properties" : {
				"OBJECTID" : 31224,
				"POSTAL_CODE" : "298340",
				"HOUSE_BLK_NO" : "152",
				"STREET_NAME" : "MOUNT PLEASANT ROAD",
				"D_TYPE" : "Detached House",
				"NO_OF_UNITS" : 1,
				"INC_CRC" : "ADEAE15440DAA591",
				"FMEL_UPD_D" : "20241215232953"
			}
		},
		{
			"type" : "Feature",
			"geometry" : {
				"type" : "Point",
				"coordinates" : [ 103.8334280538092, 1.3331696907231183 ]
			},
			"properties" : {
				"OBJECTID" : 31225,
				"POSTAL_CODE" : "298342",
				"HOUSE_BLK_NO" : "154",
				"STREET_NAME" : "MOUNT PLEASANT ROAD",
				"D_TYPE" : "Detached House",
				"NO_OF_UNITS" : 1,
				"INC_CRC" : "D293BD2C854D69EE",
				"FMEL_UPD_D" : "20241215232953"
			}
		},
		{
			"type" : "Feature",
			"geometry" : {
				"type" : "Point",
				"coordinates" : [ 103.83346993551181, 1.3325532432775116 ]
			},
			"properties" : {
				"OBJECTID" : 31226,
				"POSTAL_CODE" : "298343",
				"HOUSE_BLK_NO" : "155",
				"STREET_NAME" : "MOUNT PLEASANT ROAD",
				"D_TYPE" : "Detached House",
				"NO_OF_UNITS" : 1,
				"INC_CRC" : "DF8F133C860F3257",
				"FMEL_UPD_D" : "20241215232953"
			}
		},
		{
			"type" : "Feature",
			"geometry" : {
				"type" : "Point",
				"coordinates" : [ 103.83287247521172, 1.3330324614985876 ]
			},
			"properties" : {
				"OBJECTID" : 31227,
				"POSTAL_CODE" : "298344",
				"HOUSE_BLK_NO" : "156",
				"STREET_NAME" : "MOUNT PLEASANT ROAD",
				"D_TYPE" : "Detached House",
				"NO_OF_UNITS" : 1,
				"INC_CRC" : "5C45C83CEFEAA034",
				"FMEL_UPD_D" : "20241215232953"
			}
		},
		{
			"type" : "Feature",
			"geometry" : {
				"type" : "Point",
				"coordinates" : [ 103.83232484006726, 1.332527777976143 ]
			},
			"properties" : {
				"OBJECTID" : 31228,
				"POSTAL_CODE" : "298345",
				"HOUSE_BLK_NO" : "157",
				"STREET_NAME" : "MOUNT PLEASANT ROAD",
				"D_TYPE" : "Detached House",
				"NO_OF_UNITS" : 1,
				"INC_CRC" : "BF86FC39E6642697",
				"FMEL_UPD_D" : "20241215232953"
			}
		},
		{
			"type" : "Feature",
			"geometry" : {
				"type" : "Point",
				"coordinates" : [ 103.83211916925302, 1.3328978104010476 ]
			},
			"properties" : {
				"OBJECTID" : 31229,
				"POSTAL_CODE" : "298349",
				"HOUSE_BLK_NO" : "158",
				"STREET_NAME" : "MOUNT PLEASANT ROAD",
				"D_TYPE" : "Detached House",
				"NO_OF_UNITS" : 1,
				"INC_CRC" : "C87F553A82842341",
				"FMEL_UPD_D" : "20241215232953"
			}
		},
		{
			"type" : "Feature",
			"geometry" : {
				"type" : "Point",
				"coordinates" : [ 103.83175445822312, 1.3319688659020386 ]
			},
			"properties" : {
				"OBJECTID" : 31230,
				"POSTAL_CODE" : "298350",
				"HOUSE_BLK_NO" : "159",
				"STREET_NAME" : "MOUNT PLEASANT ROAD",
				"D_TYPE" : "Detached House",
				"NO_OF_UNITS" : 1,
				"INC_CRC" : "6320FE4C36E1A7F6",
				"FMEL_UPD_D" : "20241215232953"
			}
		},
		{
			"type" : "Feature",
			"geometry" : {
				"type" : "Point",
				"coordinates" : [ 103.83132574285199, 1.3327210482074296 ]
			},
			"properties" : {
				"OBJECTID" : 31231,
				"POSTAL_CODE" : "298351",
				"HOUSE_BLK_NO" : "160",
				"STREET_NAME" : "MOUNT PLEASANT ROAD",
				"D_TYPE" : "Detached House",
				"NO_OF_UNITS" : 1,
				"INC_CRC" : "2205CC3D77C24122",
				"FMEL_UPD_D" : "20241215232953"
			}
		},
		{
			"type" : "Feature",
			"geometry" : {
				"type" : "Point",
				"coordinates" : [ 103.82788799033176, 1.3221743683395526 ]
			},
			"properties" : {
				"OBJECTID" : 31232,
				"POSTAL_CODE" : "308272",
				"HOUSE_BLK_NO" : "35",
				"STREET_NAME" : "MALCOLM ROAD",
				"D_TYPE" : "Detached House",
				"NO_OF_UNITS" : 1,
				"INC_CRC" : "81348C49C353352E",
				"FMEL_UPD_D" : "20241215232953"
			}
		},
		{
			"type" : "Feature",
			"geometry" : {
				"type" : "Point",
				"coordinates" : [ 103.83148194185158, 1.324017062720182 ]
			},
			"properties" : {
				"OBJECTID" : 31233,
				"POSTAL_CODE" : "308262",
				"HOUSE_BLK_NO" : "24",
				"STREET_NAME" : "MALCOLM ROAD",
				"D_TYPE" : "Detached House",
				"NO_OF_UNITS" : 1,
				"INC_CRC" : "D8ACE99608C0FFAA",
				"FMEL_UPD_D" : "20241215232953"
			}
		},
		{
			"type" : "Feature",
			"geometry" : {
				"type" : "Point",
				"coordinates" : [ 103.83302775331002, 1.2861377008645367 ]
			},
			"properties" : {
				"OBJECTID" : 31234,
				"POSTAL_CODE" : "162001",
				"HOUSE_BLK_NO" : "1",
				"STREET_NAME" : "TIONG BAHRU ROAD",
				"D_TYPE" : "3-room, 4-room flat",
				"NO_OF_UNITS" : 24,
				"INC_CRC" : "34BA006FB710FD0F",
				"FMEL_UPD_D" : "20241215232953"
			}
		},
		{
			"type" : "Feature",
			"geometry" : {
				"type" : "Point",
				"coordinates" : [ 103.8323090101375, 1.2861793756194928 ]
			},
			"properties" : {
				"OBJECTID" : 31235,
				"POSTAL_CODE" : "162003",
				"HOUSE_BLK_NO" : "3",
				"STREET_NAME" : "TIONG BAHRU ROAD",
				"D_TYPE" : "3-room, 4-room flat",
				"NO_OF_UNITS" : 24,
				"INC_CRC" : "2D3A0680E15730A0",
				"FMEL_UPD_D" : "20241215232953"
			}
		},
		{
			"type" : "Feature",
			"geometry" : {
				"type" : "Point",
				"coordinates" : [ 103.83106933745319, 1.286139048280521 ]
			},
			"properties" : {
				"OBJECTID" : 31236,
				"POSTAL_CODE" : "161007",
				"HOUSE_BLK_NO" : "7",
				"STREET_NAME" : "TIONG BAHRU ROAD",
				"D_TYPE" : "3-room, 4-room flat",
				"NO_OF_UNITS" : 24,
				"INC_CRC" : "93BE8FAB20852E90",
				"FMEL_UPD_D" : "20241215232953"
			}
		},
		{
			"type" : "Feature",
			"geometry" : {
				"type" : "Point",
				"coordinates" : [ 103.83168735242273, 1.2862009932308194 ]
			},
			"properties" : {
				"OBJECTID" : 31237,
				"POSTAL_CODE" : "162005",
				"HOUSE_BLK_NO" : "5",
				"STREET_NAME" : "TIONG BAHRU ROAD",
				"D_TYPE" : "3-room, 4-room flat",
				"NO_OF_UNITS" : 24,
				"INC_CRC" : "78EC2DE6AF079F2E",
				"FMEL_UPD_D" : "20241215232953"
			}
		},
		{
			"type" : "Feature",
			"geometry" : {
				"type" : "Point",
				"coordinates" : [ 103.83044763750708, 1.286160437687985 ]
			},
			"properties" : {
				"OBJECTID" : 31238,
				"POSTAL_CODE" : "161009",
				"HOUSE_BLK_NO" : "9",
				"STREET_NAME" : "TIONG BAHRU ROAD",
				"D_TYPE" : "3-room, 4-room flat",
				"NO_OF_UNITS" : 24,
				"INC_CRC" : "1CC450D03D21A3E0",
				"FMEL_UPD_D" : "20241215232953"
			}
		},
		{
			"type" : "Feature",
			"geometry" : {
				"type" : "Point",
				"coordinates" : [ 103.79660810170355, 1.297842736382472 ]
			},
			"properties" : {
				"OBJECTID" : 31239,
				"POSTAL_CODE" : "140057",
				"HOUSE_BLK_NO" : "57",
				"STREET_NAME" : "COMMONWEALTH DRIVE",
				"D_TYPE" : "3-room flat",
				"NO_OF_UNITS" : 18,
				"INC_CRC" : "73F8786DE8B76A47",
				"FMEL_UPD_D" : "20241215232953"
			}
		},
		{
			"type" : "Feature",
			"geometry" : {
				"type" : "Point",
				"coordinates" : [ 103.79660604240686, 1.2983294328389487 ]
			},
			"properties" : {
				"OBJECTID" : 31240,
				"POSTAL_CODE" : "140061",
				"HOUSE_BLK_NO" : "61",
				"STREET_NAME" : "COMMONWEALTH DRIVE",
				"D_TYPE" : "3-room flat",
				"NO_OF_UNITS" : 18,
				"INC_CRC" : "03A8FC8031A8E687",
				"FMEL_UPD_D" : "20241215232953"
			}
		},
		{
			"type" : "Feature",
			"geometry" : {
				"type" : "Point",
				"coordinates" : [ 103.7962601813891, 1.2987995065421318 ]
			},
			"properties" : {
				"OBJECTID" : 31241,
				"POSTAL_CODE" : "140067",
				"HOUSE_BLK_NO" : "67",
				"STREET_NAME" : "COMMONWEALTH DRIVE",
				"D_TYPE" : "3-room flat",
				"NO_OF_UNITS" : 12,
				"INC_CRC" : "68779346B21050E9",
				"FMEL_UPD_D" : "20241215232953"
			}
		},
		{
			"type" : "Feature",
			"geometry" : {
				"type" : "Point",
				"coordinates" : [ 103.79607753696547, 1.2989835230476334 ]
			},
			"properties" : {
				"OBJECTID" : 31242,
				"POSTAL_CODE" : "140068",
				"HOUSE_BLK_NO" : "68",
				"STREET_NAME" : "COMMONWEALTH DRIVE",
				"D_TYPE" : "3-room flat",
				"NO_OF_UNITS" : 12,
				"INC_CRC" : "42732E9F328D8CD3",
				"FMEL_UPD_D" : "20241215232953"
			}
		},
		{
			"type" : "Feature",
			"geometry" : {
				"type" : "Point",
				"coordinates" : [ 103.79615773705093, 1.2992567463526736 ]
			},
			"properties" : {
				"OBJECTID" : 31243,
				"POSTAL_CODE" : "140069",
				"HOUSE_BLK_NO" : "69",
				"STREET_NAME" : "COMMONWEALTH DRIVE",
				"D_TYPE" : "3-room flat",
				"NO_OF_UNITS" : 12,
				"INC_CRC" : "367A02DA1973A839",
				"FMEL_UPD_D" : "20241215232953"
			}
		},
		{
			"type" : "Feature",
			"geometry" : {
				"type" : "Point",
				"coordinates" : [ 103.83587915047165, 1.3126013880648524 ]
			},
			"properties" : {
				"OBJECTID" : 31244,
				"POSTAL_CODE" : "258904",
				"HOUSE_BLK_NO" : "5CD",
				"STREET_NAME" : "GOODWOOD HILL",
				"D_TYPE" : "Detached House",
				"NO_OF_UNITS" : 1,
				"INC_CRC" : "8C9705CAE2FAB6E3",
				"FMEL_UPD_D" : "20241215232953"
			}
		},
		{
			"type" : "Feature",
			"geometry" : {
				"type" : "Point",
				"coordinates" : [ 103.7961578215326, 1.2994398838061278 ]
			},
			"properties" : {
				"OBJECTID" : 31245,
				"POSTAL_CODE" : "140070",
				"HOUSE_BLK_NO" : "70",
				"STREET_NAME" : "COMMONWEALTH DRIVE",
				"D_TYPE" : "3-room flat",
				"NO_OF_UNITS" : 12,
				"INC_CRC" : "317638E5ECC06096",
				"FMEL_UPD_D" : "20241215232953"
			}
		},
		{
			"type" : "Feature",
			"geometry" : {
				"type" : "Point",
				"coordinates" : [ 103.83113096968323, 1.3319521500503733 ]
			},
			"properties" : {
				"OBJECTID" : 31246,
				"POSTAL_CODE" : "298352",
				"HOUSE_BLK_NO" : "161",
				"STREET_NAME" : "MOUNT PLEASANT ROAD",
				"D_TYPE" : "Detached House",
				"NO_OF_UNITS" : 1,
				"INC_CRC" : "31943EEC61123023",
				"FMEL_UPD_D" : "20241215232953"
			}
		},
		{
			"type" : "Feature",
			"geometry" : {
				"type" : "Point",
				"coordinates" : [ 103.83063898554909, 1.3321532440639776 ]
			},
			"properties" : {
				"OBJECTID" : 31247,
				"POSTAL_CODE" : "298353",
				"HOUSE_BLK_NO" : "162",
				"STREET_NAME" : "MOUNT PLEASANT ROAD",
				"D_TYPE" : "Detached House",
				"NO_OF_UNITS" : 1,
				"INC_CRC" : "DDA0AC9598B5EAF8",
				"FMEL_UPD_D" : "20241215232953"
			}
		},
		{
			"type" : "Feature",
			"geometry" : {
				"type" : "Point",
				"coordinates" : [ 103.83113096968323, 1.3319521500503733 ]
			},
			"properties" : {
				"OBJECTID" : 31248,
				"POSTAL_CODE" : "298354",
				"HOUSE_BLK_NO" : "163",
				"STREET_NAME" : "MOUNT PLEASANT ROAD",
				"D_TYPE" : "Detached House",
				"NO_OF_UNITS" : 1,
				"INC_CRC" : "31943EEC38299B74",
				"FMEL_UPD_D" : "20241215232953"
			}
		},
		{
			"type" : "Feature",
			"geometry" : {
				"type" : "Point",
				"coordinates" : [ 103.83001782270725, 1.3319329446147574 ]
			},
			"properties" : {
				"OBJECTID" : 31249,
				"POSTAL_CODE" : "298355",
				"HOUSE_BLK_NO" : "164",
				"STREET_NAME" : "MOUNT PLEASANT ROAD",
				"D_TYPE" : "Detached House",
				"NO_OF_UNITS" : 1,
				"INC_CRC" : "97DF78CE61EFE1E7",
				"FMEL_UPD_D" : "20241215232953"
			}
		},
		{
			"type" : "Feature",
			"geometry" : {
				"type" : "Point",
				"coordinates" : [ 103.82943627198203, 1.3316824465294945 ]
			},
			"properties" : {
				"OBJECTID" : 31250,
				"POSTAL_CODE" : "298356",
				"HOUSE_BLK_NO" : "166",
				"STREET_NAME" : "MOUNT PLEASANT ROAD",
				"D_TYPE" : "Detached House",
				"NO_OF_UNITS" : 1,
				"INC_CRC" : "680C6815F9A0D970",
				"FMEL_UPD_D" : "20241215232953"
			}
		},
		{
			"type" : "Feature",
			"geometry" : {
				"type" : "Point",
				"coordinates" : [ 103.82882577959023, 1.3310394983422387 ]
			},
			"properties" : {
				"OBJECTID" : 31251,
				"POSTAL_CODE" : "298357",
				"HOUSE_BLK_NO" : "168",
				"STREET_NAME" : "MOUNT PLEASANT ROAD",
				"D_TYPE" : "Detached House",
				"NO_OF_UNITS" : 1,
				"INC_CRC" : "E0E6BD71C863DEC5",
				"FMEL_UPD_D" : "20241215232953"
			}
		},
		{
			"type" : "Feature",
			"geometry" : {
				"type" : "Point",
				"coordinates" : [ 103.82652898417642, 1.3283147990153747 ]
			},
			"properties" : {
				"OBJECTID" : 31252,
				"POSTAL_CODE" : "298358",
				"HOUSE_BLK_NO" : "180",
				"STREET_NAME" : "MOUNT PLEASANT ROAD",
				"D_TYPE" : "Detached House",
				"NO_OF_UNITS" : 1,
				"INC_CRC" : "F4F92BE791193FBB",
				"FMEL_UPD_D" : "20241215232953"
			}
		},
		{
			"type" : "Feature",
			"geometry" : {
				"type" : "Point",
				"coordinates" : [ 103.82709832118803, 1.3279946301388321 ]
			},
			"properties" : {
				"OBJECTID" : 31253,
				"POSTAL_CODE" : "298359",
				"HOUSE_BLK_NO" : "182",
				"STREET_NAME" : "MOUNT PLEASANT ROAD",
				"D_TYPE" : "Detached House",
				"NO_OF_UNITS" : 1,
				"INC_CRC" : "A9300CBA3F650CA7",
				"FMEL_UPD_D" : "20241215232953"
			}
		},
		{
			"type" : "Feature",
			"geometry" : {
				"type" : "Point",
				"coordinates" : [ 103.82841177536571, 1.3305287576518012 ]
			},
			"properties" : {
				"OBJECTID" : 31254,
				"POSTAL_CODE" : "298381",
				"HOUSE_BLK_NO" : "3",
				"STREET_NAME" : "MOUNT PLEASANT DRIVE",
				"D_TYPE" : "Detached House",
				"NO_OF_UNITS" : 1,
				"INC_CRC" : "39D427CEB0563ADC",
				"FMEL_UPD_D" : "20241215232953"
			}
		},
		{
			"type" : "Feature",
			"geometry" : {
				"type" : "Point",
				"coordinates" : [ 103.82742071386932, 1.329829879698705 ]
			},
			"properties" : {
				"OBJECTID" : 31255,
				"POSTAL_CODE" : "298382",
				"HOUSE_BLK_NO" : "11",
				"STREET_NAME" : "MOUNT PLEASANT DRIVE",
				"D_TYPE" : "Detached House",
				"NO_OF_UNITS" : 1,
				"INC_CRC" : "BFB8D32804B36E6A",
				"FMEL_UPD_D" : "20241215232953"
			}
		},
		{
			"type" : "Feature",
			"geometry" : {
				"type" : "Point",
				"coordinates" : [ 103.82781195334643, 1.3313344113633785 ]
			},
			"properties" : {
				"OBJECTID" : 31256,
				"POSTAL_CODE" : "298383",
				"HOUSE_BLK_NO" : "18",
				"STREET_NAME" : "MOUNT PLEASANT DRIVE",
				"D_TYPE" : "Detached House",
				"NO_OF_UNITS" : 1,
				"INC_CRC" : "4CDE591D60FD6347",
				"FMEL_UPD_D" : "20241215232953"
			}
		},
		{
			"type" : "Feature",
			"geometry" : {
				"type" : "Point",
				"coordinates" : [ 103.82724534783694, 1.3314234953573107 ]
			},
			"properties" : {
				"OBJECTID" : 31257,
				"POSTAL_CODE" : "298384",
				"HOUSE_BLK_NO" : "22",
				"STREET_NAME" : "MOUNT PLEASANT DRIVE",
				"D_TYPE" : "Detached House",
				"NO_OF_UNITS" : 1,
				"INC_CRC" : "137FDD02D5379799",
				"FMEL_UPD_D" : "20241215232953"
			}
		},
		{
			"type" : "Feature",
			"geometry" : {
				"type" : "Point",
				"coordinates" : [ 103.82745029599543, 1.3310201845296412 ]
			},
			"properties" : {
				"OBJECTID" : 31258,
				"POSTAL_CODE" : "298385",
				"HOUSE_BLK_NO" : "23",
				"STREET_NAME" : "MOUNT PLEASANT DRIVE",
				"D_TYPE" : "Detached House",
				"NO_OF_UNITS" : 1,
				"INC_CRC" : "3BD78C35F49249E4",
				"FMEL_UPD_D" : "20241215232953"
			}
		},
		{
			"type" : "Feature",
			"geometry" : {
				"type" : "Point",
				"coordinates" : [ 103.8267434939288, 1.3312198808980131 ]
			},
			"properties" : {
				"OBJECTID" : 31259,
				"POSTAL_CODE" : "298386",
				"HOUSE_BLK_NO" : "26",
				"STREET_NAME" : "MOUNT PLEASANT DRIVE",
				"D_TYPE" : "Detached House",
				"NO_OF_UNITS" : 1,
				"INC_CRC" : "16C0D08CC83BB29E",
				"FMEL_UPD_D" : "20241215232953"
			}
		},
		{
			"type" : "Feature",
			"geometry" : {
				"type" : "Point",
				"coordinates" : [ 103.82639156179665, 1.3305863969619498 ]
			},
			"properties" : {
				"OBJECTID" : 31260,
				"POSTAL_CODE" : "298387",
				"HOUSE_BLK_NO" : "27",
				"STREET_NAME" : "MOUNT PLEASANT DRIVE",
				"D_TYPE" : "Detached House",
				"NO_OF_UNITS" : 1,
				"INC_CRC" : "540E3EE7D0809CE6",
				"FMEL_UPD_D" : "20241215232953"
			}
		},
		{
			"type" : "Feature",
			"geometry" : {
				"type" : "Point",
				"coordinates" : [ 103.82636603270235, 1.3313056280847713 ]
			},
			"properties" : {
				"OBJECTID" : 31261,
				"POSTAL_CODE" : "298388",
				"HOUSE_BLK_NO" : "28",
				"STREET_NAME" : "MOUNT PLEASANT DRIVE",
				"D_TYPE" : "Detached House",
				"NO_OF_UNITS" : 1,
				"INC_CRC" : "F1D9F2B1A46C584E",
				"FMEL_UPD_D" : "20241215232953"
			}
		},
		{
			"type" : "Feature",
			"geometry" : {
				"type" : "Point",
				"coordinates" : [ 103.8257873843683, 1.3282487167367736 ]
			},
			"properties" : {
				"OBJECTID" : 31262,
				"POSTAL_CODE" : "299152",
				"HOUSE_BLK_NO" : "27",
				"STREET_NAME" : "JALAN MENDAKI",
				"D_TYPE" : "Detached House",
				"NO_OF_UNITS" : 1,
				"INC_CRC" : "ACF661D575CEFD69",
				"FMEL_UPD_D" : "20241215232953"
			}
		},
		{
			"type" : "Feature",
			"geometry" : {
				"type" : "Point",
				"coordinates" : [ 103.82814869122771, 1.3320300628906203 ]
			},
			"properties" : {
				"OBJECTID" : 31263,
				"POSTAL_CODE" : "299479",
				"HOUSE_BLK_NO" : "3",
				"STREET_NAME" : "GYMKHANA AVE",
				"D_TYPE" : "Detached House",
				"NO_OF_UNITS" : 1,
				"INC_CRC" : "8EFE2B6BD56BEB73",
				"FMEL_UPD_D" : "20241215232953"
			}
		},
		{
			"type" : "Feature",
			"geometry" : {
				"type" : "Point",
				"coordinates" : [ 103.8289751146622, 1.3323254127851272 ]
			},
			"properties" : {
				"OBJECTID" : 31264,
				"POSTAL_CODE" : "299481",
				"HOUSE_BLK_NO" : "6",
				"STREET_NAME" : "GYMKHANA AVE",
				"D_TYPE" : "Detached House",
				"NO_OF_UNITS" : 1,
				"INC_CRC" : "C6D62DB1161030FA",
				"FMEL_UPD_D" : "20241215232953"
			}
		},
		{
			"type" : "Feature",
			"geometry" : {
				"type" : "Point",
				"coordinates" : [ 103.82851307926198, 1.3324809969898923 ]
			},
			"properties" : {
				"OBJECTID" : 31265,
				"POSTAL_CODE" : "299482",
				"HOUSE_BLK_NO" : "7",
				"STREET_NAME" : "GYMKHANA AVE",
				"D_TYPE" : "Detached House",
				"NO_OF_UNITS" : 1,
				"INC_CRC" : "DCF2D52EA67AD3E8",
				"FMEL_UPD_D" : "20241215232953"
			}
		},
		{
			"type" : "Feature",
			"geometry" : {
				"type" : "Point",
				"coordinates" : [ 103.82933758947786, 1.3324577852448674 ]
			},
			"properties" : {
				"OBJECTID" : 31266,
				"POSTAL_CODE" : "299483",
				"HOUSE_BLK_NO" : "8",
				"STREET_NAME" : "GYMKHANA AVE",
				"D_TYPE" : "Detached House",
				"NO_OF_UNITS" : 1,
				"INC_CRC" : "811C6900BAF96882",
				"FMEL_UPD_D" : "20241215232953"
			}
		},
		{
			"type" : "Feature",
			"geometry" : {
				"type" : "Point",
				"coordinates" : [ 103.82861671192582, 1.3318349824515796 ]
			},
			"properties" : {
				"OBJECTID" : 31267,
				"POSTAL_CODE" : "299484",
				"HOUSE_BLK_NO" : "4",
				"STREET_NAME" : "GYMKHANA AVE",
				"D_TYPE" : "Detached House",
				"NO_OF_UNITS" : 1,
				"INC_CRC" : "5C8A5EFA9E25CE07",
				"FMEL_UPD_D" : "20241215232953"
			}
		},
		{
			"type" : "Feature",
			"geometry" : {
				"type" : "Point",
				"coordinates" : [ 103.81654682439103, 1.3354310183142817 ]
			},
			"properties" : {
				"OBJECTID" : 31268,
				"POSTAL_CODE" : "289961",
				"HOUSE_BLK_NO" : "1",
				"STREET_NAME" : "ADAM DRIVE",
				"D_TYPE" : "Detached House",
				"NO_OF_UNITS" : 1,
				"INC_CRC" : "DDE77A9853E33EB2",
				"FMEL_UPD_D" : "20241215232953"
			}
		},
		{
			"type" : "Feature",
			"geometry" : {
				"type" : "Point",
				"coordinates" : [ 103.81619899157243, 1.3355962957470384 ]
			},
			"properties" : {
				"OBJECTID" : 31269,
				"POSTAL_CODE" : "289962",
				"HOUSE_BLK_NO" : "2",
				"STREET_NAME" : "ADAM DRIVE",
				"D_TYPE" : "Detached House",
				"NO_OF_UNITS" : 1,
				"INC_CRC" : "AD162B3CCC7A7A2E",
				"FMEL_UPD_D" : "20241215232953"
			}
		},
		{
			"type" : "Feature",
			"geometry" : {
				"type" : "Point",
				"coordinates" : [ 103.81581507679267, 1.3358077804705981 ]
			},
			"properties" : {
				"OBJECTID" : 31270,
				"POSTAL_CODE" : "289963",
				"HOUSE_BLK_NO" : "3",
				"STREET_NAME" : "ADAM DRIVE",
				"D_TYPE" : "Detached House",
				"NO_OF_UNITS" : 1,
				"INC_CRC" : "FCE72BCE754EB6EE",
				"FMEL_UPD_D" : "20241215232953"
			}
		},
		{
			"type" : "Feature",
			"geometry" : {
				"type" : "Point",
				"coordinates" : [ 103.81594224224813, 1.3362255805948566 ]
			},
			"properties" : {
				"OBJECTID" : 31271,
				"POSTAL_CODE" : "289964",
				"HOUSE_BLK_NO" : "4",
				"STREET_NAME" : "ADAM DRIVE",
				"D_TYPE" : "Detached House",
				"NO_OF_UNITS" : 1,
				"INC_CRC" : "369FB7243DFB00F3",
				"FMEL_UPD_D" : "20241215232953"
			}
		},
		{
			"type" : "Feature",
			"geometry" : {
				"type" : "Point",
				"coordinates" : [ 103.81572044124822, 1.336990107946607 ]
			},
			"properties" : {
				"OBJECTID" : 31272,
				"POSTAL_CODE" : "289965",
				"HOUSE_BLK_NO" : "5",
				"STREET_NAME" : "ADAM DRIVE",
				"D_TYPE" : "Detached House",
				"NO_OF_UNITS" : 1,
				"INC_CRC" : "F3F3BEDF67E76057",
				"FMEL_UPD_D" : "20241215232953"
			}
		},
		{
			"type" : "Feature",
			"geometry" : {
				"type" : "Point",
				"coordinates" : [ 103.8151949994454, 1.3364992584616187 ]
			},
			"properties" : {
				"OBJECTID" : 31273,
				"POSTAL_CODE" : "289966",
				"HOUSE_BLK_NO" : "6",
				"STREET_NAME" : "ADAM DRIVE",
				"D_TYPE" : "Detached House",
				"NO_OF_UNITS" : 1,
				"INC_CRC" : "927177A0FF68C34F",
				"FMEL_UPD_D" : "20241215232953"
			}
		},
		{
			"type" : "Feature",
			"geometry" : {
				"type" : "Point",
				"coordinates" : [ 103.81556435608157, 1.3371443190474712 ]
			},
			"properties" : {
				"OBJECTID" : 31274,
				"POSTAL_CODE" : "289967",
				"HOUSE_BLK_NO" : "7",
				"STREET_NAME" : "ADAM DRIVE",
				"D_TYPE" : "Detached House",
				"NO_OF_UNITS" : 1,
				"INC_CRC" : "E45696BB1DA7EBA6",
				"FMEL_UPD_D" : "20241215232953"
			}
		},
		{
			"type" : "Feature",
			"geometry" : {
				"type" : "Point",
				"coordinates" : [ 103.81520050397597, 1.3369941502645448 ]
			},
			"properties" : {
				"OBJECTID" : 31275,
				"POSTAL_CODE" : "289968",
				"HOUSE_BLK_NO" : "8",
				"STREET_NAME" : "ADAM DRIVE",
				"D_TYPE" : "Detached House",
				"NO_OF_UNITS" : 1,
				"INC_CRC" : "618A2AE9DAEB14CA",
				"FMEL_UPD_D" : "20241215232953"
			}
		},
		{
			"type" : "Feature",
			"geometry" : {
				"type" : "Point",
				"coordinates" : [ 103.81484505411365, 1.336753133556903 ]
			},
			"properties" : {
				"OBJECTID" : 31276,
				"POSTAL_CODE" : "289969",
				"HOUSE_BLK_NO" : "9",
				"STREET_NAME" : "ADAM DRIVE",
				"D_TYPE" : "Detached House",
				"NO_OF_UNITS" : 1,
				"INC_CRC" : "A4CDF87571FBF83D",
				"FMEL_UPD_D" : "20241215232953"
			}
		},
		{
			"type" : "Feature",
			"geometry" : {
				"type" : "Point",
				"coordinates" : [ 103.81433945317505, 1.3367848258403725 ]
			},
			"properties" : {
				"OBJECTID" : 31277,
				"POSTAL_CODE" : "289970",
				"HOUSE_BLK_NO" : "10",
				"STREET_NAME" : "ADAM DRIVE",
				"D_TYPE" : "Detached House",
				"NO_OF_UNITS" : 1,
				"INC_CRC" : "4A394EFD33D506D4",
				"FMEL_UPD_D" : "20241215232953"
			}
		},
		{
			"type" : "Feature",
			"geometry" : {
				"type" : "Point",
				"coordinates" : [ 103.81418188969067, 1.336374295585676 ]
			},
			"properties" : {
				"OBJECTID" : 31278,
				"POSTAL_CODE" : "289971",
				"HOUSE_BLK_NO" : "11",
				"STREET_NAME" : "ADAM DRIVE",
				"D_TYPE" : "Detached House",
				"NO_OF_UNITS" : 1,
				"INC_CRC" : "F98005994A886B39",
				"FMEL_UPD_D" : "20241215232953"
			}
		},
		{
			"type" : "Feature",
			"geometry" : {
				"type" : "Point",
				"coordinates" : [ 103.8136797196436, 1.3360509550639859 ]
			},
			"properties" : {
				"OBJECTID" : 31279,
				"POSTAL_CODE" : "289972",
				"HOUSE_BLK_NO" : "12",
				"STREET_NAME" : "ADAM DRIVE",
				"D_TYPE" : "Detached House",
				"NO_OF_UNITS" : 1,
				"INC_CRC" : "0297CDE6CBE429DC",
				"FMEL_UPD_D" : "20241215232953"
			}
		},
		{
			"type" : "Feature",
			"geometry" : {
				"type" : "Point",
				"coordinates" : [ 103.81323937924671, 1.3363103422050902 ]
			},
			"properties" : {
				"OBJECTID" : 31280,
				"POSTAL_CODE" : "289973",
				"HOUSE_BLK_NO" : "13",
				"STREET_NAME" : "ADAM DRIVE",
				"D_TYPE" : "Detached House",
				"NO_OF_UNITS" : 1,
				"INC_CRC" : "E092C077948B15E7",
				"FMEL_UPD_D" : "20241215232953"
			}
		},
		{
			"type" : "Feature",
			"geometry" : {
				"type" : "Point",
				"coordinates" : [ 103.81394806334113, 1.33625869334948 ]
			},
			"properties" : {
				"OBJECTID" : 31281,
				"POSTAL_CODE" : "289979",
				"HOUSE_BLK_NO" : "14",
				"STREET_NAME" : "ADAM DRIVE",
				"D_TYPE" : "Detached House",
				"NO_OF_UNITS" : 1,
				"INC_CRC" : "BCFF9BB79715DFEA",
				"FMEL_UPD_D" : "20241215232953"
			}
		},
		{
			"type" : "Feature",
			"geometry" : {
				"type" : "Point",
				"coordinates" : [ 103.81355036373927, 1.3365514962476666 ]
			},
			"properties" : {
				"OBJECTID" : 31282,
				"POSTAL_CODE" : "289974",
				"HOUSE_BLK_NO" : "15",
				"STREET_NAME" : "ADAM DRIVE",
				"D_TYPE" : "Detached House",
				"NO_OF_UNITS" : 1,
				"INC_CRC" : "8503F13D7F605D25",
				"FMEL_UPD_D" : "20241215232953"
			}
		},
		{
			"type" : "Feature",
			"geometry" : {
				"type" : "Point",
				"coordinates" : [ 103.81279051180357, 1.3370668348319545 ]
			},
			"properties" : {
				"OBJECTID" : 31283,
				"POSTAL_CODE" : "289975",
				"HOUSE_BLK_NO" : "16",
				"STREET_NAME" : "ADAM DRIVE",
				"D_TYPE" : "Detached House",
				"NO_OF_UNITS" : 1,
				"INC_CRC" : "725499F7940D7505",
				"FMEL_UPD_D" : "20241215232953"
			}
		},
		{
			"type" : "Feature",
			"geometry" : {
				"type" : "Point",
				"coordinates" : [ 103.88753889105993, 1.3004433776194564 ]
			},
			"properties" : {
				"OBJECTID" : 31284,
				"POSTAL_CODE" : "439824",
				"HOUSE_BLK_NO" : "113",
				"STREET_NAME" : "ARTHUR ROAD",
				"D_TYPE" : "Detached House",
				"NO_OF_UNITS" : 1,
				"INC_CRC" : "1E1AD6EC2A0982AD",
				"FMEL_UPD_D" : "20241215232953"
			}
		},
		{
			"type" : "Feature",
			"geometry" : {
				"type" : "Point",
				"coordinates" : [ 103.80894473732761, 1.2662713205025617 ]
			},
			"properties" : {
				"OBJECTID" : 31285,
				"POSTAL_CODE" : "109919",
				"HOUSE_BLK_NO" : "20",
				"STREET_NAME" : "BUKIT CHERMIN",
				"D_TYPE" : "Detached House",
				"NO_OF_UNITS" : 1,
				"INC_CRC" : "C8CE493A2B5FF1DA",
				"FMEL_UPD_D" : "20241215232953"
			}
		},
		{
			"type" : "Feature",
			"geometry" : {
				"type" : "Point",
				"coordinates" : [ 103.80876838699683, 1.265955141984623 ]
			},
			"properties" : {
				"OBJECTID" : 31286,
				"POSTAL_CODE" : "109920",
				"HOUSE_BLK_NO" : "22",
				"STREET_NAME" : "BUKIT CHERMIN",
				"D_TYPE" : "Detached House",
				"NO_OF_UNITS" : 1,
				"INC_CRC" : "E013788725988673",
				"FMEL_UPD_D" : "20241215232953"
			}
		},
		{
			"type" : "Feature",
			"geometry" : {
				"type" : "Point",
				"coordinates" : [ 103.80876064763481, 1.2655093695685395 ]
			},
			"properties" : {
				"OBJECTID" : 31287,
				"POSTAL_CODE" : "109921",
				"HOUSE_BLK_NO" : "24",
				"STREET_NAME" : "BUKIT CHERMIN",
				"D_TYPE" : "Detached House",
				"NO_OF_UNITS" : 1,
				"INC_CRC" : "E8D75627370590EA",
				"FMEL_UPD_D" : "20241215232953"
			}
		},
		{
			"type" : "Feature",
			"geometry" : {
				"type" : "Point",
				"coordinates" : [ 103.8085904662496, 1.2652409840720895 ]
			},
			"properties" : {
				"OBJECTID" : 31288,
				"POSTAL_CODE" : "109922",
				"HOUSE_BLK_NO" : "30",
				"STREET_NAME" : "BUKIT CHERMIN",
				"D_TYPE" : "Detached House",
				"NO_OF_UNITS" : 1,
				"INC_CRC" : "B5CD312070296343",
				"FMEL_UPD_D" : "20241215232953"
			}
		},
		{
			"type" : "Feature",
			"geometry" : {
				"type" : "Point",
				"coordinates" : [ 103.7895204816853, 1.4523432601065436 ]
			},
			"properties" : {
				"OBJECTID" : 31289,
				"POSTAL_CODE" : "759690",
				"HOUSE_BLK_NO" : "337",
				"STREET_NAME" : "DAHAN ROAD",
				"D_TYPE" : "Semi-Detached House",
				"NO_OF_UNITS" : 1,
				"INC_CRC" : "6385B7C925AC2953",
				"FMEL_UPD_D" : "20241215232953"
			}
		},
		{
			"type" : "Feature",
			"geometry" : {
				"type" : "Point",
				"coordinates" : [ 103.7894957266221, 1.452502976526389 ]
			},
			"properties" : {
				"OBJECTID" : 31290,
				"POSTAL_CODE" : "759691",
				"HOUSE_BLK_NO" : "338",
				"STREET_NAME" : "DAHAN ROAD",
				"D_TYPE" : "Semi-Detached House",
				"NO_OF_UNITS" : 1,
				"INC_CRC" : "F67AC60BA5D9F760",
				"FMEL_UPD_D" : "20241215232953"
			}
		},
		{
			"type" : "Feature",
			"geometry" : {
				"type" : "Point",
				"coordinates" : [ 103.78933988039903, 1.4528236236521517 ]
			},
			"properties" : {
				"OBJECTID" : 31291,
				"POSTAL_CODE" : "759692",
				"HOUSE_BLK_NO" : "339",
				"STREET_NAME" : "DAHAN ROAD",
				"D_TYPE" : "Semi-Detached House",
				"NO_OF_UNITS" : 1,
				"INC_CRC" : "D33ED0855753AE1F",
				"FMEL_UPD_D" : "20241215232953"
			}
		},
		{
			"type" : "Feature",
			"geometry" : {
				"type" : "Point",
				"coordinates" : [ 103.78920537767063, 1.452823039507262 ]
			},
			"properties" : {
				"OBJECTID" : 31292,
				"POSTAL_CODE" : "759693",
				"HOUSE_BLK_NO" : "340",
				"STREET_NAME" : "DAHAN ROAD",
				"D_TYPE" : "Semi-Detached House",
				"NO_OF_UNITS" : 1,
				"INC_CRC" : "66A8DC396103F955",
				"FMEL_UPD_D" : "20241215232953"
			}
		},
		{
			"type" : "Feature",
			"geometry" : {
				"type" : "Point",
				"coordinates" : [ 103.78885652674718, 1.4530614155724744 ]
			},
			"properties" : {
				"OBJECTID" : 31293,
				"POSTAL_CODE" : "759694",
				"HOUSE_BLK_NO" : "341",
				"STREET_NAME" : "DAHAN ROAD",
				"D_TYPE" : "Semi-Detached House",
				"NO_OF_UNITS" : 1,
				"INC_CRC" : "732C447BDE8321E2",
				"FMEL_UPD_D" : "20241215232953"
			}
		},
		{
			"type" : "Feature",
			"geometry" : {
				"type" : "Point",
				"coordinates" : [ 103.78870671897012, 1.4531547365680173 ]
			},
			"properties" : {
				"OBJECTID" : 31294,
				"POSTAL_CODE" : "759695",
				"HOUSE_BLK_NO" : "342",
				"STREET_NAME" : "DAHAN ROAD",
				"D_TYPE" : "Semi-Detached House",
				"NO_OF_UNITS" : 1,
				"INC_CRC" : "D40860EF02AFC223",
				"FMEL_UPD_D" : "20241215232953"
			}
		},
		{
			"type" : "Feature",
			"geometry" : {
				"type" : "Point",
				"coordinates" : [ 103.88578202868715, 1.3002805678779301 ]
			},
			"properties" : {
				"OBJECTID" : 31295,
				"POSTAL_CODE" : "439075",
				"HOUSE_BLK_NO" : "14",
				"STREET_NAME" : "FORT ROAD",
				"D_TYPE" : "Detached House",
				"NO_OF_UNITS" : 1,
				"INC_CRC" : "36C685DAB0220740",
				"FMEL_UPD_D" : "20241215232953"
			}
		},
		{
			"type" : "Feature",
			"geometry" : {
				"type" : "Point",
				"coordinates" : [ 103.88616943075105, 1.2998864666759775 ]
			},
			"properties" : {
				"OBJECTID" : 31296,
				"POSTAL_CODE" : "439078",
				"HOUSE_BLK_NO" : "16B",
				"STREET_NAME" : "FORT ROAD",
				"D_TYPE" : "Detached House",
				"NO_OF_UNITS" : 1,
				"INC_CRC" : "B5273C3ED1DCDE94",
				"FMEL_UPD_D" : "20241215232953"
			}
		},
		{
			"type" : "Feature",
			"geometry" : {
				"type" : "Point",
				"coordinates" : [ 103.88655393308649, 1.299878425986079 ]
			},
			"properties" : {
				"OBJECTID" : 31297,
				"POSTAL_CODE" : "439079",
				"HOUSE_BLK_NO" : "16C",
				"STREET_NAME" : "FORT ROAD",
				"D_TYPE" : "Detached House",
				"NO_OF_UNITS" : 1,
				"INC_CRC" : "2E906623B08E52FA",
				"FMEL_UPD_D" : "20241215232953"
			}
		},
		{
			"type" : "Feature",
			"geometry" : {
				"type" : "Point",
				"coordinates" : [ 103.8870132067831, 1.2998220571183436 ]
			},
			"properties" : {
				"OBJECTID" : 31298,
				"POSTAL_CODE" : "439080",
				"HOUSE_BLK_NO" : "16D",
				"STREET_NAME" : "FORT ROAD",
				"D_TYPE" : "Detached House",
				"NO_OF_UNITS" : 1,
				"INC_CRC" : "516F1AC6B0EE0427",
				"FMEL_UPD_D" : "20241215232953"
			}
		},
		{
			"type" : "Feature",
			"geometry" : {
				"type" : "Point",
				"coordinates" : [ 103.88739665608294, 1.2998176057446607 ]
			},
			"properties" : {
				"OBJECTID" : 31299,
				"POSTAL_CODE" : "439081",
				"HOUSE_BLK_NO" : "16E",
				"STREET_NAME" : "FORT ROAD",
				"D_TYPE" : "Detached House",
				"NO_OF_UNITS" : 1,
				"INC_CRC" : "8E294313C21A4B3F",
				"FMEL_UPD_D" : "20241215232953"
			}
		},
		{
			"type" : "Feature",
			"geometry" : {
				"type" : "Point",
				"coordinates" : [ 103.8334269454262, 1.4578445279597223 ]
			},
			"properties" : {
				"OBJECTID" : 31300,
				"POSTAL_CODE" : "759584",
				"HOUSE_BLK_NO" : "148",
				"STREET_NAME" : "GIBRALTAR CRESCENT",
				"D_TYPE" : "Detached House",
				"NO_OF_UNITS" : 1,
				"INC_CRC" : "78D24235B1CAE8F8",
				"FMEL_UPD_D" : "20241215232953"
			}
		},
		{
			"type" : "Feature",
			"geometry" : {
				"type" : "Point",
				"coordinates" : [ 103.83373624043023, 1.4574521426463756 ]
			},
			"properties" : {
				"OBJECTID" : 31301,
				"POSTAL_CODE" : "759560",
				"HOUSE_BLK_NO" : "150",
				"STREET_NAME" : "GIBRALTAR CRESCENT",
				"D_TYPE" : "Detached House",
				"NO_OF_UNITS" : 1,
				"INC_CRC" : "DC85E47D86FF2152",
				"FMEL_UPD_D" : "20241215232953"
			}
		},
		{
			"type" : "Feature",
			"geometry" : {
				"type" : "Point",
				"coordinates" : [ 103.83412919012258, 1.4575288027305864 ]
			},
			"properties" : {
				"OBJECTID" : 31302,
				"POSTAL_CODE" : "759585",
				"HOUSE_BLK_NO" : "151",
				"STREET_NAME" : "GIBRALTAR CRESCENT",
				"D_TYPE" : "Detached House",
				"NO_OF_UNITS" : 1,
				"INC_CRC" : "2311D23DE1F2D35E",
				"FMEL_UPD_D" : "20241215232953"
			}
		},
		{
			"type" : "Feature",
			"geometry" : {
				"type" : "Point",
				"coordinates" : [ 103.83398452191511, 1.4570423021855772 ]
			},
			"properties" : {
				"OBJECTID" : 31303,
				"POSTAL_CODE" : "759563",
				"HOUSE_BLK_NO" : "152",
				"STREET_NAME" : "GIBRALTAR CRESCENT",
				"D_TYPE" : "Detached House",
				"NO_OF_UNITS" : 1,
				"INC_CRC" : "D6EDA964416A52C8",
				"FMEL_UPD_D" : "20241215232953"
			}
		},
		{
			"type" : "Feature",
			"geometry" : {
				"type" : "Point",
				"coordinates" : [ 103.83496186171008, 1.4573727715230267 ]
			},
			"properties" : {
				"OBJECTID" : 31304,
				"POSTAL_CODE" : "759586",
				"HOUSE_BLK_NO" : "153",
				"STREET_NAME" : "GIBRALTAR CRESCENT",
				"D_TYPE" : "Detached House",
				"NO_OF_UNITS" : 1,
				"INC_CRC" : "3D44154310ADE173",
				"FMEL_UPD_D" : "20241215232953"
			}
		},
		{
			"type" : "Feature",
			"geometry" : {
				"type" : "Point",
				"coordinates" : [ 103.83505043853178, 1.4568796997586055 ]
			},
			"properties" : {
				"OBJECTID" : 31305,
				"POSTAL_CODE" : "759587",
				"HOUSE_BLK_NO" : "154",
				"STREET_NAME" : "GIBRALTAR CRESCENT",
				"D_TYPE" : "Detached House",
				"NO_OF_UNITS" : 1,
				"INC_CRC" : "72EABE3F75AE803D",
				"FMEL_UPD_D" : "20241215232953"
			}
		},
		{
			"type" : "Feature",
			"geometry" : {
				"type" : "Point",
				"coordinates" : [ 103.83536836670238, 1.4572604691269124 ]
			},
			"properties" : {
				"OBJECTID" : 31306,
				"POSTAL_CODE" : "759588",
				"HOUSE_BLK_NO" : "156",
				"STREET_NAME" : "GIBRALTAR CRESCENT",
				"D_TYPE" : "Detached House",
				"NO_OF_UNITS" : 1,
				"INC_CRC" : "BBE63EDD86DBF8BD",
				"FMEL_UPD_D" : "20241215232953"
			}
		},
		{
			"type" : "Feature",
			"geometry" : {
				"type" : "Point",
				"coordinates" : [ 103.83556364276087, 1.4576970558955928 ]
			},
			"properties" : {
				"OBJECTID" : 31307,
				"POSTAL_CODE" : "759589",
				"HOUSE_BLK_NO" : "158",
				"STREET_NAME" : "GIBRALTAR CRESCENT",
				"D_TYPE" : "Detached House",
				"NO_OF_UNITS" : 1,
				"INC_CRC" : "965FC8FA3C4BF8D7",
				"FMEL_UPD_D" : "20241215232953"
			}
		},
		{
			"type" : "Feature",
			"geometry" : {
				"type" : "Point",
				"coordinates" : [ 103.83441440063298, 1.4572482807782112 ]
			},
			"properties" : {
				"OBJECTID" : 31308,
				"POSTAL_CODE" : "759581",
				"HOUSE_BLK_NO" : "318-2",
				"STREET_NAME" : "GIBRALTAR CRESCENT",
				"D_TYPE" : "Detached House",
				"NO_OF_UNITS" : 1,
				"INC_CRC" : "6CDC673A4599290C",
				"FMEL_UPD_D" : "20241215232953"
			}
		},
		{
			"type" : "Feature",
			"geometry" : {
				"type" : "Point",
				"coordinates" : [ 103.82467793559347, 1.299822196681166 ]
			},
			"properties" : {
				"OBJECTID" : 31309,
				"POSTAL_CODE" : "249572",
				"HOUSE_BLK_NO" : "67",
				"STREET_NAME" : "GRANGE ROAD",
				"D_TYPE" : "Other Apartment nec",
				"NO_OF_UNITS" : 6,
				"INC_CRC" : "D3D50DCF6AF42BE0",
				"FMEL_UPD_D" : "20241215232953"
			}
		},
		{
			"type" : "Feature",
			"geometry" : {
				"type" : "Point",
				"coordinates" : [ 103.82454704174758, 1.3003735178035234 ]
			},
			"properties" : {
				"OBJECTID" : 31310,
				"POSTAL_CODE" : "249605",
				"HOUSE_BLK_NO" : "130",
				"STREET_NAME" : "GRANGE ROAD",
				"D_TYPE" : "Other Apartment nec",
				"NO_OF_UNITS" : 3,
				"INC_CRC" : "A6FF0017897D93AF",
				"FMEL_UPD_D" : "20241215232953"
			}
		},
		{
			"type" : "Feature",
			"geometry" : {
				"type" : "Point",
				"coordinates" : [ 103.82454704174758, 1.3003735178035234 ]
			},
			"properties" : {
				"OBJECTID" : 31311,
				"POSTAL_CODE" : "249606",
				"HOUSE_BLK_NO" : "132",
				"STREET_NAME" : "GRANGE ROAD",
				"D_TYPE" : "Other Apartment nec",
				"NO_OF_UNITS" : 3,
				"INC_CRC" : "A6FF00178A5747AE",
				"FMEL_UPD_D" : "20241215232953"
			}
		},
		{
			"type" : "Feature",
			"geometry" : {
				"type" : "Point",
				"coordinates" : [ 103.89802881797242, 1.3104976573598046 ]
			},
			"properties" : {
				"OBJECTID" : 31312,
				"POSTAL_CODE" : "438706",
				"HOUSE_BLK_NO" : "15",
				"STREET_NAME" : "HAIGSVILLE DRIVE",
				"D_TYPE" : "Detached House",
				"NO_OF_UNITS" : 1,
				"INC_CRC" : "61237A0565D5C855",
				"FMEL_UPD_D" : "20241215232953"
			}
		},
		{
			"type" : "Feature",
			"geometry" : {
				"type" : "Point",
				"coordinates" : [ 103.80155492832371, 1.310668865661321 ]
			},
			"properties" : {
				"OBJECTID" : 31313,
				"POSTAL_CODE" : "278544",
				"HOUSE_BLK_NO" : "101",
				"STREET_NAME" : "HOLLAND ROAD",
				"D_TYPE" : "Semi-Detached House",
				"NO_OF_UNITS" : 1,
				"INC_CRC" : "586486F013032448",
				"FMEL_UPD_D" : "20241215232953"
			}
		},
		{
			"type" : "Feature",
			"geometry" : {
				"type" : "Point",
				"coordinates" : [ 103.80143894953109, 1.3107021655948334 ]
			},
			"properties" : {
				"OBJECTID" : 31314,
				"POSTAL_CODE" : "278546",
				"HOUSE_BLK_NO" : "103",
				"STREET_NAME" : "HOLLAND ROAD",
				"D_TYPE" : "Semi-Detached House",
				"NO_OF_UNITS" : 1,
				"INC_CRC" : "A6F97EA5422D6275",
				"FMEL_UPD_D" : "20241215232953"
			}
		},
		{
			"type" : "Feature",
			"geometry" : {
				"type" : "Point",
				"coordinates" : [ 103.8011573126964, 1.3107907390541667 ]
			},
			"properties" : {
				"OBJECTID" : 31315,
				"POSTAL_CODE" : "278548",
				"HOUSE_BLK_NO" : "105",
				"STREET_NAME" : "HOLLAND ROAD",
				"D_TYPE" : "Semi-Detached House",
				"NO_OF_UNITS" : 1,
				"INC_CRC" : "BB5EA5082CE5211E",
				"FMEL_UPD_D" : "20241215232953"
			}
		},
		{
			"type" : "Feature",
			"geometry" : {
				"type" : "Point",
				"coordinates" : [ 103.80104401782603, 1.3108265621808528 ]
			},
			"properties" : {
				"OBJECTID" : 31316,
				"POSTAL_CODE" : "278550",
				"HOUSE_BLK_NO" : "107",
				"STREET_NAME" : "HOLLAND ROAD",
				"D_TYPE" : "Semi-Detached House",
				"NO_OF_UNITS" : 1,
				"INC_CRC" : "C6CC2AFCAF52D3D2",
				"FMEL_UPD_D" : "20241215232953"
			}
		},
		{
			"type" : "Feature",
			"geometry" : {
				"type" : "Point",
				"coordinates" : [ 103.80072713042769, 1.3108125168844869 ]
			},
			"properties" : {
				"OBJECTID" : 31317,
				"POSTAL_CODE" : "278552",
				"HOUSE_BLK_NO" : "109",
				"STREET_NAME" : "HOLLAND ROAD",
				"D_TYPE" : "Semi-Detached House",
				"NO_OF_UNITS" : 1,
				"INC_CRC" : "08BF38D44CC004EA",
				"FMEL_UPD_D" : "20241215232953"
			}
		},
		{
			"type" : "Feature",
			"geometry" : {
				"type" : "Point",
				"coordinates" : [ 103.80058007390421, 1.3108157833268874 ]
			},
			"properties" : {
				"OBJECTID" : 31318,
				"POSTAL_CODE" : "278554",
				"HOUSE_BLK_NO" : "111",
				"STREET_NAME" : "HOLLAND ROAD",
				"D_TYPE" : "Semi-Detached House",
				"NO_OF_UNITS" : 1,
				"INC_CRC" : "C20B55DDEBEF3FF3",
				"FMEL_UPD_D" : "20241215232953"
			}
		},
		{
			"type" : "Feature",
			"geometry" : {
				"type" : "Point",
				"coordinates" : [ 103.80024497166998, 1.310897667297112 ]
			},
			"properties" : {
				"OBJECTID" : 31319,
				"POSTAL_CODE" : "278556",
				"HOUSE_BLK_NO" : "113",
				"STREET_NAME" : "HOLLAND ROAD",
				"D_TYPE" : "Semi-Detached House",
				"NO_OF_UNITS" : 1,
				"INC_CRC" : "2BE14008937590A4",
				"FMEL_UPD_D" : "20241215232953"
			}
		},
		{
			"type" : "Feature",
			"geometry" : {
				"type" : "Point",
				"coordinates" : [ 103.80015360353921, 1.3109736471743116 ]
			},
			"properties" : {
				"OBJECTID" : 31320,
				"POSTAL_CODE" : "278559",
				"HOUSE_BLK_NO" : "115",
				"STREET_NAME" : "HOLLAND ROAD",
				"D_TYPE" : "Semi-Detached House",
				"NO_OF_UNITS" : 1,
				"INC_CRC" : "E3EF261AA75479FA",
				"FMEL_UPD_D" : "20241215232953"
			}
		},
		{
			"type" : "Feature",
			"geometry" : {
				"type" : "Point",
				"coordinates" : [ 103.79994333950845, 1.311179194671256 ]
			},
			"properties" : {
				"OBJECTID" : 31321,
				"POSTAL_CODE" : "278561",
				"HOUSE_BLK_NO" : "117",
				"STREET_NAME" : "HOLLAND ROAD",
				"D_TYPE" : "Semi-Detached House",
				"NO_OF_UNITS" : 1,
				"INC_CRC" : "35811C6F27F71E2E",
				"FMEL_UPD_D" : "20241215232953"
			}
		},
		{
			"type" : "Feature",
			"geometry" : {
				"type" : "Point",
				"coordinates" : [ 103.79984499893823, 1.3112311762247306 ]
			},
			"properties" : {
				"OBJECTID" : 31322,
				"POSTAL_CODE" : "278563",
				"HOUSE_BLK_NO" : "119",
				"STREET_NAME" : "HOLLAND ROAD",
				"D_TYPE" : "Semi-Detached House",
				"NO_OF_UNITS" : 1,
				"INC_CRC" : "C03E2E6624907CFA",
				"FMEL_UPD_D" : "20241215232953"
			}
		},
		{
			"type" : "Feature",
			"geometry" : {
				"type" : "Point",
				"coordinates" : [ 103.78974137286224, 1.3143542377942812 ]
			},
			"properties" : {
				"OBJECTID" : 31323,
				"POSTAL_CODE" : "278599",
				"HOUSE_BLK_NO" : "249",
				"STREET_NAME" : "HOLLAND ROAD",
				"D_TYPE" : "Detached House",
				"NO_OF_UNITS" : 1,
				"INC_CRC" : "80EC2E3B68E34919",
				"FMEL_UPD_D" : "20241215232953"
			}
		},
		{
			"type" : "Feature",
			"geometry" : {
				"type" : "Point",
				"coordinates" : [ 103.78915752029185, 1.3139471721361209 ]
			},
			"properties" : {
				"OBJECTID" : 31324,
				"POSTAL_CODE" : "278600",
				"HOUSE_BLK_NO" : "251",
				"STREET_NAME" : "HOLLAND ROAD",
				"D_TYPE" : "Detached House",
				"NO_OF_UNITS" : 1,
				"INC_CRC" : "BCA5117857630542",
				"FMEL_UPD_D" : "20241215232953"
			}
		},
		{
			"type" : "Feature",
			"geometry" : {
				"type" : "Point",
				"coordinates" : [ 103.78900054612348, 1.314469898307744 ]
			},
			"properties" : {
				"OBJECTID" : 31325,
				"POSTAL_CODE" : "278602",
				"HOUSE_BLK_NO" : "253",
				"STREET_NAME" : "HOLLAND ROAD",
				"D_TYPE" : "Detached House",
				"NO_OF_UNITS" : 1,
				"INC_CRC" : "32BF1F8C5E5FBECF",
				"FMEL_UPD_D" : "20241215232953"
			}
		},
		{
			"type" : "Feature",
			"geometry" : {
				"type" : "Point",
				"coordinates" : [ 103.7895558739211, 1.3149511421847793 ]
			},
			"properties" : {
				"OBJECTID" : 31326,
				"POSTAL_CODE" : "278604",
				"HOUSE_BLK_NO" : "255",
				"STREET_NAME" : "HOLLAND ROAD",
				"D_TYPE" : "Detached House",
				"NO_OF_UNITS" : 1,
				"INC_CRC" : "3F171738D4E28B1C",
				"FMEL_UPD_D" : "20241215232953"
			}
		},
		{
			"type" : "Feature",
			"geometry" : {
				"type" : "Point",
				"coordinates" : [ 103.78916133091909, 1.3153346173588936 ]
			},
			"properties" : {
				"OBJECTID" : 31327,
				"POSTAL_CODE" : "278606",
				"HOUSE_BLK_NO" : "257",
				"STREET_NAME" : "HOLLAND ROAD",
				"D_TYPE" : "Detached House",
				"NO_OF_UNITS" : 1,
				"INC_CRC" : "E88B8C4D4A00FA65",
				"FMEL_UPD_D" : "20241215232953"
			}
		},
		{
			"type" : "Feature",
			"geometry" : {
				"type" : "Point",
				"coordinates" : [ 103.89946418469744, 1.3052052824982179 ]
			},
			"properties" : {
				"OBJECTID" : 31328,
				"POSTAL_CODE" : "438561",
				"HOUSE_BLK_NO" : "1",
				"STREET_NAME" : "JALAN BERINGIN",
				"D_TYPE" : "Terrace House",
				"NO_OF_UNITS" : 1,
				"INC_CRC" : "1BF8EF4B17128D1F",
				"FMEL_UPD_D" : "20241215232953"
			}
		},
		{
			"type" : "Feature",
			"geometry" : {
				"type" : "Point",
				"coordinates" : [ 103.89472576675166, 1.3041451538764017 ]
			},
			"properties" : {
				"OBJECTID" : 31329,
				"POSTAL_CODE" : "439562",
				"HOUSE_BLK_NO" : "2",
				"STREET_NAME" : "JALAN BERINGIN",
				"D_TYPE" : "Terrace House",
				"NO_OF_UNITS" : 1,
				"INC_CRC" : "807EDFBA448D7774",
				"FMEL_UPD_D" : "20241215232953"
			}
		},
		{
			"type" : "Feature",
			"geometry" : {
				"type" : "Point",
				"coordinates" : [ 103.89937844106059, 1.3051761922748932 ]
			},
			"properties" : {
				"OBJECTID" : 31330,
				"POSTAL_CODE" : "438563",
				"HOUSE_BLK_NO" : "3",
				"STREET_NAME" : "JALAN BERINGIN",
				"D_TYPE" : "Terrace House",
				"NO_OF_UNITS" : 1,
				"INC_CRC" : "67A6620312EFD6CA",
				"FMEL_UPD_D" : "20241215232953"
			}
		},
		{
			"type" : "Feature",
			"geometry" : {
				"type" : "Point",
				"coordinates" : [ 103.8991969163154, 1.3055739915904188 ]
			},
			"properties" : {
				"OBJECTID" : 31331,
				"POSTAL_CODE" : "438564",
				"HOUSE_BLK_NO" : "4",
				"STREET_NAME" : "JALAN BERINGIN",
				"D_TYPE" : "Terrace House",
				"NO_OF_UNITS" : 1,
				"INC_CRC" : "4FA75DCD9D1E68F3",
				"FMEL_UPD_D" : "20241215232953"
			}
		},
		{
			"type" : "Feature",
			"geometry" : {
				"type" : "Point",
				"coordinates" : [ 103.89929545544709, 1.305127317200936 ]
			},
			"properties" : {
				"OBJECTID" : 31332,
				"POSTAL_CODE" : "438565",
				"HOUSE_BLK_NO" : "5",
				"STREET_NAME" : "JALAN BERINGIN",
				"D_TYPE" : "Terrace House",
				"NO_OF_UNITS" : 1,
				"INC_CRC" : "3695302A517CD8C5",
				"FMEL_UPD_D" : "20241215232953"
			}
		},
		{
			"type" : "Feature",
			"geometry" : {
				"type" : "Point",
				"coordinates" : [ 103.8991152490348, 1.3054973000434222 ]
			},
			"properties" : {
				"OBJECTID" : 31333,
				"POSTAL_CODE" : "438566",
				"HOUSE_BLK_NO" : "6",
				"STREET_NAME" : "JALAN BERINGIN",
				"D_TYPE" : "Terrace House",
				"NO_OF_UNITS" : 1,
				"INC_CRC" : "8658F9B0F4EC1EE0",
				"FMEL_UPD_D" : "20241215232953"
			}
		},
		{
			"type" : "Feature",
			"geometry" : {
				"type" : "Point",
				"coordinates" : [ 103.89920473570294, 1.3050996623286502 ]
			},
			"properties" : {
				"OBJECTID" : 31334,
				"POSTAL_CODE" : "438567",
				"HOUSE_BLK_NO" : "7",
				"STREET_NAME" : "JALAN BERINGIN",
				"D_TYPE" : "Terrace House",
				"NO_OF_UNITS" : 1,
				"INC_CRC" : "5B7847F14418A160",
				"FMEL_UPD_D" : "20241215232953"
			}
		},
		{
			"type" : "Feature",
			"geometry" : {
				"type" : "Point",
				"coordinates" : [ 103.89902659283503, 1.3054886693155858 ]
			},
			"properties" : {
				"OBJECTID" : 31335,
				"POSTAL_CODE" : "438568",
				"HOUSE_BLK_NO" : "8",
				"STREET_NAME" : "JALAN BERINGIN",
				"D_TYPE" : "Terrace House",
				"NO_OF_UNITS" : 1,
				"INC_CRC" : "A553827840093185",
				"FMEL_UPD_D" : "20241215232953"
			}
		},
		{
			"type" : "Feature",
			"geometry" : {
				"type" : "Point",
				"coordinates" : [ 103.89911948845116, 1.3050506679320526 ]
			},
			"properties" : {
				"OBJECTID" : 31336,
				"POSTAL_CODE" : "438569",
				"HOUSE_BLK_NO" : "9",
				"STREET_NAME" : "JALAN BERINGIN",
				"D_TYPE" : "Terrace House",
				"NO_OF_UNITS" : 1,
				"INC_CRC" : "74C52FC775F800B7",
				"FMEL_UPD_D" : "20241215232953"
			}
		},
		{
			"type" : "Feature",
			"geometry" : {
				"type" : "Point",
				"coordinates" : [ 103.89894152829973, 1.3054174275502402 ]
			},
			"properties" : {
				"OBJECTID" : 31337,
				"POSTAL_CODE" : "438570",
				"HOUSE_BLK_NO" : "10",
				"STREET_NAME" : "JALAN BERINGIN",
				"D_TYPE" : "Terrace House",
				"NO_OF_UNITS" : 1,
				"INC_CRC" : "B95FE9E4DFA616A7",
				"FMEL_UPD_D" : "20241215232953"
			}
		},
		{
			"type" : "Feature",
			"geometry" : {
				"type" : "Point",
				"coordinates" : [ 103.89903005237572, 1.305009206995985 ]
			},
			"properties" : {
				"OBJECTID" : 31338,
				"POSTAL_CODE" : "438571",
				"HOUSE_BLK_NO" : "11",
				"STREET_NAME" : "JALAN BERINGIN",
				"D_TYPE" : "Terrace House",
				"NO_OF_UNITS" : 1,
				"INC_CRC" : "E64DBBDD0BB7DF51",
				"FMEL_UPD_D" : "20241215232953"
			}
		},
		{
			"type" : "Feature",
			"geometry" : {
				"type" : "Point",
				"coordinates" : [ 103.89885094740687, 1.305408413416119 ]
			},
			"properties" : {
				"OBJECTID" : 31339,
				"POSTAL_CODE" : "438572",
				"HOUSE_BLK_NO" : "12",
				"STREET_NAME" : "JALAN BERINGIN",
				"D_TYPE" : "Terrace House",
				"NO_OF_UNITS" : 1,
				"INC_CRC" : "5D69A8E7B94F9BCA",
				"FMEL_UPD_D" : "20241215232953"
			}
		},
		{
			"type" : "Feature",
			"geometry" : {
				"type" : "Point",
				"coordinates" : [ 103.89971305985927, 1.3046345226372862 ]
			},
			"properties" : {
				"OBJECTID" : 31340,
				"POSTAL_CODE" : "438534",
				"HOUSE_BLK_NO" : "1",
				"STREET_NAME" : "JALAN BINJAI",
				"D_TYPE" : "Terrace House",
				"NO_OF_UNITS" : 1,
				"INC_CRC" : "1C186A8FC32B594C",
				"FMEL_UPD_D" : "20241215232953"
			}
		},
		{
			"type" : "Feature",
			"geometry" : {
				"type" : "Point",
				"coordinates" : [ 103.89954212830642, 1.3050034254499494 ]
			},
			"properties" : {
				"OBJECTID" : 31341,
				"POSTAL_CODE" : "438535",
				"HOUSE_BLK_NO" : "2",
				"STREET_NAME" : "JALAN BINJAI",
				"D_TYPE" : "Terrace House",
				"NO_OF_UNITS" : 1,
				"INC_CRC" : "C8326BE0D08E9974",
				"FMEL_UPD_D" : "20241215232953"
			}
		},
		{
			"type" : "Feature",
			"geometry" : {
				"type" : "Point",
				"coordinates" : [ 103.89962203878133, 1.3045940674170295 ]
			},
			"properties" : {
				"OBJECTID" : 31342,
				"POSTAL_CODE" : "438536",
				"HOUSE_BLK_NO" : "3",
				"STREET_NAME" : "JALAN BINJAI",
				"D_TYPE" : "Terrace House",
				"NO_OF_UNITS" : 1,
				"INC_CRC" : "1A0964C621E08571",
				"FMEL_UPD_D" : "20241215232953"
			}
		},
		{
			"type" : "Feature",
			"geometry" : {
				"type" : "Point",
				"coordinates" : [ 103.89945448404613, 1.3050009136375575 ]
			},
			"properties" : {
				"OBJECTID" : 31343,
				"POSTAL_CODE" : "438537",
				"HOUSE_BLK_NO" : "4",
				"STREET_NAME" : "JALAN BINJAI",
				"D_TYPE" : "Terrace House",
				"NO_OF_UNITS" : 1,
				"INC_CRC" : "ECC653B4F0DFFBE6",
				"FMEL_UPD_D" : "20241215232953"
			}
		},
		{
			"type" : "Feature",
			"geometry" : {
				"type" : "Point",
				"coordinates" : [ 103.89953801386761, 1.30455675376917 ]
			},
			"properties" : {
				"OBJECTID" : 31344,
				"POSTAL_CODE" : "438538",
				"HOUSE_BLK_NO" : "5",
				"STREET_NAME" : "JALAN BINJAI",
				"D_TYPE" : "Terrace House",
				"NO_OF_UNITS" : 1,
				"INC_CRC" : "A241AD2CF267805C",
				"FMEL_UPD_D" : "20241215232953"
			}
		},
		{
			"type" : "Feature",
			"geometry" : {
				"type" : "Point",
				"coordinates" : [ 103.89936802209336, 1.3049226169783554 ]
			},
			"properties" : {
				"OBJECTID" : 31345,
				"POSTAL_CODE" : "438539",
				"HOUSE_BLK_NO" : "6",
				"STREET_NAME" : "JALAN BINJAI",
				"D_TYPE" : "Terrace House",
				"NO_OF_UNITS" : 1,
				"INC_CRC" : "B8EE932F2090601F",
				"FMEL_UPD_D" : "20241215232953"
			}
		},
		{
			"type" : "Feature",
			"geometry" : {
				"type" : "Point",
				"coordinates" : [ 103.89945258830193, 1.3045262934270245 ]
			},
			"properties" : {
				"OBJECTID" : 31346,
				"POSTAL_CODE" : "438540",
				"HOUSE_BLK_NO" : "7",
				"STREET_NAME" : "JALAN BINJAI",
				"D_TYPE" : "Terrace House",
				"NO_OF_UNITS" : 1,
				"INC_CRC" : "378964E6C8BF62B9",
				"FMEL_UPD_D" : "20241215232953"
			}
		},
		{
			"type" : "Feature",
			"geometry" : {
				"type" : "Point",
				"coordinates" : [ 103.89927889532844, 1.304923709994377 ]
			},
			"properties" : {
				"OBJECTID" : 31347,
				"POSTAL_CODE" : "438541",
				"HOUSE_BLK_NO" : "8",
				"STREET_NAME" : "JALAN BINJAI",
				"D_TYPE" : "Terrace House",
				"NO_OF_UNITS" : 1,
				"INC_CRC" : "23D1684CFD1405D4",
				"FMEL_UPD_D" : "20241215232953"
			}
		},
		{
			"type" : "Feature",
			"geometry" : {
				"type" : "Point",
				"coordinates" : [ 103.89936832076394, 1.3044881604256795 ]
			},
			"properties" : {
				"OBJECTID" : 31348,
				"POSTAL_CODE" : "438542",
				"HOUSE_BLK_NO" : "9",
				"STREET_NAME" : "JALAN BINJAI",
				"D_TYPE" : "Terrace House",
				"NO_OF_UNITS" : 1,
				"INC_CRC" : "7F9A7241A83B4841",
				"FMEL_UPD_D" : "20241215232953"
			}
		},
		{
			"type" : "Feature",
			"geometry" : {
				"type" : "Point",
				"coordinates" : [ 103.89919585315994, 1.3048764935218666 ]
			},
			"properties" : {
				"OBJECTID" : 31349,
				"POSTAL_CODE" : "438543",
				"HOUSE_BLK_NO" : "10",
				"STREET_NAME" : "JALAN BINJAI",
				"D_TYPE" : "Terrace House",
				"NO_OF_UNITS" : 1,
				"INC_CRC" : "D6D155FE161FABE8",
				"FMEL_UPD_D" : "20241215232953"
			}
		},
		{
			"type" : "Feature",
			"geometry" : {
				"type" : "Point",
				"coordinates" : [ 103.89927907867157, 1.3044421071311578 ]
			},
			"properties" : {
				"OBJECTID" : 31350,
				"POSTAL_CODE" : "438544",
				"HOUSE_BLK_NO" : "11",
				"STREET_NAME" : "JALAN BINJAI",
				"D_TYPE" : "Terrace House",
				"NO_OF_UNITS" : 1,
				"INC_CRC" : "7D91C8682E445883",
				"FMEL_UPD_D" : "20241215232953"
			}
		},
		{
			"type" : "Feature",
			"geometry" : {
				"type" : "Point",
				"coordinates" : [ 103.89911007453401, 1.3048489533696392 ]
			},
			"properties" : {
				"OBJECTID" : 31351,
				"POSTAL_CODE" : "438545",
				"HOUSE_BLK_NO" : "12",
				"STREET_NAME" : "JALAN BINJAI",
				"D_TYPE" : "Terrace House",
				"NO_OF_UNITS" : 1,
				"INC_CRC" : "C6BCD9B0C3AD0D02",
				"FMEL_UPD_D" : "20241215232953"
			}
		},
		{
			"type" : "Feature",
			"geometry" : {
				"type" : "Point",
				"coordinates" : [ 103.89996514533607, 1.3040606272387087 ]
			},
			"properties" : {
				"OBJECTID" : 31352,
				"POSTAL_CODE" : "438489",
				"HOUSE_BLK_NO" : "1",
				"STREET_NAME" : "JALAN GAJUS",
				"D_TYPE" : "Terrace House",
				"NO_OF_UNITS" : 1,
				"INC_CRC" : "4B3B53EC49EE04AE",
				"FMEL_UPD_D" : "20241215232953"
			}
		},
		{
			"type" : "Feature",
			"geometry" : {
				"type" : "Point",
				"coordinates" : [ 103.8997870153936, 1.304455781236151 ]
			},
			"properties" : {
				"OBJECTID" : 31353,
				"POSTAL_CODE" : "438490",
				"HOUSE_BLK_NO" : "2",
				"STREET_NAME" : "JALAN GAJUS",
				"D_TYPE" : "Terrace House",
				"NO_OF_UNITS" : 1,
				"INC_CRC" : "3092987D20F0236D",
				"FMEL_UPD_D" : "20241215232953"
			}
		},
		{
			"type" : "Feature",
			"geometry" : {
				"type" : "Point",
				"coordinates" : [ 103.89987637628654, 1.3040298839333981 ]
			},
			"properties" : {
				"OBJECTID" : 31354,
				"POSTAL_CODE" : "438491",
				"HOUSE_BLK_NO" : "3",
				"STREET_NAME" : "JALAN GAJUS",
				"D_TYPE" : "Terrace House",
				"NO_OF_UNITS" : 1,
				"INC_CRC" : "852E6DC49E9AE4D5",
				"FMEL_UPD_D" : "20241215232953"
			}
		},
		{
			"type" : "Feature",
			"geometry" : {
				"type" : "Point",
				"coordinates" : [ 103.89969474190053, 1.3044211447305059 ]
			},
			"properties" : {
				"OBJECTID" : 31355,
				"POSTAL_CODE" : "438492",
				"HOUSE_BLK_NO" : "4",
				"STREET_NAME" : "JALAN GAJUS",
				"D_TYPE" : "Terrace House",
				"NO_OF_UNITS" : 1,
				"INC_CRC" : "C45A384A5A74CE96",
				"FMEL_UPD_D" : "20241215232953"
			}
		},
		{
			"type" : "Feature",
			"geometry" : {
				"type" : "Point",
				"coordinates" : [ 103.89979007790909, 1.3039865210616621 ]
			},
			"properties" : {
				"OBJECTID" : 31356,
				"POSTAL_CODE" : "438493",
				"HOUSE_BLK_NO" : "5",
				"STREET_NAME" : "JALAN GAJUS",
				"D_TYPE" : "Terrace House",
				"NO_OF_UNITS" : 1,
				"INC_CRC" : "C3CAE6412108175F",
				"FMEL_UPD_D" : "20241215232953"
			}
		},
		{
			"type" : "Feature",
			"geometry" : {
				"type" : "Point",
				"coordinates" : [ 103.8996116479057, 1.3043846088133058 ]
			},
			"properties" : {
				"OBJECTID" : 31357,
				"POSTAL_CODE" : "438494",
				"HOUSE_BLK_NO" : "6",
				"STREET_NAME" : "JALAN GAJUS",
				"D_TYPE" : "Terrace House",
				"NO_OF_UNITS" : 1,
				"INC_CRC" : "609F7D012CBEEF58",
				"FMEL_UPD_D" : "20241215232953"
			}
		},
		{
			"type" : "Feature",
			"geometry" : {
				"type" : "Point",
				"coordinates" : [ 103.89970185788644, 1.3039561955515548 ]
			},
			"properties" : {
				"OBJECTID" : 31358,
				"POSTAL_CODE" : "438495",
				"HOUSE_BLK_NO" : "7",
				"STREET_NAME" : "JALAN GAJUS",
				"D_TYPE" : "Terrace House",
				"NO_OF_UNITS" : 1,
				"INC_CRC" : "31E2F51F51EAF071",
				"FMEL_UPD_D" : "20241215232953"
			}
		},
		{
			"type" : "Feature",
			"geometry" : {
				"type" : "Point",
				"coordinates" : [ 103.89952648360737, 1.3043459332223954 ]
			},
			"properties" : {
				"OBJECTID" : 31359,
				"POSTAL_CODE" : "438496",
				"HOUSE_BLK_NO" : "8",
				"STREET_NAME" : "JALAN GAJUS",
				"D_TYPE" : "Terrace House",
				"NO_OF_UNITS" : 1,
				"INC_CRC" : "52680062EDEE79D5",
				"FMEL_UPD_D" : "20241215232953"
			}
		},
		{
			"type" : "Feature",
			"geometry" : {
				"type" : "Point",
				"coordinates" : [ 103.8996185094507, 1.3039132395592037 ]
			},
			"properties" : {
				"OBJECTID" : 31360,
				"POSTAL_CODE" : "438497",
				"HOUSE_BLK_NO" : "9",
				"STREET_NAME" : "JALAN GAJUS",
				"D_TYPE" : "Terrace House",
				"NO_OF_UNITS" : 1,
				"INC_CRC" : "357B8B8F7BACB34C",
				"FMEL_UPD_D" : "20241215232953"
			}
		},
		{
			"type" : "Feature",
			"geometry" : {
				"type" : "Point",
				"coordinates" : [ 103.89944798290091, 1.3043062120073126 ]
			},
			"properties" : {
				"OBJECTID" : 31361,
				"POSTAL_CODE" : "438498",
				"HOUSE_BLK_NO" : "10",
				"STREET_NAME" : "JALAN GAJUS",
				"D_TYPE" : "Terrace House",
				"NO_OF_UNITS" : 1,
				"INC_CRC" : "3A439A5CB62F9DD0",
				"FMEL_UPD_D" : "20241215232953"
			}
		},
		{
			"type" : "Feature",
			"geometry" : {
				"type" : "Point",
				"coordinates" : [ 103.89953016809613, 1.30388166602345 ]
			},
			"properties" : {
				"OBJECTID" : 31362,
				"POSTAL_CODE" : "438499",
				"HOUSE_BLK_NO" : "11",
				"STREET_NAME" : "JALAN GAJUS",
				"D_TYPE" : "Terrace House",
				"NO_OF_UNITS" : 1,
				"INC_CRC" : "5DE97B4E25F7BA9D",
				"FMEL_UPD_D" : "20241215232953"
			}
		},
		{
			"type" : "Feature",
			"geometry" : {
				"type" : "Point",
				"coordinates" : [ 103.89935883734029, 1.3042748184559305 ]
			},
			"properties" : {
				"OBJECTID" : 31363,
				"POSTAL_CODE" : "438500",
				"HOUSE_BLK_NO" : "12",
				"STREET_NAME" : "JALAN GAJUS",
				"D_TYPE" : "Terrace House",
				"NO_OF_UNITS" : 1,
				"INC_CRC" : "12677AB884A28C29",
				"FMEL_UPD_D" : "20241215232953"
			}
		},
		{
			"type" : "Feature",
			"geometry" : {
				"type" : "Point",
				"coordinates" : [ 103.79890456926019, 1.3102057442035258 ]
			},
			"properties" : {
				"OBJECTID" : 31364,
				"POSTAL_CODE" : "278417",
				"HOUSE_BLK_NO" : "2",
				"STREET_NAME" : "JALAN HITAM MANIS",
				"D_TYPE" : "Terrace House",
				"NO_OF_UNITS" : 1,
				"INC_CRC" : "5B7942E9D2A90DD0",
				"FMEL_UPD_D" : "20241215232953"
			}
		},
		{
			"type" : "Feature",
			"geometry" : {
				"type" : "Point",
				"coordinates" : [ 103.79892662398447, 1.3101507265857184 ]
			},
			"properties" : {
				"OBJECTID" : 31365,
				"POSTAL_CODE" : "278419",
				"HOUSE_BLK_NO" : "4",
				"STREET_NAME" : "JALAN HITAM MANIS",
				"D_TYPE" : "Terrace House",
				"NO_OF_UNITS" : 1,
				"INC_CRC" : "40A4F8058BF458FC",
				"FMEL_UPD_D" : "20241215232953"
			}
		},
		{
			"type" : "Feature",
			"geometry" : {
				"type" : "Point",
				"coordinates" : [ 103.79896479588149, 1.3101022793987627 ]
			},
			"properties" : {
				"OBJECTID" : 31366,
				"POSTAL_CODE" : "278421",
				"HOUSE_BLK_NO" : "6",
				"STREET_NAME" : "JALAN HITAM MANIS",
				"D_TYPE" : "Terrace House",
				"NO_OF_UNITS" : 1,
				"INC_CRC" : "620067D8DD9B5135",
				"FMEL_UPD_D" : "20241215232953"
			}
		},
		{
			"type" : "Feature",
			"geometry" : {
				"type" : "Point",
				"coordinates" : [ 103.79898747244775, 1.3100436823139394 ]
			},
			"properties" : {
				"OBJECTID" : 31367,
				"POSTAL_CODE" : "278423",
				"HOUSE_BLK_NO" : "8",
				"STREET_NAME" : "JALAN HITAM MANIS",
				"D_TYPE" : "Terrace House",
				"NO_OF_UNITS" : 1,
				"INC_CRC" : "54858E6900E90C90",
				"FMEL_UPD_D" : "20241215232953"
			}
		},
		{
			"type" : "Feature",
			"geometry" : {
				"type" : "Point",
				"coordinates" : [ 103.79902547628849, 1.3099970655575044 ]
			},
			"properties" : {
				"OBJECTID" : 31368,
				"POSTAL_CODE" : "278425",
				"HOUSE_BLK_NO" : "10",
				"STREET_NAME" : "JALAN HITAM MANIS",
				"D_TYPE" : "Terrace House",
				"NO_OF_UNITS" : 1,
				"INC_CRC" : "C4001FB4CC13B12B",
				"FMEL_UPD_D" : "20241215232953"
			}
		},
		{
			"type" : "Feature",
			"geometry" : {
				"type" : "Point",
				"coordinates" : [ 103.79904858771603, 1.3099409500543786 ]
			},
			"properties" : {
				"OBJECTID" : 31369,
				"POSTAL_CODE" : "278426",
				"HOUSE_BLK_NO" : "12",
				"STREET_NAME" : "JALAN HITAM MANIS",
				"D_TYPE" : "Terrace House",
				"NO_OF_UNITS" : 1,
				"INC_CRC" : "89CB5F1906256E66",
				"FMEL_UPD_D" : "20241215232953"
			}
		},
		{
			"type" : "Feature",
			"geometry" : {
				"type" : "Point",
				"coordinates" : [ 103.79908605245731, 1.309891957523765 ]
			},
			"properties" : {
				"OBJECTID" : 31370,
				"POSTAL_CODE" : "278428",
				"HOUSE_BLK_NO" : "14",
				"STREET_NAME" : "JALAN HITAM MANIS",
				"D_TYPE" : "Terrace House",
				"NO_OF_UNITS" : 1,
				"INC_CRC" : "6A233E801552F948",
				"FMEL_UPD_D" : "20241215232953"
			}
		},
		{
			"type" : "Feature",
			"geometry" : {
				"type" : "Point",
				"coordinates" : [ 103.79802703193891, 1.308508107592497 ]
			},
			"properties" : {
				"OBJECTID" : 31371,
				"POSTAL_CODE" : "278483",
				"HOUSE_BLK_NO" : "73",
				"STREET_NAME" : "JALAN HITAM MANIS",
				"D_TYPE" : "Terrace House",
				"NO_OF_UNITS" : 1,
				"INC_CRC" : "8545B9820065BF3D",
				"FMEL_UPD_D" : "20241215232953"
			}
		},
		{
			"type" : "Feature",
			"geometry" : {
				"type" : "Point",
				"coordinates" : [ 103.79765766509523, 1.3093260042176966 ]
			},
			"properties" : {
				"OBJECTID" : 31372,
				"POSTAL_CODE" : "278484",
				"HOUSE_BLK_NO" : "74",
				"STREET_NAME" : "JALAN HITAM MANIS",
				"D_TYPE" : "Terrace House",
				"NO_OF_UNITS" : 1,
				"INC_CRC" : "CD7A6EFC6863388C",
				"FMEL_UPD_D" : "20241215232953"
			}
		},
		{
			"type" : "Feature",
			"geometry" : {
				"type" : "Point",
				"coordinates" : [ 103.79798323344826, 1.3085489932939314 ]
			},
			"properties" : {
				"OBJECTID" : 31373,
				"POSTAL_CODE" : "278485",
				"HOUSE_BLK_NO" : "75",
				"STREET_NAME" : "JALAN HITAM MANIS",
				"D_TYPE" : "Terrace House",
				"NO_OF_UNITS" : 1,
				"INC_CRC" : "6439D84DDF97E6E5",
				"FMEL_UPD_D" : "20241215232953"
			}
		},
		{
			"type" : "Feature",
			"geometry" : {
				"type" : "Point",
				"coordinates" : [ 103.79763642445597, 1.3093796037921126 ]
			},
			"properties" : {
				"OBJECTID" : 31374,
				"POSTAL_CODE" : "278486",
				"HOUSE_BLK_NO" : "76",
				"STREET_NAME" : "JALAN HITAM MANIS",
				"D_TYPE" : "Terrace House",
				"NO_OF_UNITS" : 1,
				"INC_CRC" : "6A9D6F900726B2A4",
				"FMEL_UPD_D" : "20241215232953"
			}
		},
		{
			"type" : "Feature",
			"geometry" : {
				"type" : "Point",
				"coordinates" : [ 103.79793874306526, 1.3085905256053854 ]
			},
			"properties" : {
				"OBJECTID" : 31375,
				"POSTAL_CODE" : "278487",
				"HOUSE_BLK_NO" : "77",
				"STREET_NAME" : "JALAN HITAM MANIS",
				"D_TYPE" : "Terrace House",
				"NO_OF_UNITS" : 1,
				"INC_CRC" : "5F3863650A7EBE5E",
				"FMEL_UPD_D" : "20241215232953"
			}
		},
		{
			"type" : "Feature",
			"geometry" : {
				"type" : "Point",
				"coordinates" : [ 103.79758738119466, 1.3094150731712184 ]
			},
			"properties" : {
				"OBJECTID" : 31376,
				"POSTAL_CODE" : "278488",
				"HOUSE_BLK_NO" : "78",
				"STREET_NAME" : "JALAN HITAM MANIS",
				"D_TYPE" : "Terrace House",
				"NO_OF_UNITS" : 1,
				"INC_CRC" : "33930A8547D7A588",
				"FMEL_UPD_D" : "20241215232953"
			}
		},
		{
			"type" : "Feature",
			"geometry" : {
				"type" : "Point",
				"coordinates" : [ 103.7978945492055, 1.3086317802802852 ]
			},
			"properties" : {
				"OBJECTID" : 31377,
				"POSTAL_CODE" : "278489",
				"HOUSE_BLK_NO" : "79",
				"STREET_NAME" : "JALAN HITAM MANIS",
				"D_TYPE" : "Terrace House",
				"NO_OF_UNITS" : 1,
				"INC_CRC" : "A4A11D46538AD41D",
				"FMEL_UPD_D" : "20241215232953"
			}
		},
		{
			"type" : "Feature",
			"geometry" : {
				"type" : "Point",
				"coordinates" : [ 103.9803384224597, 1.3879918314221924 ]
			},
			"properties" : {
				"OBJECTID" : 33802,
				"POSTAL_CODE" : "509691",
				"HOUSE_BLK_NO" : "592",
				"STREET_NAME" : "HALTON ROAD",
				"D_TYPE" : "Semi-Detached House",
				"NO_OF_UNITS" : 1,
				"INC_CRC" : "77AA161C0CF88298",
				"FMEL_UPD_D" : "20241215232953"
			}
		},
		{
			"type" : "Feature",
			"geometry" : {
				"type" : "Point",
				"coordinates" : [ 103.98075155450528, 1.388049574325681 ]
			},
			"properties" : {
				"OBJECTID" : 33803,
				"POSTAL_CODE" : "509692",
				"HOUSE_BLK_NO" : "593",
				"STREET_NAME" : "HALTON ROAD",
				"D_TYPE" : "Semi-Detached House",
				"NO_OF_UNITS" : 1,
				"INC_CRC" : "1ACA14DA65DCA501",
				"FMEL_UPD_D" : "20241215232953"
			}
		},
		{
			"type" : "Feature",
			"geometry" : {
				"type" : "Point",
				"coordinates" : [ 103.98112089083509, 1.3882356406129464 ]
			},
			"properties" : {
				"OBJECTID" : 33804,
				"POSTAL_CODE" : "509693",
				"HOUSE_BLK_NO" : "594",
				"STREET_NAME" : "HALTON ROAD",
				"D_TYPE" : "Semi-Detached House",
				"NO_OF_UNITS" : 1,
				"INC_CRC" : "789E264474AC4D49",
				"FMEL_UPD_D" : "20241215232953"
			}
		},
		{
			"type" : "Feature",
			"geometry" : {
				"type" : "Point",
				"coordinates" : [ 103.98111923503666, 1.387950580664994 ]
			},
			"properties" : {
				"OBJECTID" : 33805,
				"POSTAL_CODE" : "509705",
				"HOUSE_BLK_NO" : "46/46A",
				"STREET_NAME" : "HALTON ROAD",
				"D_TYPE" : "Detached House",
				"NO_OF_UNITS" : 1,
				"INC_CRC" : "9031A853668639BA",
				"FMEL_UPD_D" : "20241215232953"
			}
		},
		{
			"type" : "Feature",
			"geometry" : {
				"type" : "Point",
				"coordinates" : [ 103.79920060589731, 1.2798479678834296 ]
			},
			"properties" : {
				"OBJECTID" : 33806,
				"POSTAL_CODE" : "119575",
				"HOUSE_BLK_NO" : "5",
				"STREET_NAME" : "HYDERABAD ROAD",
				"D_TYPE" : "Detached House",
				"NO_OF_UNITS" : 1,
				"INC_CRC" : "66B807294868B538",
				"FMEL_UPD_D" : "20241215232953"
			}
		},
		{
			"type" : "Feature",
			"geometry" : {
				"type" : "Point",
				"coordinates" : [ 103.7990122183009, 1.280468546796922 ]
			},
			"properties" : {
				"OBJECTID" : 33807,
				"POSTAL_CODE" : "119576",
				"HOUSE_BLK_NO" : "6",
				"STREET_NAME" : "HYDERABAD ROAD",
				"D_TYPE" : "Detached House",
				"NO_OF_UNITS" : 1,
				"INC_CRC" : "24CCD61FF1826230",
				"FMEL_UPD_D" : "20241215232953"
			}
		},
		{
			"type" : "Feature",
			"geometry" : {
				"type" : "Point",
				"coordinates" : [ 103.8007427680417, 1.2797819043253282 ]
			},
			"properties" : {
				"OBJECTID" : 33808,
				"POSTAL_CODE" : "119572",
				"HOUSE_BLK_NO" : "3A",
				"STREET_NAME" : "HYDERABAD ROAD",
				"D_TYPE" : "Detached House",
				"NO_OF_UNITS" : 1,
				"INC_CRC" : "D30E4C7A3E4077B1",
				"FMEL_UPD_D" : "20241215232953"
			}
		},
		{
			"type" : "Feature",
			"geometry" : {
				"type" : "Point",
				"coordinates" : [ 103.80044939712784, 1.2796508128798139 ]
			},
			"properties" : {
				"OBJECTID" : 33809,
				"POSTAL_CODE" : "119573",
				"HOUSE_BLK_NO" : "3B",
				"STREET_NAME" : "HYDERABAD ROAD",
				"D_TYPE" : "Detached House",
				"NO_OF_UNITS" : 1,
				"INC_CRC" : "5F491878F2DEECF9",
				"FMEL_UPD_D" : "20241215232953"
			}
		},
		{
			"type" : "Feature",
			"geometry" : {
				"type" : "Point",
				"coordinates" : [ 103.7999473458664, 1.279550158691461 ]
			},
			"properties" : {
				"OBJECTID" : 33810,
				"POSTAL_CODE" : "119574",
				"HOUSE_BLK_NO" : "4A",
				"STREET_NAME" : "HYDERABAD ROAD",
				"D_TYPE" : "Detached House",
				"NO_OF_UNITS" : 1,
				"INC_CRC" : "468E3F0041F89EB8",
				"FMEL_UPD_D" : "20241215232953"
			}
		},
		{
			"type" : "Feature",
			"geometry" : {
				"type" : "Point",
				"coordinates" : [ 103.7989238479948, 1.280872243188746 ]
			},
			"properties" : {
				"OBJECTID" : 33811,
				"POSTAL_CODE" : "119577",
				"HOUSE_BLK_NO" : "7A",
				"STREET_NAME" : "HYDERABAD ROAD",
				"D_TYPE" : "Detached House",
				"NO_OF_UNITS" : 1,
				"INC_CRC" : "0806E4E801A5E4EA",
				"FMEL_UPD_D" : "20241215232953"
			}
		},
		{
			"type" : "Feature",
			"geometry" : {
				"type" : "Point",
				"coordinates" : [ 103.79793855910808, 1.2907589239848665 ]
			},
			"properties" : {
				"OBJECTID" : 33812,
				"POSTAL_CODE" : "139525",
				"HOUSE_BLK_NO" : "104",
				"STREET_NAME" : "JALAN HANG JEBAT",
				"D_TYPE" : "Other Apartment nec",
				"NO_OF_UNITS" : 6,
				"INC_CRC" : "ADD048987FF29247",
				"FMEL_UPD_D" : "20241215232953"
			}
		},
		{
			"type" : "Feature",
			"geometry" : {
				"type" : "Point",
				"coordinates" : [ 103.79838343647594, 1.2907265358330193 ]
			},
			"properties" : {
				"OBJECTID" : 33813,
				"POSTAL_CODE" : "139526",
				"HOUSE_BLK_NO" : "105",
				"STREET_NAME" : "JALAN HANG JEBAT",
				"D_TYPE" : "Other Apartment nec",
				"NO_OF_UNITS" : 12,
				"INC_CRC" : "2EFAA054B48DA866",
				"FMEL_UPD_D" : "20241215232953"
			}
		},
		{
			"type" : "Feature",
			"geometry" : {
				"type" : "Point",
				"coordinates" : [ 103.79820724967351, 1.2900621029752857 ]
			},
			"properties" : {
				"OBJECTID" : 33814,
				"POSTAL_CODE" : "139527",
				"HOUSE_BLK_NO" : "106",
				"STREET_NAME" : "JALAN HANG JEBAT",
				"D_TYPE" : "Other Apartment nec",
				"NO_OF_UNITS" : 6,
				"INC_CRC" : "04BCE11F5F62C444",
				"FMEL_UPD_D" : "20241215232953"
			}
		},
		{
			"type" : "Feature",
			"geometry" : {
				"type" : "Point",
				"coordinates" : [ 103.79778681655611, 1.290208320210312 ]
			},
			"properties" : {
				"OBJECTID" : 33815,
				"POSTAL_CODE" : "139528",
				"HOUSE_BLK_NO" : "107",
				"STREET_NAME" : "JALAN HANG JEBAT",
				"D_TYPE" : "Other Apartment nec",
				"NO_OF_UNITS" : 6,
				"INC_CRC" : "9561DC1478FE58BC",
				"FMEL_UPD_D" : "20241215232953"
			}
		},
		{
			"type" : "Feature",
			"geometry" : {
				"type" : "Point",
				"coordinates" : [ 103.79732083884906, 1.290239078293928 ]
			},
			"properties" : {
				"OBJECTID" : 33816,
				"POSTAL_CODE" : "139529",
				"HOUSE_BLK_NO" : "108",
				"STREET_NAME" : "JALAN HANG JEBAT",
				"D_TYPE" : "Other Apartment nec",
				"NO_OF_UNITS" : 6,
				"INC_CRC" : "111E194AACB6C7C4",
				"FMEL_UPD_D" : "20241215232953"
			}
		},
		{
			"type" : "Feature",
			"geometry" : {
				"type" : "Point",
				"coordinates" : [ 103.79666301797806, 1.290212179362798 ]
			},
			"properties" : {
				"OBJECTID" : 33817,
				"POSTAL_CODE" : "139530",
				"HOUSE_BLK_NO" : "109",
				"STREET_NAME" : "JALAN HANG JEBAT",
				"D_TYPE" : "Other Apartment nec",
				"NO_OF_UNITS" : 4,
				"INC_CRC" : "13D1F179E7E011BE",
				"FMEL_UPD_D" : "20241215232953"
			}
		},
		{
			"type" : "Feature",
			"geometry" : {
				"type" : "Point",
				"coordinates" : [ 103.79628081043067, 1.2901150567800015 ]
			},
			"properties" : {
				"OBJECTID" : 33818,
				"POSTAL_CODE" : "139531",
				"HOUSE_BLK_NO" : "110",
				"STREET_NAME" : "JALAN HANG JEBAT",
				"D_TYPE" : "Other Apartment nec",
				"NO_OF_UNITS" : 4,
				"INC_CRC" : "F74F2E88A68AF85C",
				"FMEL_UPD_D" : "20241215232953"
			}
		},
		{
			"type" : "Feature",
			"geometry" : {
				"type" : "Point",
				"coordinates" : [ 103.79597741191714, 1.2899123651989859 ]
			},
			"properties" : {
				"OBJECTID" : 33819,
				"POSTAL_CODE" : "139532",
				"HOUSE_BLK_NO" : "111",
				"STREET_NAME" : "JALAN HANG JEBAT",
				"D_TYPE" : "Other Apartment nec",
				"NO_OF_UNITS" : 4,
				"INC_CRC" : "F9C4CE4B0D513787",
				"FMEL_UPD_D" : "20241215232953"
			}
		},
		{
			"type" : "Feature",
			"geometry" : {
				"type" : "Point",
				"coordinates" : [ 103.77931956067331, 1.3327738168665166 ]
			},
			"properties" : {
				"OBJECTID" : 33820,
				"POSTAL_CODE" : "598319",
				"HOUSE_BLK_NO" : "33",
				"STREET_NAME" : "KING ALBERT PARK",
				"D_TYPE" : "Detached House",
				"NO_OF_UNITS" : 1,
				"INC_CRC" : "B1644263F9438BE8",
				"FMEL_UPD_D" : "20241215232953"
			}
		},
		{
			"type" : "Feature",
			"geometry" : {
				"type" : "Point",
				"coordinates" : [ 103.80185999895802, 1.3371851620086184 ]
			},
			"properties" : {
				"OBJECTID" : 33821,
				"POSTAL_CODE" : "288716",
				"HOUSE_BLK_NO" : "77",
				"STREET_NAME" : "LINDEN DRIVE",
				"D_TYPE" : "Other Apartment nec",
				"NO_OF_UNITS" : 3,
				"INC_CRC" : "A267C177860A5AB4",
				"FMEL_UPD_D" : "20241215232953"
			}
		},
		{
			"type" : "Feature",
			"geometry" : {
				"type" : "Point",
				"coordinates" : [ 103.80185999895802, 1.3371851620086184 ]
			},
			"properties" : {
				"OBJECTID" : 33822,
				"POSTAL_CODE" : "288717",
				"HOUSE_BLK_NO" : "79",
				"STREET_NAME" : "LINDEN DRIVE",
				"D_TYPE" : "Other Apartment nec",
				"NO_OF_UNITS" : 3,
				"INC_CRC" : "A267C1774264C856",
				"FMEL_UPD_D" : "20241215232953"
			}
		},
		{
			"type" : "Feature",
			"geometry" : {
				"type" : "Point",
				"coordinates" : [ 103.800875875262, 1.3372752346583978 ]
			},
			"properties" : {
				"OBJECTID" : 33823,
				"POSTAL_CODE" : "288718",
				"HOUSE_BLK_NO" : "80",
				"STREET_NAME" : "LINDEN DRIVE",
				"D_TYPE" : "Other Apartment nec",
				"NO_OF_UNITS" : 2,
				"INC_CRC" : "C65C97DA7C05F641",
				"FMEL_UPD_D" : "20241215232953"
			}
		},
		{
			"type" : "Feature",
			"geometry" : {
				"type" : "Point",
				"coordinates" : [ 103.80145530366944, 1.336972060467828 ]
			},
			"properties" : {
				"OBJECTID" : 33824,
				"POSTAL_CODE" : "288719",
				"HOUSE_BLK_NO" : "81",
				"STREET_NAME" : "LINDEN DRIVE",
				"D_TYPE" : "Other Apartment nec",
				"NO_OF_UNITS" : 3,
				"INC_CRC" : "E135241043745169",
				"FMEL_UPD_D" : "20241215232953"
			}
		},
		{
			"type" : "Feature",
			"geometry" : {
				"type" : "Point",
				"coordinates" : [ 103.800875875262, 1.3372752346583978 ]
			},
			"properties" : {
				"OBJECTID" : 33825,
				"POSTAL_CODE" : "288720",
				"HOUSE_BLK_NO" : "82",
				"STREET_NAME" : "LINDEN DRIVE",
				"D_TYPE" : "Other Apartment nec",
				"NO_OF_UNITS" : 2,
				"INC_CRC" : "C65C97DA90A9767B",
				"FMEL_UPD_D" : "20241215232953"
			}
		},
		{
			"type" : "Feature",
			"geometry" : {
				"type" : "Point",
				"coordinates" : [ 103.80145530366944, 1.336972060467828 ]
			},
			"properties" : {
				"OBJECTID" : 33826,
				"POSTAL_CODE" : "288721",
				"HOUSE_BLK_NO" : "83",
				"STREET_NAME" : "LINDEN DRIVE",
				"D_TYPE" : "Other Apartment nec",
				"NO_OF_UNITS" : 3,
				"INC_CRC" : "E1352410AFD8D153",
				"FMEL_UPD_D" : "20241215232953"
			}
		},
		{
			"type" : "Feature",
			"geometry" : {
				"type" : "Point",
				"coordinates" : [ 103.800875875262, 1.3372752346583978 ]
			},
			"properties" : {
				"OBJECTID" : 33827,
				"POSTAL_CODE" : "288722",
				"HOUSE_BLK_NO" : "84",
				"STREET_NAME" : "LINDEN DRIVE",
				"D_TYPE" : "Other Apartment nec",
				"NO_OF_UNITS" : 2,
				"INC_CRC" : "C65C97DA74D65EE5",
				"FMEL_UPD_D" : "20241215232953"
			}
		},
		{
			"type" : "Feature",
			"geometry" : {
				"type" : "Point",
				"coordinates" : [ 103.80105766747594, 1.336762628865298 ]
			},
			"properties" : {
				"OBJECTID" : 33828,
				"POSTAL_CODE" : "288723",
				"HOUSE_BLK_NO" : "85",
				"STREET_NAME" : "LINDEN DRIVE",
				"D_TYPE" : "Other Apartment nec",
				"NO_OF_UNITS" : 3,
				"INC_CRC" : "1B11193C8E615F64",
				"FMEL_UPD_D" : "20241215232953"
			}
		},
		{
			"type" : "Feature",
			"geometry" : {
				"type" : "Point",
				"coordinates" : [ 103.800875875262, 1.3372752346583978 ]
			},
			"properties" : {
				"OBJECTID" : 33829,
				"POSTAL_CODE" : "288724",
				"HOUSE_BLK_NO" : "86",
				"STREET_NAME" : "LINDEN DRIVE",
				"D_TYPE" : "Other Apartment nec",
				"NO_OF_UNITS" : 2,
				"INC_CRC" : "C65C97DA1EFDF7B4",
				"FMEL_UPD_D" : "20241215232953"
			}
		},
		{
			"type" : "Feature",
			"geometry" : {
				"type" : "Point",
				"coordinates" : [ 103.80105766747594, 1.336762628865298 ]
			},
			"properties" : {
				"OBJECTID" : 33830,
				"POSTAL_CODE" : "288725",
				"HOUSE_BLK_NO" : "87",
				"STREET_NAME" : "LINDEN DRIVE",
				"D_TYPE" : "Other Apartment nec",
				"NO_OF_UNITS" : 3,
				"INC_CRC" : "1B11193CE44AF635",
				"FMEL_UPD_D" : "20241215232953"
			}
		},
		{
			"type" : "Feature",
			"geometry" : {
				"type" : "Point",
				"coordinates" : [ 103.800875875262, 1.3372752346583978 ]
			},
			"properties" : {
				"OBJECTID" : 33831,
				"POSTAL_CODE" : "288726",
				"HOUSE_BLK_NO" : "88",
				"STREET_NAME" : "LINDEN DRIVE",
				"D_TYPE" : "Other Apartment nec",
				"NO_OF_UNITS" : 2,
				"INC_CRC" : "C65C97DA67590998",
				"FMEL_UPD_D" : "20241215232953"
			}
		},
		{
			"type" : "Feature",
			"geometry" : {
				"type" : "Point",
				"coordinates" : [ 103.80065894455515, 1.3365864280541604 ]
			},
			"properties" : {
				"OBJECTID" : 33832,
				"POSTAL_CODE" : "288727",
				"HOUSE_BLK_NO" : "89",
				"STREET_NAME" : "LINDEN DRIVE",
				"D_TYPE" : "Other Apartment nec",
				"NO_OF_UNITS" : 3,
				"INC_CRC" : "1311F989DD5AECCD",
				"FMEL_UPD_D" : "20241215232953"
			}
		},
		{
			"type" : "Feature",
			"geometry" : {
				"type" : "Point",
				"coordinates" : [ 103.800875875262, 1.3372752346583978 ]
			},
			"properties" : {
				"OBJECTID" : 33833,
				"POSTAL_CODE" : "288728",
				"HOUSE_BLK_NO" : "90",
				"STREET_NAME" : "LINDEN DRIVE",
				"D_TYPE" : "Other Apartment nec",
				"NO_OF_UNITS" : 2,
				"INC_CRC" : "C65C97DA9FBE5004",
				"FMEL_UPD_D" : "20241215232953"
			}
		},
		{
			"type" : "Feature",
			"geometry" : {
				"type" : "Point",
				"coordinates" : [ 103.80065894455515, 1.3365864280541604 ]
			},
			"properties" : {
				"OBJECTID" : 33834,
				"POSTAL_CODE" : "288729",
				"HOUSE_BLK_NO" : "91",
				"STREET_NAME" : "LINDEN DRIVE",
				"D_TYPE" : "Other Apartment nec",
				"NO_OF_UNITS" : 3,
				"INC_CRC" : "1311F98925BDB551",
				"FMEL_UPD_D" : "20241215232953"
			}
		},
		{
			"type" : "Feature",
			"geometry" : {
				"type" : "Point",
				"coordinates" : [ 103.800875875262, 1.3372752346583978 ]
			},
			"properties" : {
				"OBJECTID" : 33835,
				"POSTAL_CODE" : "288730",
				"HOUSE_BLK_NO" : "92",
				"STREET_NAME" : "LINDEN DRIVE",
				"D_TYPE" : "Other Apartment nec",
				"NO_OF_UNITS" : 2,
				"INC_CRC" : "C65C97DA927C1493",
				"FMEL_UPD_D" : "20241215232953"
			}
		},
		{
			"type" : "Feature",
			"geometry" : {
				"type" : "Point",
				"coordinates" : [ 103.800875875262, 1.3372752346583978 ]
			},
			"properties" : {
				"OBJECTID" : 33836,
				"POSTAL_CODE" : "288731",
				"HOUSE_BLK_NO" : "94",
				"STREET_NAME" : "LINDEN DRIVE",
				"D_TYPE" : "Other Apartment nec",
				"NO_OF_UNITS" : 2,
				"INC_CRC" : "C65C97DACBC950C3",
				"FMEL_UPD_D" : "20241215232953"
			}
		},
		{
			"type" : "Feature",
			"geometry" : {
				"type" : "Point",
				"coordinates" : [ 103.82069741257399, 1.3392569284243157 ]
			},
			"properties" : {
				"OBJECTID" : 33837,
				"POSTAL_CODE" : "298713",
				"HOUSE_BLK_NO" : "28",
				"STREET_NAME" : "LORNIE ROAD",
				"D_TYPE" : "Detached House",
				"NO_OF_UNITS" : 1,
				"INC_CRC" : "A4DD4746C2A426CA",
				"FMEL_UPD_D" : "20241215232953"
			}
		},
		{
			"type" : "Feature",
			"geometry" : {
				"type" : "Point",
				"coordinates" : [ 103.82093204716877, 1.3394053882969263 ]
			},
			"properties" : {
				"OBJECTID" : 33838,
				"POSTAL_CODE" : "298714",
				"HOUSE_BLK_NO" : "30",
				"STREET_NAME" : "LORNIE ROAD",
				"D_TYPE" : "Detached House",
				"NO_OF_UNITS" : 1,
				"INC_CRC" : "8903538AB8EF5F16",
				"FMEL_UPD_D" : "20241215232953"
			}
		},
		{
			"type" : "Feature",
			"geometry" : {
				"type" : "Point",
				"coordinates" : [ 103.82116649937831, 1.3395550844123671 ]
			},
			"properties" : {
				"OBJECTID" : 33839,
				"POSTAL_CODE" : "298733",
				"HOUSE_BLK_NO" : "32",
				"STREET_NAME" : "LORNIE ROAD",
				"D_TYPE" : "Detached House",
				"NO_OF_UNITS" : 1,
				"INC_CRC" : "24A544ED617FCB5D",
				"FMEL_UPD_D" : "20241215232953"
			}
		},
		{
			"type" : "Feature",
			"geometry" : {
				"type" : "Point",
				"coordinates" : [ 103.82148490391899, 1.3397230219471148 ]
			},
			"properties" : {
				"OBJECTID" : 33840,
				"POSTAL_CODE" : "298734",
				"HOUSE_BLK_NO" : "34",
				"STREET_NAME" : "LORNIE ROAD",
				"D_TYPE" : "Detached House",
				"NO_OF_UNITS" : 1,
				"INC_CRC" : "EACD85E74D09BB3A",
				"FMEL_UPD_D" : "20241215232953"
			}
		},
		{
			"type" : "Feature",
			"geometry" : {
				"type" : "Point",
				"coordinates" : [ 103.82174084976783, 1.339864919776928 ]
			},
			"properties" : {
				"OBJECTID" : 33841,
				"POSTAL_CODE" : "298735",
				"HOUSE_BLK_NO" : "36",
				"STREET_NAME" : "LORNIE ROAD",
				"D_TYPE" : "Detached House",
				"NO_OF_UNITS" : 1,
				"INC_CRC" : "777BD1F3F00ECC2E",
				"FMEL_UPD_D" : "20241215232953"
			}
		},
		{
			"type" : "Feature",
			"geometry" : {
				"type" : "Point",
				"coordinates" : [ 103.83042394992057, 1.3247024335245385 ]
			},
			"properties" : {
				"OBJECTID" : 33842,
				"POSTAL_CODE" : "308296",
				"HOUSE_BLK_NO" : "8",
				"STREET_NAME" : "MALCOLM PARK",
				"D_TYPE" : "Detached House",
				"NO_OF_UNITS" : 1,
				"INC_CRC" : "FB34B668D833386D",
				"FMEL_UPD_D" : "20241215232953"
			}
		},
		{
			"type" : "Feature",
			"geometry" : {
				"type" : "Point",
				"coordinates" : [ 103.83032227370411, 1.3249990270147327 ]
			},
			"properties" : {
				"OBJECTID" : 33843,
				"POSTAL_CODE" : "308297",
				"HOUSE_BLK_NO" : "10",
				"STREET_NAME" : "MALCOLM PARK",
				"D_TYPE" : "Detached House",
				"NO_OF_UNITS" : 1,
				"INC_CRC" : "FF4321395357DB1D",
				"FMEL_UPD_D" : "20241215232953"
			}
		},
		{
			"type" : "Feature",
			"geometry" : {
				"type" : "Point",
				"coordinates" : [ 103.82970211692917, 1.325005159578979 ]
			},
			"properties" : {
				"OBJECTID" : 33844,
				"POSTAL_CODE" : "308298",
				"HOUSE_BLK_NO" : "12",
				"STREET_NAME" : "MALCOLM PARK",
				"D_TYPE" : "Semi-Detached House",
				"NO_OF_UNITS" : 1,
				"INC_CRC" : "67F4FDC351E533B0",
				"FMEL_UPD_D" : "20241215232953"
			}
		},
		{
			"type" : "Feature",
			"geometry" : {
				"type" : "Point",
				"coordinates" : [ 103.82970211692917, 1.325005159578979 ]
			},
			"properties" : {
				"OBJECTID" : 33845,
				"POSTAL_CODE" : "308299",
				"HOUSE_BLK_NO" : "14",
				"STREET_NAME" : "MALCOLM PARK",
				"D_TYPE" : "Semi-Detached House",
				"NO_OF_UNITS" : 1,
				"INC_CRC" : "67F4FDC3085077E0",
				"FMEL_UPD_D" : "20241215232953"
			}
		},
		{
			"type" : "Feature",
			"geometry" : {
				"type" : "Point",
				"coordinates" : [ 103.8290235246101, 1.3249437566487454 ]
			},
			"properties" : {
				"OBJECTID" : 33846,
				"POSTAL_CODE" : "308302",
				"HOUSE_BLK_NO" : "18",
				"STREET_NAME" : "MALCOLM PARK",
				"D_TYPE" : "Semi-Detached House",
				"NO_OF_UNITS" : 1,
				"INC_CRC" : "938E55C5B3613A73",
				"FMEL_UPD_D" : "20241215232953"
			}
		},
		{
			"type" : "Feature",
			"geometry" : {
				"type" : "Point",
				"coordinates" : [ 103.8290235246101, 1.3249437566487454 ]
			},
			"properties" : {
				"OBJECTID" : 33847,
				"POSTAL_CODE" : "308301",
				"HOUSE_BLK_NO" : "20",
				"STREET_NAME" : "MALCOLM PARK",
				"D_TYPE" : "Detached House",
				"NO_OF_UNITS" : 1,
				"INC_CRC" : "938E55C564B5B1C7",
				"FMEL_UPD_D" : "20241215232953"
			}
		},
		{
			"type" : "Feature",
			"geometry" : {
				"type" : "Point",
				"coordinates" : [ 103.8311011246213, 1.324395218855668 ]
			},
			"properties" : {
				"OBJECTID" : 33848,
				"POSTAL_CODE" : "308267",
				"HOUSE_BLK_NO" : "28",
				"STREET_NAME" : "MALCOLM ROAD",
				"D_TYPE" : "Detached House",
				"NO_OF_UNITS" : 1,
				"INC_CRC" : "4B1C4591E21B3E83",
				"FMEL_UPD_D" : "20241215232953"
			}
		},
		{
			"type" : "Feature",
			"geometry" : {
				"type" : "Point",
				"coordinates" : [ 103.83019566035884, 1.3242110657174762 ]
			},
			"properties" : {
				"OBJECTID" : 33849,
				"POSTAL_CODE" : "308268",
				"HOUSE_BLK_NO" : "29",
				"STREET_NAME" : "MALCOLM ROAD",
				"D_TYPE" : "Detached House",
				"NO_OF_UNITS" : 1,
				"INC_CRC" : "07C27FF782D34704",
				"FMEL_UPD_D" : "20241215232953"
			}
		},
		{
			"type" : "Feature",
			"geometry" : {
				"type" : "Point",
				"coordinates" : [ 103.82717813620938, 1.3221806610485556 ]
			},
			"properties" : {
				"OBJECTID" : 33850,
				"POSTAL_CODE" : "308275",
				"HOUSE_BLK_NO" : "39",
				"STREET_NAME" : "MALCOLM ROAD",
				"D_TYPE" : "Detached House",
				"NO_OF_UNITS" : 1,
				"INC_CRC" : "F493CCAA5B39075E",
				"FMEL_UPD_D" : "20241215232953"
			}
		},
		{
			"type" : "Feature",
			"geometry" : {
				"type" : "Point",
				"coordinates" : [ 103.83374343692478, 1.3248829509096474 ]
			},
			"properties" : {
				"OBJECTID" : 33851,
				"POSTAL_CODE" : "308254",
				"HOUSE_BLK_NO" : "11",
				"STREET_NAME" : "MALCOLM ROAD",
				"D_TYPE" : "Semi-Detached House",
				"NO_OF_UNITS" : 1,
				"INC_CRC" : "B4B7BC6A888E753C",
				"FMEL_UPD_D" : "20241215232953"
			}
		},
		{
			"type" : "Feature",
			"geometry" : {
				"type" : "Point",
				"coordinates" : [ 103.83374343692478, 1.3248829509096474 ]
			},
			"properties" : {
				"OBJECTID" : 33852,
				"POSTAL_CODE" : "308255",
				"HOUSE_BLK_NO" : "13",
				"STREET_NAME" : "MALCOLM ROAD",
				"D_TYPE" : "Semi-Detached House",
				"NO_OF_UNITS" : 1,
				"INC_CRC" : "B4B7BC6A9FD6DA35",
				"FMEL_UPD_D" : "20241215232953"
			}
		},
		{
			"type" : "Feature",
			"geometry" : {
				"type" : "Point",
				"coordinates" : [ 103.83315971925548, 1.3246987454294767 ]
			},
			"properties" : {
				"OBJECTID" : 33853,
				"POSTAL_CODE" : "308256",
				"HOUSE_BLK_NO" : "15",
				"STREET_NAME" : "MALCOLM ROAD",
				"D_TYPE" : "Semi-Detached House",
				"NO_OF_UNITS" : 1,
				"INC_CRC" : "F967B5009B88F225",
				"FMEL_UPD_D" : "20241215232953"
			}
		},
		{
			"type" : "Feature",
			"geometry" : {
				"type" : "Point",
				"coordinates" : [ 103.83315971925548, 1.3246987454294767 ]
			},
			"properties" : {
				"OBJECTID" : 33854,
				"POSTAL_CODE" : "308257",
				"HOUSE_BLK_NO" : "17",
				"STREET_NAME" : "MALCOLM ROAD",
				"D_TYPE" : "Semi-Detached House",
				"NO_OF_UNITS" : 1,
				"INC_CRC" : "F967B5008CD05D2C",
				"FMEL_UPD_D" : "20241215232953"
			}
		},
		{
			"type" : "Feature",
			"geometry" : {
				"type" : "Point",
				"coordinates" : [ 103.83271751852624, 1.3244021273272102 ]
			},
			"properties" : {
				"OBJECTID" : 33855,
				"POSTAL_CODE" : "308258",
				"HOUSE_BLK_NO" : "19",
				"STREET_NAME" : "MALCOLM ROAD",
				"D_TYPE" : "Detached House",
				"NO_OF_UNITS" : 1,
				"INC_CRC" : "5D68CE10F1B6C5AE",
				"FMEL_UPD_D" : "20241215232953"
			}
		},
		{
			"type" : "Feature",
			"geometry" : {
				"type" : "Point",
				"coordinates" : [ 103.83171399160132, 1.325271330701866 ]
			},
			"properties" : {
				"OBJECTID" : 33856,
				"POSTAL_CODE" : "308259",
				"HOUSE_BLK_NO" : "20",
				"STREET_NAME" : "MALCOLM ROAD",
				"D_TYPE" : "Detached House",
				"NO_OF_UNITS" : 1,
				"INC_CRC" : "7053EB4FEF230E51",
				"FMEL_UPD_D" : "20241215232953"
			}
		},
		{
			"type" : "Feature",
			"geometry" : {
				"type" : "Point",
				"coordinates" : [ 103.83260716900286, 1.3241891928371323 ]
			},
			"properties" : {
				"OBJECTID" : 33857,
				"POSTAL_CODE" : "308260",
				"HOUSE_BLK_NO" : "21",
				"STREET_NAME" : "MALCOLM ROAD",
				"D_TYPE" : "Detached House",
				"NO_OF_UNITS" : 1,
				"INC_CRC" : "CF68DD8BAA5B6AC8",
				"FMEL_UPD_D" : "20241215232953"
			}
		},
		{
			"type" : "Feature",
			"geometry" : {
				"type" : "Point",
				"coordinates" : [ 103.83182771118354, 1.3246405445899636 ]
			},
			"properties" : {
				"OBJECTID" : 33858,
				"POSTAL_CODE" : "308261",
				"HOUSE_BLK_NO" : "22",
				"STREET_NAME" : "MALCOLM ROAD",
				"D_TYPE" : "Detached House",
				"NO_OF_UNITS" : 1,
				"INC_CRC" : "5B477B02AB990FD4",
				"FMEL_UPD_D" : "20241215232953"
			}
		},
		{
			"type" : "Feature",
			"geometry" : {
				"type" : "Point",
				"coordinates" : [ 103.83119621312852, 1.3233941668800402 ]
			},
			"properties" : {
				"OBJECTID" : 33859,
				"POSTAL_CODE" : "308263",
				"HOUSE_BLK_NO" : "25",
				"STREET_NAME" : "MALCOLM ROAD",
				"D_TYPE" : "Detached House",
				"NO_OF_UNITS" : 1,
				"INC_CRC" : "79709E845A6FE510",
				"FMEL_UPD_D" : "20241215232953"
			}
		},
		{
			"type" : "Feature",
			"geometry" : {
				"type" : "Point",
				"coordinates" : [ 103.8303849459466, 1.3235605401956247 ]
			},
			"properties" : {
				"OBJECTID" : 33860,
				"POSTAL_CODE" : "308266",
				"HOUSE_BLK_NO" : "27",
				"STREET_NAME" : "MALCOLM ROAD",
				"D_TYPE" : "Detached House",
				"NO_OF_UNITS" : 1,
				"INC_CRC" : "26728EBF67F8B887",
				"FMEL_UPD_D" : "20241215232953"
			}
		},
		{
			"type" : "Feature",
			"geometry" : {
				"type" : "Point",
				"coordinates" : [ 103.83039275656374, 1.3255158886621752 ]
			},
			"properties" : {
				"OBJECTID" : 33861,
				"POSTAL_CODE" : "308269",
				"HOUSE_BLK_NO" : "30",
				"STREET_NAME" : "MALCOLM ROAD",
				"D_TYPE" : "Detached House",
				"NO_OF_UNITS" : 1,
				"INC_CRC" : "01262B47884A7A13",
				"FMEL_UPD_D" : "20241215232953"
			}
		},
		{
			"type" : "Feature",
			"geometry" : {
				"type" : "Point",
				"coordinates" : [ 103.82873681798594, 1.32230582851088 ]
			},
			"properties" : {
				"OBJECTID" : 33862,
				"POSTAL_CODE" : "308271",
				"HOUSE_BLK_NO" : "33",
				"STREET_NAME" : "MALCOLM ROAD",
				"D_TYPE" : "Detached House",
				"NO_OF_UNITS" : 1,
				"INC_CRC" : "5176A33D33EAC6BB",
				"FMEL_UPD_D" : "20241215232953"
			}
		},
		{
			"type" : "Feature",
			"geometry" : {
				"type" : "Point",
				"coordinates" : [ 103.82742605704888, 1.3224737255367647 ]
			},
			"properties" : {
				"OBJECTID" : 33863,
				"POSTAL_CODE" : "308273",
				"HOUSE_BLK_NO" : "37",
				"STREET_NAME" : "MALCOLM ROAD",
				"D_TYPE" : "Detached House",
				"NO_OF_UNITS" : 1,
				"INC_CRC" : "22DB2C2DAECA7EFE",
				"FMEL_UPD_D" : "20241215232953"
			}
		},
		{
			"type" : "Feature",
			"geometry" : {
				"type" : "Point",
				"coordinates" : [ 103.82675037135263, 1.3217466806769074 ]
			},
			"properties" : {
				"OBJECTID" : 33864,
				"POSTAL_CODE" : "308276",
				"HOUSE_BLK_NO" : "41",
				"STREET_NAME" : "MALCOLM ROAD",
				"D_TYPE" : "Detached House",
				"NO_OF_UNITS" : 1,
				"INC_CRC" : "F1E3CFE7F622257F",
				"FMEL_UPD_D" : "20241215232953"
			}
		},
		{
			"type" : "Feature",
			"geometry" : {
				"type" : "Point",
				"coordinates" : [ 103.83090367426944, 1.323842938565326 ]
			},
			"properties" : {
				"OBJECTID" : 33865,
				"POSTAL_CODE" : "308264",
				"HOUSE_BLK_NO" : "26A",
				"STREET_NAME" : "MALCOLM ROAD",
				"D_TYPE" : "Semi-Detached House",
				"NO_OF_UNITS" : 1,
				"INC_CRC" : "2AEC579F1E27700F",
				"FMEL_UPD_D" : "20241215232953"
			}
		},
		{
			"type" : "Feature",
			"geometry" : {
				"type" : "Point",
				"coordinates" : [ 103.83068753795254, 1.3238906960300356 ]
			},
			"properties" : {
				"OBJECTID" : 33866,
				"POSTAL_CODE" : "308265",
				"HOUSE_BLK_NO" : "26B",
				"STREET_NAME" : "MALCOLM ROAD",
				"D_TYPE" : "Semi-Detached House",
				"NO_OF_UNITS" : 1,
				"INC_CRC" : "8A30323908F49ECC",
				"FMEL_UPD_D" : "20241215232953"
			}
		},
		{
			"type" : "Feature",
			"geometry" : {
				"type" : "Point",
				"coordinates" : [ 103.82909962685423, 1.3227546137807287 ]
			},
			"properties" : {
				"OBJECTID" : 33867,
				"POSTAL_CODE" : "308270",
				"HOUSE_BLK_NO" : "31B",
				"STREET_NAME" : "MALCOLM ROAD",
				"D_TYPE" : "Detached House",
				"NO_OF_UNITS" : 1,
				"INC_CRC" : "CE2357B8FE725808",
				"FMEL_UPD_D" : "20241215232953"
			}
		},
		{
			"type" : "Feature",
			"geometry" : {
				"type" : "Point",
				"coordinates" : [ 103.8401605409743, 1.351088970795556 ]
			},
			"properties" : {
				"OBJECTID" : 33868,
				"POSTAL_CODE" : "576357",
				"HOUSE_BLK_NO" : "4",
				"STREET_NAME" : "MARYMOUNT TERRACE",
				"D_TYPE" : "Terrace House",
				"NO_OF_UNITS" : 1,
				"INC_CRC" : "3D1F54956B092B7B",
				"FMEL_UPD_D" : "20241215232953"
			}
		},
		{
			"type" : "Feature",
			"geometry" : {
				"type" : "Point",
				"coordinates" : [ 103.84006649545304, 1.350408314741015 ]
			},
			"properties" : {
				"OBJECTID" : 33869,
				"POSTAL_CODE" : "576367",
				"HOUSE_BLK_NO" : "24",
				"STREET_NAME" : "MARYMOUNT TERRACE",
				"D_TYPE" : "Terrace House",
				"NO_OF_UNITS" : 1,
				"INC_CRC" : "8E7BE63A09B346B4",
				"FMEL_UPD_D" : "20241215232953"
			}
		},
		{
			"type" : "Feature",
			"geometry" : {
				"type" : "Point",
				"coordinates" : [ 103.84000071913087, 1.3495285347356776 ]
			},
			"properties" : {
				"OBJECTID" : 33870,
				"POSTAL_CODE" : "576380",
				"HOUSE_BLK_NO" : "50",
				"STREET_NAME" : "MARYMOUNT TERRACE",
				"D_TYPE" : "Terrace House",
				"NO_OF_UNITS" : 1,
				"INC_CRC" : "E893048792E0FB7D",
				"FMEL_UPD_D" : "20241215232953"
			}
		},
		{
			"type" : "Feature",
			"geometry" : {
				"type" : "Point",
				"coordinates" : [ 103.84000445501133, 1.3494023152943804 ]
			},
			"properties" : {
				"OBJECTID" : 33871,
				"POSTAL_CODE" : "576382",
				"HOUSE_BLK_NO" : "54",
				"STREET_NAME" : "MARYMOUNT TERRACE",
				"D_TYPE" : "Terrace House",
				"NO_OF_UNITS" : 1,
				"INC_CRC" : "A50F7B9C13161B90",
				"FMEL_UPD_D" : "20241215232953"
			}
		},
		{
			"type" : "Feature",
			"geometry" : {
				"type" : "Point",
				"coordinates" : [ 103.88164986029452, 1.3276840889029473 ]
			},
			"properties" : {
				"OBJECTID" : 33872,
				"POSTAL_CODE" : "379305",
				"HOUSE_BLK_NO" : "31",
				"STREET_NAME" : "MERPATI ROAD",
				"D_TYPE" : "Terrace House",
				"NO_OF_UNITS" : 1,
				"INC_CRC" : "57E51B19B2C3794F",
				"FMEL_UPD_D" : "20241215232953"
			}
		},
		{
			"type" : "Feature",
			"geometry" : {
				"type" : "Point",
				"coordinates" : [ 103.88200645706263, 1.3277295967095553 ]
			},
			"properties" : {
				"OBJECTID" : 33873,
				"POSTAL_CODE" : "379310",
				"HOUSE_BLK_NO" : "39",
				"STREET_NAME" : "MERPATI ROAD",
				"D_TYPE" : "Terrace House",
				"NO_OF_UNITS" : 1,
				"INC_CRC" : "CF27F1B6F2A7E794",
				"FMEL_UPD_D" : "20241215232953"
			}
		},
		{
			"type" : "Feature",
			"geometry" : {
				"type" : "Point",
				"coordinates" : [ 103.83366655991105, 1.3223599427158472 ]
			},
			"properties" : {
				"OBJECTID" : 33874,
				"POSTAL_CODE" : "308068",
				"HOUSE_BLK_NO" : "24",
				"STREET_NAME" : "MOUNT ROSIE ROAD",
				"D_TYPE" : "Detached House",
				"NO_OF_UNITS" : 1,
				"INC_CRC" : "895BAA0BE09EE694",
				"FMEL_UPD_D" : "20241215232953"
			}
		},
		{
			"type" : "Feature",
			"geometry" : {
				"type" : "Point",
				"coordinates" : [ 103.82046191981675, 1.3089813586764774 ]
			},
			"properties" : {
				"OBJECTID" : 33875,
				"POSTAL_CODE" : "258478",
				"HOUSE_BLK_NO" : "50",
				"STREET_NAME" : "NASSIM HILL",
				"D_TYPE" : "Other Apartment nec",
				"NO_OF_UNITS" : 2,
				"INC_CRC" : "D417363F5B47BB31",
				"FMEL_UPD_D" : "20241215232953"
			}
		},
		{
			"type" : "Feature",
			"geometry" : {
				"type" : "Point",
				"coordinates" : [ 103.82046191981675, 1.3089813586764774 ]
			},
			"properties" : {
				"OBJECTID" : 33876,
				"POSTAL_CODE" : "258477",
				"HOUSE_BLK_NO" : "48",
				"STREET_NAME" : "NASSIM HILL",
				"D_TYPE" : "Other Apartment nec",
				"NO_OF_UNITS" : 2,
				"INC_CRC" : "D417363F45150283",
				"FMEL_UPD_D" : "20241215232953"
			}
		},
		{
			"type" : "Feature",
			"geometry" : {
				"type" : "Point",
				"coordinates" : [ 103.82140622075012, 1.307357581938932 ]
			},
			"properties" : {
				"OBJECTID" : 33877,
				"POSTAL_CODE" : "258470",
				"HOUSE_BLK_NO" : "26",
				"STREET_NAME" : "NASSIM HILL",
				"D_TYPE" : "Other Apartment nec",
				"NO_OF_UNITS" : 3,
				"INC_CRC" : "2E33930FD637903A",
				"FMEL_UPD_D" : "20241215232953"
			}
		},
		{
			"type" : "Feature",
			"geometry" : {
				"type" : "Point",
				"coordinates" : [ 103.82140622075012, 1.307357581938932 ]
			},
			"properties" : {
				"OBJECTID" : 33878,
				"POSTAL_CODE" : "258471",
				"HOUSE_BLK_NO" : "28",
				"STREET_NAME" : "NASSIM HILL",
				"D_TYPE" : "Other Apartment nec",
				"NO_OF_UNITS" : 3,
				"INC_CRC" : "2E33930FD9EFCAC3",
				"FMEL_UPD_D" : "20241215232953"
			}
		},
		{
			"type" : "Feature",
			"geometry" : {
				"type" : "Point",
				"coordinates" : [ 103.82044491541646, 1.3088591427409475 ]
			},
			"properties" : {
				"OBJECTID" : 33879,
				"POSTAL_CODE" : "258479",
				"HOUSE_BLK_NO" : "52",
				"STREET_NAME" : "NASSIM HILL",
				"D_TYPE" : "Other Apartment nec",
				"NO_OF_UNITS" : 3,
				"INC_CRC" : "B1EC7E5FADBDB9D4",
				"FMEL_UPD_D" : "20241215232953"
			}
		},
		{
			"type" : "Feature",
			"geometry" : {
				"type" : "Point",
				"coordinates" : [ 103.82043809764497, 1.3087785330610728 ]
			},
			"properties" : {
				"OBJECTID" : 33880,
				"POSTAL_CODE" : "258480",
				"HOUSE_BLK_NO" : "54",
				"STREET_NAME" : "NASSIM HILL",
				"D_TYPE" : "Other Apartment nec",
				"NO_OF_UNITS" : 3,
				"INC_CRC" : "79ECEE10538DC654",
				"FMEL_UPD_D" : "20241215232953"
			}
		},
		{
			"type" : "Feature",
			"geometry" : {
				"type" : "Point",
				"coordinates" : [ 103.82220657456129, 1.3084935518413388 ]
			},
			"properties" : {
				"OBJECTID" : 33881,
				"POSTAL_CODE" : "258399",
				"HOUSE_BLK_NO" : "23",
				"STREET_NAME" : "NASSIM ROAD",
				"D_TYPE" : "Detached House",
				"NO_OF_UNITS" : 1,
				"INC_CRC" : "CE63C039391B3118",
				"FMEL_UPD_D" : "20241215232953"
			}
		},
		{
			"type" : "Feature",
			"geometry" : {
				"type" : "Point",
				"coordinates" : [ 103.82156575258392, 1.3084939513410732 ]
			},
			"properties" : {
				"OBJECTID" : 33882,
				"POSTAL_CODE" : "258401",
				"HOUSE_BLK_NO" : "25",
				"STREET_NAME" : "NASSIM ROAD",
				"D_TYPE" : "Detached House",
				"NO_OF_UNITS" : 1,
				"INC_CRC" : "3726649EBD463136",
				"FMEL_UPD_D" : "20241215232953"
			}
		},
		{
			"type" : "Feature",
			"geometry" : {
				"type" : "Point",
				"coordinates" : [ 103.82092195828241, 1.309210929471448 ]
			},
			"properties" : {
				"OBJECTID" : 33883,
				"POSTAL_CODE" : "258402",
				"HOUSE_BLK_NO" : "27",
				"STREET_NAME" : "NASSIM ROAD",
				"D_TYPE" : "Detached House",
				"NO_OF_UNITS" : 1,
				"INC_CRC" : "B398CFB190C0E8E6",
				"FMEL_UPD_D" : "20241215232953"
			}
		},
		{
			"type" : "Feature",
			"geometry" : {
				"type" : "Point",
				"coordinates" : [ 103.88186600595796, 1.3277381629133842 ]
			},
			"properties" : {
				"OBJECTID" : 33884,
				"POSTAL_CODE" : "379307",
				"HOUSE_BLK_NO" : "35",
				"STREET_NAME" : "MERPATI ROAD",
				"D_TYPE" : "Terrace House",
				"NO_OF_UNITS" : 1,
				"INC_CRC" : "0F124821C850ACBC",
				"FMEL_UPD_D" : "20241215232953"
			}
		},
		{
			"type" : "Feature",
			"geometry" : {
				"type" : "Point",
				"coordinates" : [ 103.82596145830252, 1.309159946020915 ]
			},
			"properties" : {
				"OBJECTID" : 33885,
				"POSTAL_CODE" : "258344",
				"HOUSE_BLK_NO" : "9",
				"STREET_NAME" : "ORANGE GROVE ROAD",
				"D_TYPE" : "Detached House",
				"NO_OF_UNITS" : 1,
				"INC_CRC" : "C2BED752BCA69CF5",
				"FMEL_UPD_D" : "20241215232953"
			}
		},
		{
			"type" : "Feature",
			"geometry" : {
				"type" : "Point",
				"coordinates" : [ 103.82568817249911, 1.309601280610344 ]
			},
			"properties" : {
				"OBJECTID" : 33886,
				"POSTAL_CODE" : "258346",
				"HOUSE_BLK_NO" : "11",
				"STREET_NAME" : "ORANGE GROVE ROAD",
				"D_TYPE" : "Detached House",
				"NO_OF_UNITS" : 1,
				"INC_CRC" : "B6CCE4826E943A8E",
				"FMEL_UPD_D" : "20241215232953"
			}
		},
		{
			"type" : "Feature",
			"geometry" : {
				"type" : "Point",
				"coordinates" : [ 103.80447560147901, 1.28113448660867 ]
			},
			"properties" : {
				"OBJECTID" : 33887,
				"POSTAL_CODE" : "109339",
				"HOUSE_BLK_NO" : "1",
				"STREET_NAME" : "PRESTON ROAD",
				"D_TYPE" : "Semi-Detached House",
				"NO_OF_UNITS" : 1,
				"INC_CRC" : "816BB0087AB7043C",
				"FMEL_UPD_D" : "20241215232953"
			}
		},
		{
			"type" : "Feature",
			"geometry" : {
				"type" : "Point",
				"coordinates" : [ 103.80450922570331, 1.2810519872129638 ]
			},
			"properties" : {
				"OBJECTID" : 33888,
				"POSTAL_CODE" : "109340",
				"HOUSE_BLK_NO" : "2",
				"STREET_NAME" : "PRESTON ROAD",
				"D_TYPE" : "Semi-Detached House",
				"NO_OF_UNITS" : 1,
				"INC_CRC" : "E09612A814FE5BEA",
				"FMEL_UPD_D" : "20241215232953"
			}
		},
		{
			"type" : "Feature",
			"geometry" : {
				"type" : "Point",
				"coordinates" : [ 103.80457520176077, 1.2809724771080226 ]
			},
			"properties" : {
				"OBJECTID" : 33889,
				"POSTAL_CODE" : "109341",
				"HOUSE_BLK_NO" : "3",
				"STREET_NAME" : "PRESTON ROAD",
				"D_TYPE" : "Semi-Detached House",
				"NO_OF_UNITS" : 1,
				"INC_CRC" : "2882F6F7AFADAEC0",
				"FMEL_UPD_D" : "20241215232953"
			}
		},
		{
			"type" : "Feature",
			"geometry" : {
				"type" : "Point",
				"coordinates" : [ 103.8046765816198, 1.2807668618641919 ]
			},
			"properties" : {
				"OBJECTID" : 33890,
				"POSTAL_CODE" : "109342",
				"HOUSE_BLK_NO" : "4",
				"STREET_NAME" : "PRESTON ROAD",
				"D_TYPE" : "Semi-Detached House",
				"NO_OF_UNITS" : 1,
				"INC_CRC" : "7A025767923B8103",
				"FMEL_UPD_D" : "20241215232953"
			}
		},
		{
			"type" : "Feature",
			"geometry" : {
				"type" : "Point",
				"coordinates" : [ 103.8047107096128, 1.2806303854562808 ]
			},
			"properties" : {
				"OBJECTID" : 33891,
				"POSTAL_CODE" : "109343",
				"HOUSE_BLK_NO" : "5",
				"STREET_NAME" : "PRESTON ROAD",
				"D_TYPE" : "Semi-Detached House",
				"NO_OF_UNITS" : 1,
				"INC_CRC" : "C2530ACCF001E330",
				"FMEL_UPD_D" : "20241215232953"
			}
		},
		{
			"type" : "Feature",
			"geometry" : {
				"type" : "Point",
				"coordinates" : [ 103.80482015754868, 1.2804944570325816 ]
			},
			"properties" : {
				"OBJECTID" : 33892,
				"POSTAL_CODE" : "109344",
				"HOUSE_BLK_NO" : "6",
				"STREET_NAME" : "PRESTON ROAD",
				"D_TYPE" : "Semi-Detached House",
				"NO_OF_UNITS" : 1,
				"INC_CRC" : "67C67981519305B3",
				"FMEL_UPD_D" : "20241215232953"
			}
		},
		{
			"type" : "Feature",
			"geometry" : {
				"type" : "Point",
				"coordinates" : [ 103.80487073312922, 1.280370611165234 ]
			},
			"properties" : {
				"OBJECTID" : 33893,
				"POSTAL_CODE" : "109345",
				"HOUSE_BLK_NO" : "7",
				"STREET_NAME" : "PRESTON ROAD",
				"D_TYPE" : "Semi-Detached House",
				"NO_OF_UNITS" : 1,
				"INC_CRC" : "8184C76D77428243",
				"FMEL_UPD_D" : "20241215232953"
			}
		},
		{
			"type" : "Feature",
			"geometry" : {
				"type" : "Point",
				"coordinates" : [ 103.80462102442007, 1.2808195006975087 ]
			},
			"properties" : {
				"OBJECTID" : 33894,
				"POSTAL_CODE" : "109346",
				"HOUSE_BLK_NO" : "8",
				"STREET_NAME" : "PRESTON ROAD",
				"D_TYPE" : "Semi-Detached House",
				"NO_OF_UNITS" : 1,
				"INC_CRC" : "AFBF95F3E8631D1A",
				"FMEL_UPD_D" : "20241215232953"
			}
		},
		{
			"type" : "Feature",
			"geometry" : {
				"type" : "Point",
				"coordinates" : [ 103.80509599007611, 1.2801465238229537 ]
			},
			"properties" : {
				"OBJECTID" : 33895,
				"POSTAL_CODE" : "109347",
				"HOUSE_BLK_NO" : "9",
				"STREET_NAME" : "PRESTON ROAD",
				"D_TYPE" : "Semi-Detached House",
				"NO_OF_UNITS" : 1,
				"INC_CRC" : "37FC4BB8245CDD5F",
				"FMEL_UPD_D" : "20241215232953"
			}
		},
		{
			"type" : "Feature",
			"geometry" : {
				"type" : "Point",
				"coordinates" : [ 103.80529888226889, 1.2799323480521887 ]
			},
			"properties" : {
				"OBJECTID" : 33896,
				"POSTAL_CODE" : "109348",
				"HOUSE_BLK_NO" : "10",
				"STREET_NAME" : "PRESTON ROAD",
				"D_TYPE" : "Semi-Detached House",
				"NO_OF_UNITS" : 1,
				"INC_CRC" : "D007EC6DCD5CB510",
				"FMEL_UPD_D" : "20241215232953"
			}
		},
		{
			"type" : "Feature",
			"geometry" : {
				"type" : "Point",
				"coordinates" : [ 103.80549636798885, 1.2798790306747754 ]
			},
			"properties" : {
				"OBJECTID" : 33897,
				"POSTAL_CODE" : "109349",
				"HOUSE_BLK_NO" : "11",
				"STREET_NAME" : "PRESTON ROAD",
				"D_TYPE" : "Semi-Detached House",
				"NO_OF_UNITS" : 1,
				"INC_CRC" : "CDD678C9B7D31B73",
				"FMEL_UPD_D" : "20241215232953"
			}
		},
		{
			"type" : "Feature",
			"geometry" : {
				"type" : "Point",
				"coordinates" : [ 103.80565149167535, 1.2798685715762659 ]
			},
			"properties" : {
				"OBJECTID" : 33898,
				"POSTAL_CODE" : "109350",
				"HOUSE_BLK_NO" : "12",
				"STREET_NAME" : "PRESTON ROAD",
				"D_TYPE" : "Semi-Detached House",
				"NO_OF_UNITS" : 1,
				"INC_CRC" : "E8BBC97EE821EBAC",
				"FMEL_UPD_D" : "20241215232953"
			}
		},
		{
			"type" : "Feature",
			"geometry" : {
				"type" : "Point",
				"coordinates" : [ 103.80579978672401, 1.2798345934824549 ]
			},
			"properties" : {
				"OBJECTID" : 33899,
				"POSTAL_CODE" : "109351",
				"HOUSE_BLK_NO" : "13",
				"STREET_NAME" : "PRESTON ROAD",
				"D_TYPE" : "Semi-Detached House",
				"NO_OF_UNITS" : 1,
				"INC_CRC" : "85A21AF158F7D97F",
				"FMEL_UPD_D" : "20241215232953"
			}
		},
		{
			"type" : "Feature",
			"geometry" : {
				"type" : "Point",
				"coordinates" : [ 103.80589070064009, 1.2798479727320826 ]
			},
			"properties" : {
				"OBJECTID" : 33900,
				"POSTAL_CODE" : "109352",
				"HOUSE_BLK_NO" : "14",
				"STREET_NAME" : "PRESTON ROAD",
				"D_TYPE" : "Semi-Detached House",
				"NO_OF_UNITS" : 1,
				"INC_CRC" : "22E63C0FEE219668",
				"FMEL_UPD_D" : "20241215232953"
			}
		},
		{
			"type" : "Feature",
			"geometry" : {
				"type" : "Point",
				"coordinates" : [ 103.8060360703422, 1.2798709207423558 ]
			},
			"properties" : {
				"OBJECTID" : 33901,
				"POSTAL_CODE" : "109353",
				"HOUSE_BLK_NO" : "15",
				"STREET_NAME" : "PRESTON ROAD",
				"D_TYPE" : "Semi-Detached House",
				"NO_OF_UNITS" : 1,
				"INC_CRC" : "E3BAF738BEA0B561",
				"FMEL_UPD_D" : "20241215232953"
			}
		},
		{
			"type" : "Feature",
			"geometry" : {
				"type" : "Point",
				"coordinates" : [ 103.80612462109764, 1.2798851319740339 ]
			},
			"properties" : {
				"OBJECTID" : 33902,
				"POSTAL_CODE" : "109134",
				"HOUSE_BLK_NO" : "16",
				"STREET_NAME" : "PRESTON ROAD",
				"D_TYPE" : "Semi-Detached House",
				"NO_OF_UNITS" : 1,
				"INC_CRC" : "8AA6B6805877B573",
				"FMEL_UPD_D" : "20241215232953"
			}
		},
		{
			"type" : "Feature",
			"geometry" : {
				"type" : "Point",
				"coordinates" : [ 103.80108764116318, 1.3214841353176718 ]
			},
			"properties" : {
				"OBJECTID" : 33903,
				"POSTAL_CODE" : "266694",
				"HOUSE_BLK_NO" : "16",
				"STREET_NAME" : "REBECCA ROAD",
				"D_TYPE" : "Detached House",
				"NO_OF_UNITS" : 1,
				"INC_CRC" : "F90D055DC49AA10F",
				"FMEL_UPD_D" : "20241215232953"
			}
		},
		{
			"type" : "Feature",
			"geometry" : {
				"type" : "Point",
				"coordinates" : [ 103.80081794821538, 1.3202086007074807 ]
			},
			"properties" : {
				"OBJECTID" : 33904,
				"POSTAL_CODE" : "266708",
				"HOUSE_BLK_NO" : "35",
				"STREET_NAME" : "REBECCA ROAD",
				"D_TYPE" : "Detached House",
				"NO_OF_UNITS" : 1,
				"INC_CRC" : "F9160D5CDC24DBAC",
				"FMEL_UPD_D" : "20241215232953"
			}
		},
		{
			"type" : "Feature",
			"geometry" : {
				"type" : "Point",
				"coordinates" : [ 103.80014904939205, 1.3207878065293384 ]
			},
			"properties" : {
				"OBJECTID" : 33905,
				"POSTAL_CODE" : "266711",
				"HOUSE_BLK_NO" : "38",
				"STREET_NAME" : "REBECCA ROAD",
				"D_TYPE" : "Detached House",
				"NO_OF_UNITS" : 1,
				"INC_CRC" : "E9D6D81BD06083A7",
				"FMEL_UPD_D" : "20241215232953"
			}
		},
		{
			"type" : "Feature",
			"geometry" : {
				"type" : "Point",
				"coordinates" : [ 103.80016190235877, 1.3201042807763197 ]
			},
			"properties" : {
				"OBJECTID" : 33906,
				"POSTAL_CODE" : "266712",
				"HOUSE_BLK_NO" : "39",
				"STREET_NAME" : "REBECCA ROAD",
				"D_TYPE" : "Detached House",
				"NO_OF_UNITS" : 1,
				"INC_CRC" : "B6B75432B52F8A14",
				"FMEL_UPD_D" : "20241215232953"
			}
		},
		{
			"type" : "Feature",
			"geometry" : {
				"type" : "Point",
				"coordinates" : [ 103.79996118747216, 1.3201664151499728 ]
			},
			"properties" : {
				"OBJECTID" : 33907,
				"POSTAL_CODE" : "266713",
				"HOUSE_BLK_NO" : "41",
				"STREET_NAME" : "REBECCA ROAD",
				"D_TYPE" : "Detached House",
				"NO_OF_UNITS" : 1,
				"INC_CRC" : "DC9385A287389735",
				"FMEL_UPD_D" : "20241215232953"
			}
		},
		{
			"type" : "Feature",
			"geometry" : {
				"type" : "Point",
				"coordinates" : [ 103.79980045151927, 1.3203875834516117 ]
			},
			"properties" : {
				"OBJECTID" : 33908,
				"POSTAL_CODE" : "266714",
				"HOUSE_BLK_NO" : "43",
				"STREET_NAME" : "REBECCA ROAD",
				"D_TYPE" : "Detached House",
				"NO_OF_UNITS" : 1,
				"INC_CRC" : "F747BEF5DF0A2EEA",
				"FMEL_UPD_D" : "20241215232953"
			}
		},
		{
			"type" : "Feature",
			"geometry" : {
				"type" : "Point",
				"coordinates" : [ 103.80023866749396, 1.282597748825747 ]
			},
			"properties" : {
				"OBJECTID" : 33909,
				"POSTAL_CODE" : "118304",
				"HOUSE_BLK_NO" : "2",
				"STREET_NAME" : "ROYAL ROAD",
				"D_TYPE" : "Detached House",
				"NO_OF_UNITS" : 1,
				"INC_CRC" : "D067DD0C807F9AE1",
				"FMEL_UPD_D" : "20241215232953"
			}
		},
		{
			"type" : "Feature",
			"geometry" : {
				"type" : "Point",
				"coordinates" : [ 103.79950153098284, 1.2833867747756078 ]
			},
			"properties" : {
				"OBJECTID" : 33910,
				"POSTAL_CODE" : "118305",
				"HOUSE_BLK_NO" : "3",
				"STREET_NAME" : "ROYAL ROAD",
				"D_TYPE" : "Detached House",
				"NO_OF_UNITS" : 1,
				"INC_CRC" : "C32E0A99319746A9",
				"FMEL_UPD_D" : "20241215232953"
			}
		},
		{
			"type" : "Feature",
			"geometry" : {
				"type" : "Point",
				"coordinates" : [ 103.79766208594106, 1.2822841010962067 ]
			},
			"properties" : {
				"OBJECTID" : 33911,
				"POSTAL_CODE" : "118307",
				"HOUSE_BLK_NO" : "6",
				"STREET_NAME" : "ROYAL ROAD",
				"D_TYPE" : "Detached House",
				"NO_OF_UNITS" : 1,
				"INC_CRC" : "D4273A97BE105524",
				"FMEL_UPD_D" : "20241215232953"
			}
		},
		{
			"type" : "Feature",
			"geometry" : {
				"type" : "Point",
				"coordinates" : [ 103.79719289000747, 1.2814320001961195 ]
			},
			"properties" : {
				"OBJECTID" : 33912,
				"POSTAL_CODE" : "118308",
				"HOUSE_BLK_NO" : "7",
				"STREET_NAME" : "ROYAL ROAD",
				"D_TYPE" : "Detached House",
				"NO_OF_UNITS" : 1,
				"INC_CRC" : "1F58323380D009FA",
				"FMEL_UPD_D" : "20241215232953"
			}
		},
		{
			"type" : "Feature",
			"geometry" : {
				"type" : "Point",
				"coordinates" : [ 103.79893029512724, 1.2826138101646123 ]
			},
			"properties" : {
				"OBJECTID" : 33913,
				"POSTAL_CODE" : "118306",
				"HOUSE_BLK_NO" : "5B",
				"STREET_NAME" : "ROYAL ROAD",
				"D_TYPE" : "Detached House",
				"NO_OF_UNITS" : 1,
				"INC_CRC" : "19F2C0BEA283FFAC",
				"FMEL_UPD_D" : "20241215232953"
			}
		},
		{
			"type" : "Feature",
			"geometry" : {
				"type" : "Point",
				"coordinates" : [ 103.79609864223008, 1.2858862827658748 ]
			},
			"properties" : {
				"OBJECTID" : 33914,
				"POSTAL_CODE" : "118284",
				"HOUSE_BLK_NO" : "5",
				"STREET_NAME" : "RUSSEL ROAD",
				"D_TYPE" : "Detached House",
				"NO_OF_UNITS" : 1,
				"INC_CRC" : "5717A9F030798228",
				"FMEL_UPD_D" : "20241215232953"
			}
		},
		{
			"type" : "Feature",
			"geometry" : {
				"type" : "Point",
				"coordinates" : [ 103.79581800796157, 1.2853051004064626 ]
			},
			"properties" : {
				"OBJECTID" : 33915,
				"POSTAL_CODE" : "118285",
				"HOUSE_BLK_NO" : "6",
				"STREET_NAME" : "RUSSEL ROAD",
				"D_TYPE" : "Detached House",
				"NO_OF_UNITS" : 1,
				"INC_CRC" : "5A8E786190705D31",
				"FMEL_UPD_D" : "20241215232953"
			}
		},
		{
			"type" : "Feature",
			"geometry" : {
				"type" : "Point",
				"coordinates" : [ 103.9819393305991, 1.3906861298806856 ]
			},
			"properties" : {
				"OBJECTID" : 33916,
				"POSTAL_CODE" : "508253",
				"HOUSE_BLK_NO" : "588",
				"STREET_NAME" : "SEALAND ROAD",
				"D_TYPE" : "Semi-Detached House",
				"NO_OF_UNITS" : 1,
				"INC_CRC" : "B5E8646AE5616C1C",
				"FMEL_UPD_D" : "20241215232953"
			}
		},
		{
			"type" : "Feature",
			"geometry" : {
				"type" : "Point",
				"coordinates" : [ 103.98160393612608, 1.390737372307907 ]
			},
			"properties" : {
				"OBJECTID" : 33917,
				"POSTAL_CODE" : "508255",
				"HOUSE_BLK_NO" : "589",
				"STREET_NAME" : "SEALAND ROAD",
				"D_TYPE" : "Semi-Detached House",
				"NO_OF_UNITS" : 1,
				"INC_CRC" : "B071C8B11825FF16",
				"FMEL_UPD_D" : "20241215232953"
			}
		},
		{
			"type" : "Feature",
			"geometry" : {
				"type" : "Point",
				"coordinates" : [ 103.98205504256447, 1.3906533864853337 ]
			},
			"properties" : {
				"OBJECTID" : 33918,
				"POSTAL_CODE" : "508254",
				"HOUSE_BLK_NO" : "588A",
				"STREET_NAME" : "SEALAND ROAD",
				"D_TYPE" : "Semi-Detached House",
				"NO_OF_UNITS" : 1,
				"INC_CRC" : "618A352EB72C287E",
				"FMEL_UPD_D" : "20241215232953"
			}
		},
		{
			"type" : "Feature",
			"geometry" : {
				"type" : "Point",
				"coordinates" : [ 103.98166572636802, 1.3906609119067364 ]
			},
			"properties" : {
				"OBJECTID" : 33919,
				"POSTAL_CODE" : "508256",
				"HOUSE_BLK_NO" : "589A",
				"STREET_NAME" : "SEALAND ROAD",
				"D_TYPE" : "Semi-Detached House",
				"NO_OF_UNITS" : 1,
				"INC_CRC" : "2B42EAF5A8672FAB",
				"FMEL_UPD_D" : "20241215232953"
			}
		},
		{
			"type" : "Feature",
			"geometry" : {
				"type" : "Point",
				"coordinates" : [ 103.98164854183402, 1.3900244435584528 ]
			},
			"properties" : {
				"OBJECTID" : 33920,
				"POSTAL_CODE" : "508246",
				"HOUSE_BLK_NO" : "38",
				"STREET_NAME" : "SEALAND ROAD",
				"D_TYPE" : "Terrace House",
				"NO_OF_UNITS" : 6,
				"INC_CRC" : "3694A6FDD5695A08",
				"FMEL_UPD_D" : "20241215232953"
			}
		},
		{
			"type" : "Feature",
			"geometry" : {
				"type" : "Point",
				"coordinates" : [ 103.82537203308233, 1.3068880678489017 ]
			},
			"properties" : {
				"OBJECTID" : 33921,
				"POSTAL_CODE" : "258096",
				"HOUSE_BLK_NO" : "2",
				"STREET_NAME" : "SETON CLOSE",
				"D_TYPE" : "Detached House",
				"NO_OF_UNITS" : 1,
				"INC_CRC" : "F27167BA4EAB9CF4",
				"FMEL_UPD_D" : "20241215232953"
			}
		},
		{
			"type" : "Feature",
			"geometry" : {
				"type" : "Point",
				"coordinates" : [ 103.82474349277855, 1.3071748244503913 ]
			},
			"properties" : {
				"OBJECTID" : 33922,
				"POSTAL_CODE" : "258097",
				"HOUSE_BLK_NO" : "3",
				"STREET_NAME" : "SETON CLOSE",
				"D_TYPE" : "Detached House",
				"NO_OF_UNITS" : 1,
				"INC_CRC" : "4491E749946E2315",
				"FMEL_UPD_D" : "20241215232953"
			}
		},
		{
			"type" : "Feature",
			"geometry" : {
				"type" : "Point",
				"coordinates" : [ 103.82474426222821, 1.3065595597961193 ]
			},
			"properties" : {
				"OBJECTID" : 33923,
				"POSTAL_CODE" : "258098",
				"HOUSE_BLK_NO" : "4",
				"STREET_NAME" : "SETON CLOSE",
				"D_TYPE" : "Detached House",
				"NO_OF_UNITS" : 1,
				"INC_CRC" : "4DD6CEE76DC164FC",
				"FMEL_UPD_D" : "20241215232953"
			}
		},
		{
			"type" : "Feature",
			"geometry" : {
				"type" : "Point",
				"coordinates" : [ 103.82506999960404, 1.3061341992670272 ]
			},
			"properties" : {
				"OBJECTID" : 33924,
				"POSTAL_CODE" : "258099",
				"HOUSE_BLK_NO" : "5",
				"STREET_NAME" : "SETON CLOSE",
				"D_TYPE" : "Detached House",
				"NO_OF_UNITS" : 1,
				"INC_CRC" : "756E4380B842F99B",
				"FMEL_UPD_D" : "20241215232953"
			}
		},
		{
			"type" : "Feature",
			"geometry" : {
				"type" : "Point",
				"coordinates" : [ 103.8313466183357, 1.3211904727464667 ]
			},
			"properties" : {
				"OBJECTID" : 33925,
				"POSTAL_CODE" : "307522",
				"HOUSE_BLK_NO" : "2",
				"STREET_NAME" : "SWISS COTTAGE ESTATE",
				"D_TYPE" : "Detached House",
				"NO_OF_UNITS" : 1,
				"INC_CRC" : "05AA680BA8E40D63",
				"FMEL_UPD_D" : "20241215232953"
			}
		},
		{
			"type" : "Feature",
			"geometry" : {
				"type" : "Point",
				"coordinates" : [ 103.83075250994575, 1.3210071728567854 ]
			},
			"properties" : {
				"OBJECTID" : 33926,
				"POSTAL_CODE" : "307521",
				"HOUSE_BLK_NO" : "3",
				"STREET_NAME" : "SWISS COTTAGE ESTATE",
				"D_TYPE" : "Detached House",
				"NO_OF_UNITS" : 1,
				"INC_CRC" : "141B337FB813B234",
				"FMEL_UPD_D" : "20241215232953"
			}
		},
		{
			"type" : "Feature",
			"geometry" : {
				"type" : "Point",
				"coordinates" : [ 103.83106713124226, 1.320645723032355 ]
			},
			"properties" : {
				"OBJECTID" : 33927,
				"POSTAL_CODE" : "307520",
				"HOUSE_BLK_NO" : "4",
				"STREET_NAME" : "SWISS COTTAGE ESTATE",
				"D_TYPE" : "Detached House",
				"NO_OF_UNITS" : 1,
				"INC_CRC" : "3293FCEB39B75686",
				"FMEL_UPD_D" : "20241215232953"
			}
		},
		{
			"type" : "Feature",
			"geometry" : {
				"type" : "Point",
				"coordinates" : [ 103.83067570961346, 1.320304018405924 ]
			},
			"properties" : {
				"OBJECTID" : 33928,
				"POSTAL_CODE" : "307519",
				"HOUSE_BLK_NO" : "5",
				"STREET_NAME" : "SWISS COTTAGE ESTATE",
				"D_TYPE" : "Detached House",
				"NO_OF_UNITS" : 1,
				"INC_CRC" : "602824586EB34E68",
				"FMEL_UPD_D" : "20241215232953"
			}
		},
		{
			"type" : "Feature",
			"geometry" : {
				"type" : "Point",
				"coordinates" : [ 103.79801040629361, 1.334761875833955 ]
			},
			"properties" : {
				"OBJECTID" : 33929,
				"POSTAL_CODE" : "287976",
				"HOUSE_BLK_NO" : "32",
				"STREET_NAME" : "TURF CLUB ROAD",
				"D_TYPE" : "Detached House",
				"NO_OF_UNITS" : 1,
				"INC_CRC" : "38419F106FCD06FF",
				"FMEL_UPD_D" : "20241215232953"
			}
		},
		{
			"type" : "Feature",
			"geometry" : {
				"type" : "Point",
				"coordinates" : [ 103.79841673088667, 1.3361854362100958 ]
			},
			"properties" : {
				"OBJECTID" : 33930,
				"POSTAL_CODE" : "287978",
				"HOUSE_BLK_NO" : "36",
				"STREET_NAME" : "TURF CLUB ROAD",
				"D_TYPE" : "Detached House",
				"NO_OF_UNITS" : 1,
				"INC_CRC" : "05CAD3BF5A01720D",
				"FMEL_UPD_D" : "20241215232953"
			}
		},
		{
			"type" : "Feature",
			"geometry" : {
				"type" : "Point",
				"coordinates" : [ 103.79177277392213, 1.3410455558149252 ]
			},
			"properties" : {
				"OBJECTID" : 33931,
				"POSTAL_CODE" : "287979",
				"HOUSE_BLK_NO" : "192",
				"STREET_NAME" : "TURF CLUB ROAD",
				"D_TYPE" : "Detached House",
				"NO_OF_UNITS" : 1,
				"INC_CRC" : "EE917A552CF13A31",
				"FMEL_UPD_D" : "20241215232953"
			}
		},
		{
			"type" : "Feature",
			"geometry" : {
				"type" : "Point",
				"coordinates" : [ 103.79317047014771, 1.335056061342627 ]
			},
			"properties" : {
				"OBJECTID" : 33932,
				"POSTAL_CODE" : "287984",
				"HOUSE_BLK_NO" : "234",
				"STREET_NAME" : "TURF CLUB ROAD",
				"D_TYPE" : "Detached House",
				"NO_OF_UNITS" : 1,
				"INC_CRC" : "0AC59B90E23C6B50",
				"FMEL_UPD_D" : "20241215232953"
			}
		},
		{
			"type" : "Feature",
			"geometry" : {
				"type" : "Point",
				"coordinates" : [ 103.98318210414423, 1.3892054056283227 ]
			},
			"properties" : {
				"OBJECTID" : 33933,
				"POSTAL_CODE" : "507739",
				"HOUSE_BLK_NO" : "54",
				"STREET_NAME" : "UPAVON ROAD",
				"D_TYPE" : "Terrace House",
				"NO_OF_UNITS" : 6,
				"INC_CRC" : "B932A575209E6CD9",
				"FMEL_UPD_D" : "20241215232953"
			}
		},
		{
			"type" : "Feature",
			"geometry" : {
				"type" : "Point",
				"coordinates" : [ 103.98224788984089, 1.3888819642522936 ]
			},
			"properties" : {
				"OBJECTID" : 33934,
				"POSTAL_CODE" : "507745",
				"HOUSE_BLK_NO" : "56",
				"STREET_NAME" : "UPAVON ROAD",
				"D_TYPE" : "Detached House",
				"NO_OF_UNITS" : 1,
				"INC_CRC" : "40F290AF905D3C1C",
				"FMEL_UPD_D" : "20241215232953"
			}
		},
		{
			"type" : "Feature",
			"geometry" : {
				"type" : "Point",
				"coordinates" : [ 103.98229368819504, 1.3885344741724586 ]
			},
			"properties" : {
				"OBJECTID" : 33935,
				"POSTAL_CODE" : "507741",
				"HOUSE_BLK_NO" : "57",
				"STREET_NAME" : "UPAVON ROAD",
				"D_TYPE" : "Terrace House",
				"NO_OF_UNITS" : 6,
				"INC_CRC" : "57D14D8A36AA940E",
				"FMEL_UPD_D" : "20241215232953"
			}
		},
		{
			"type" : "Feature",
			"geometry" : {
				"type" : "Point",
				"coordinates" : [ 103.98311027821498, 1.3886603418674002 ]
			},
			"properties" : {
				"OBJECTID" : 33936,
				"POSTAL_CODE" : "507742",
				"HOUSE_BLK_NO" : "58",
				"STREET_NAME" : "UPAVON ROAD",
				"D_TYPE" : "Terrace House",
				"NO_OF_UNITS" : 6,
				"INC_CRC" : "58EE9DDB858519C9",
				"FMEL_UPD_D" : "20241215232953"
			}
		},
		{
			"type" : "Feature",
			"geometry" : {
				"type" : "Point",
				"coordinates" : [ 103.9837640646176, 1.388630308767447 ]
			},
			"properties" : {
				"OBJECTID" : 33937,
				"POSTAL_CODE" : "507744",
				"HOUSE_BLK_NO" : "59",
				"STREET_NAME" : "UPAVON ROAD",
				"D_TYPE" : "Terrace House",
				"NO_OF_UNITS" : 6,
				"INC_CRC" : "86473F65CE13C91B",
				"FMEL_UPD_D" : "20241215232953"
			}
		},
		{
			"type" : "Feature",
			"geometry" : {
				"type" : "Point",
				"coordinates" : [ 103.98444733764808, 1.3889390336484315 ]
			},
			"properties" : {
				"OBJECTID" : 33938,
				"POSTAL_CODE" : "507743",
				"HOUSE_BLK_NO" : "60",
				"STREET_NAME" : "UPAVON ROAD",
				"D_TYPE" : "Terrace House",
				"NO_OF_UNITS" : 6,
				"INC_CRC" : "1389CF00EBFE9D94",
				"FMEL_UPD_D" : "20241215232953"
			}
		},
		{
			"type" : "Feature",
			"geometry" : {
				"type" : "Point",
				"coordinates" : [ 103.80135423067941, 1.3218538737434322 ]
			},
			"properties" : {
				"OBJECTID" : 33939,
				"POSTAL_CODE" : "266525",
				"HOUSE_BLK_NO" : "51",
				"STREET_NAME" : "VICTORIA PARK ROAD",
				"D_TYPE" : "Detached House",
				"NO_OF_UNITS" : 1,
				"INC_CRC" : "9A4C9231E831D8C6",
				"FMEL_UPD_D" : "20241215232953"
			}
		},
		{
			"type" : "Feature",
			"geometry" : {
				"type" : "Point",
				"coordinates" : [ 103.8014883099175, 1.3220728962813817 ]
			},
			"properties" : {
				"OBJECTID" : 33940,
				"POSTAL_CODE" : "266527",
				"HOUSE_BLK_NO" : "53",
				"STREET_NAME" : "VICTORIA PARK ROAD",
				"D_TYPE" : "Detached House",
				"NO_OF_UNITS" : 1,
				"INC_CRC" : "A508E7C13B80A102",
				"FMEL_UPD_D" : "20241215232953"
			}
		},
		{
			"type" : "Feature",
			"geometry" : {
				"type" : "Point",
				"coordinates" : [ 103.82099134841351, 1.3390588876723222 ]
			},
			"properties" : {
				"OBJECTID" : 33941,
				"POSTAL_CODE" : "297850",
				"HOUSE_BLK_NO" : "1",
				"STREET_NAME" : "WALLACE WAY",
				"D_TYPE" : "Detached House",
				"NO_OF_UNITS" : 1,
				"INC_CRC" : "A1BAB22A7A463709",
				"FMEL_UPD_D" : "20241215232953"
			}
		},
		{
			"type" : "Feature",
			"geometry" : {
				"type" : "Point",
				"coordinates" : [ 103.82132171101104, 1.3392045182342827 ]
			},
			"properties" : {
				"OBJECTID" : 33942,
				"POSTAL_CODE" : "297851",
				"HOUSE_BLK_NO" : "2",
				"STREET_NAME" : "WALLACE WAY",
				"D_TYPE" : "Detached House",
				"NO_OF_UNITS" : 1,
				"INC_CRC" : "FC366AF09D96E7A6",
				"FMEL_UPD_D" : "20241215232953"
			}
		},
		{
			"type" : "Feature",
			"geometry" : {
				"type" : "Point",
				"coordinates" : [ 103.82171898091732, 1.3394225597281144 ]
			},
			"properties" : {
				"OBJECTID" : 33943,
				"POSTAL_CODE" : "297852",
				"HOUSE_BLK_NO" : "3",
				"STREET_NAME" : "WALLACE WAY",
				"D_TYPE" : "Detached House",
				"NO_OF_UNITS" : 1,
				"INC_CRC" : "682FA4A97D4735A2",
				"FMEL_UPD_D" : "20241215232953"
			}
		},
		{
			"type" : "Feature",
			"geometry" : {
				"type" : "Point",
				"coordinates" : [ 103.82196251848708, 1.3395770010111687 ]
			},
			"properties" : {
				"OBJECTID" : 33944,
				"POSTAL_CODE" : "297853",
				"HOUSE_BLK_NO" : "4",
				"STREET_NAME" : "WALLACE WAY",
				"D_TYPE" : "Detached House",
				"NO_OF_UNITS" : 1,
				"INC_CRC" : "F9F0BB06CBE7E12F",
				"FMEL_UPD_D" : "20241215232953"
			}
		},
		{
			"type" : "Feature",
			"geometry" : {
				"type" : "Point",
				"coordinates" : [ 103.79712153800634, 1.2874942580396378 ]
			},
			"properties" : {
				"OBJECTID" : 33945,
				"POSTAL_CODE" : "138991",
				"HOUSE_BLK_NO" : "1",
				"STREET_NAME" : "WARWICK ROAD",
				"D_TYPE" : "Semi-Detached House",
				"NO_OF_UNITS" : 1,
				"INC_CRC" : "918E6960D50AEC4B",
				"FMEL_UPD_D" : "20241215232953"
			}
		},
		{
			"type" : "Feature",
			"geometry" : {
				"type" : "Point",
				"coordinates" : [ 103.79720669635199, 1.287425125094977 ]
			},
			"properties" : {
				"OBJECTID" : 33946,
				"POSTAL_CODE" : "138992",
				"HOUSE_BLK_NO" : "2",
				"STREET_NAME" : "WARWICK ROAD",
				"D_TYPE" : "Semi-Detached House",
				"NO_OF_UNITS" : 1,
				"INC_CRC" : "8BC43616BB3A0197",
				"FMEL_UPD_D" : "20241215232953"
			}
		},
		{
			"type" : "Feature",
			"geometry" : {
				"type" : "Point",
				"coordinates" : [ 103.79747457035802, 1.2872149843844776 ]
			},
			"properties" : {
				"OBJECTID" : 33947,
				"POSTAL_CODE" : "138993",
				"HOUSE_BLK_NO" : "3",
				"STREET_NAME" : "WARWICK ROAD",
				"D_TYPE" : "Semi-Detached House",
				"NO_OF_UNITS" : 1,
				"INC_CRC" : "3B54082841DA8D6A",
				"FMEL_UPD_D" : "20241215232953"
			}
		},
		{
			"type" : "Feature",
			"geometry" : {
				"type" : "Point",
				"coordinates" : [ 103.79757053519403, 1.2871627478258085 ]
			},
			"properties" : {
				"OBJECTID" : 33948,
				"POSTAL_CODE" : "138994",
				"HOUSE_BLK_NO" : "4",
				"STREET_NAME" : "WARWICK ROAD",
				"D_TYPE" : "Semi-Detached House",
				"NO_OF_UNITS" : 1,
				"INC_CRC" : "DC20280478E64433",
				"FMEL_UPD_D" : "20241215232953"
			}
		},
		{
			"type" : "Feature",
			"geometry" : {
				"type" : "Point",
				"coordinates" : [ 103.79779716210003, 1.287115076523267 ]
			},
			"properties" : {
				"OBJECTID" : 33949,
				"POSTAL_CODE" : "138995",
				"HOUSE_BLK_NO" : "5",
				"STREET_NAME" : "WARWICK ROAD",
				"D_TYPE" : "Other Apartment nec",
				"NO_OF_UNITS" : 1,
				"INC_CRC" : "D009AA1B81446C75",
				"FMEL_UPD_D" : "20241215232953"
			}
		},
		{
			"type" : "Feature",
			"geometry" : {
				"type" : "Point",
				"coordinates" : [ 103.79795095793479, 1.287123889900619 ]
			},
			"properties" : {
				"OBJECTID" : 33950,
				"POSTAL_CODE" : "138996",
				"HOUSE_BLK_NO" : "6",
				"STREET_NAME" : "WARWICK ROAD",
				"D_TYPE" : "Other Apartment nec",
				"NO_OF_UNITS" : 1,
				"INC_CRC" : "F538D8A6DBC6235A",
				"FMEL_UPD_D" : "20241215232953"
			}
		},
		{
			"type" : "Feature",
			"geometry" : {
				"type" : "Point",
				"coordinates" : [ 103.79779716210003, 1.287115076523267 ]
			},
			"properties" : {
				"OBJECTID" : 33951,
				"POSTAL_CODE" : "138997",
				"HOUSE_BLK_NO" : "7",
				"STREET_NAME" : "WARWICK ROAD",
				"D_TYPE" : "Other Apartment nec",
				"NO_OF_UNITS" : 1,
				"INC_CRC" : "D009AA1B2BD6AFB2",
				"FMEL_UPD_D" : "20241215232953"
			}
		},
		{
			"type" : "Feature",
			"geometry" : {
				"type" : "Point",
				"coordinates" : [ 103.79795095793479, 1.287123889900619 ]
			},
			"properties" : {
				"OBJECTID" : 33952,
				"POSTAL_CODE" : "138998",
				"HOUSE_BLK_NO" : "8",
				"STREET_NAME" : "WARWICK ROAD",
				"D_TYPE" : "Other Apartment nec",
				"NO_OF_UNITS" : 1,
				"INC_CRC" : "F538D8A638D8648D",
				"FMEL_UPD_D" : "20241215232953"
			}
		},
		{
			"type" : "Feature",
			"geometry" : {
				"type" : "Point",
				"coordinates" : [ 103.79779716210003, 1.287115076523267 ]
			},
			"properties" : {
				"OBJECTID" : 33953,
				"POSTAL_CODE" : "138999",
				"HOUSE_BLK_NO" : "9",
				"STREET_NAME" : "WARWICK ROAD",
				"D_TYPE" : "Other Apartment nec",
				"NO_OF_UNITS" : 1,
				"INC_CRC" : "D009AA1BC8C8E865",
				"FMEL_UPD_D" : "20241215232953"
			}
		},
		{
			"type" : "Feature",
			"geometry" : {
				"type" : "Point",
				"coordinates" : [ 103.79795095793479, 1.287123889900619 ]
			},
			"properties" : {
				"OBJECTID" : 33954,
				"POSTAL_CODE" : "139000",
				"HOUSE_BLK_NO" : "10",
				"STREET_NAME" : "WARWICK ROAD",
				"D_TYPE" : "Other Apartment nec",
				"NO_OF_UNITS" : 1,
				"INC_CRC" : "F538D8A6A9B6A670",
				"FMEL_UPD_D" : "20241215232953"
			}
		},
		{
			"type" : "Feature",
			"geometry" : {
				"type" : "Point",
				"coordinates" : [ 103.7981827987159, 1.2873638708278996 ]
			},
			"properties" : {
				"OBJECTID" : 33955,
				"POSTAL_CODE" : "139001",
				"HOUSE_BLK_NO" : "11",
				"STREET_NAME" : "WARWICK ROAD",
				"D_TYPE" : "Other Apartment nec",
				"NO_OF_UNITS" : 1,
				"INC_CRC" : "B0D1C8B9771E07D1",
				"FMEL_UPD_D" : "20241215232953"
			}
		},
		{
			"type" : "Feature",
			"geometry" : {
				"type" : "Point",
				"coordinates" : [ 103.79822877363976, 1.2874802134649446 ]
			},
			"properties" : {
				"OBJECTID" : 33956,
				"POSTAL_CODE" : "139002",
				"HOUSE_BLK_NO" : "12",
				"STREET_NAME" : "WARWICK ROAD",
				"D_TYPE" : "Other Apartment nec",
				"NO_OF_UNITS" : 1,
				"INC_CRC" : "ED99B069B242C37B",
				"FMEL_UPD_D" : "20241215232953"
			}
		},
		{
			"type" : "Feature",
			"geometry" : {
				"type" : "Point",
				"coordinates" : [ 103.7981827987159, 1.2873638708278996 ]
			},
			"properties" : {
				"OBJECTID" : 33957,
				"POSTAL_CODE" : "139003",
				"HOUSE_BLK_NO" : "13",
				"STREET_NAME" : "WARWICK ROAD",
				"D_TYPE" : "Other Apartment nec",
				"NO_OF_UNITS" : 1,
				"INC_CRC" : "B0D1C8B9DD8CC416",
				"FMEL_UPD_D" : "20241215232953"
			}
		},
		{
			"type" : "Feature",
			"geometry" : {
				"type" : "Point",
				"coordinates" : [ 103.79822877363976, 1.2874802134649446 ]
			},
			"properties" : {
				"OBJECTID" : 33958,
				"POSTAL_CODE" : "139004",
				"HOUSE_BLK_NO" : "14",
				"STREET_NAME" : "WARWICK ROAD",
				"D_TYPE" : "Other Apartment nec",
				"NO_OF_UNITS" : 1,
				"INC_CRC" : "ED99B06996848173",
				"FMEL_UPD_D" : "20241215232953"
			}
		},
		{
			"type" : "Feature",
			"geometry" : {
				"type" : "Point",
				"coordinates" : [ 103.7981827987159, 1.2873638708278996 ]
			},
			"properties" : {
				"OBJECTID" : 33959,
				"POSTAL_CODE" : "139005",
				"HOUSE_BLK_NO" : "15",
				"STREET_NAME" : "WARWICK ROAD",
				"D_TYPE" : "Other Apartment nec",
				"NO_OF_UNITS" : 1,
				"INC_CRC" : "B0D1C8B9F94A861E",
				"FMEL_UPD_D" : "20241215232953"
			}
		},
		{
			"type" : "Feature",
			"geometry" : {
				"type" : "Point",
				"coordinates" : [ 103.79822877363976, 1.2874802134649446 ]
			},
			"properties" : {
				"OBJECTID" : 33960,
				"POSTAL_CODE" : "139006",
				"HOUSE_BLK_NO" : "16",
				"STREET_NAME" : "WARWICK ROAD",
				"D_TYPE" : "Other Apartment nec",
				"NO_OF_UNITS" : 1,
				"INC_CRC" : "ED99B0693C1642B4",
				"FMEL_UPD_D" : "20241215232953"
			}
		},
		{
			"type" : "Feature",
			"geometry" : {
				"type" : "Point",
				"coordinates" : [ 103.79836382414675, 1.2878847250113976 ]
			},
			"properties" : {
				"OBJECTID" : 33961,
				"POSTAL_CODE" : "139007",
				"HOUSE_BLK_NO" : "17",
				"STREET_NAME" : "WARWICK ROAD",
				"D_TYPE" : "Semi-Detached House",
				"NO_OF_UNITS" : 1,
				"INC_CRC" : "63211A8BE3C59D2A",
				"FMEL_UPD_D" : "20241215232953"
			}
		},
		{
			"type" : "Feature",
			"geometry" : {
				"type" : "Point",
				"coordinates" : [ 103.79836382414675, 1.2878847250113976 ]
			},
			"properties" : {
				"OBJECTID" : 33962,
				"POSTAL_CODE" : "139008",
				"HOUSE_BLK_NO" : "18",
				"STREET_NAME" : "WARWICK ROAD",
				"D_TYPE" : "Semi-Detached House",
				"NO_OF_UNITS" : 1,
				"INC_CRC" : "63211A8BB82A383E",
				"FMEL_UPD_D" : "20241215232953"
			}
		},
		{
			"type" : "Feature",
			"geometry" : {
				"type" : "Point",
				"coordinates" : [ 103.79841990924425, 1.288149457756428 ]
			},
			"properties" : {
				"OBJECTID" : 33963,
				"POSTAL_CODE" : "139009",
				"HOUSE_BLK_NO" : "19",
				"STREET_NAME" : "WARWICK ROAD",
				"D_TYPE" : "Semi-Detached House",
				"NO_OF_UNITS" : 1,
				"INC_CRC" : "104580F3D76CBFB0",
				"FMEL_UPD_D" : "20241215232953"
			}
		},
		{
			"type" : "Feature",
			"geometry" : {
				"type" : "Point",
				"coordinates" : [ 103.79841990924425, 1.288149457756428 ]
			},
			"properties" : {
				"OBJECTID" : 33964,
				"POSTAL_CODE" : "139010",
				"HOUSE_BLK_NO" : "20",
				"STREET_NAME" : "WARWICK ROAD",
				"D_TYPE" : "Semi-Detached House",
				"NO_OF_UNITS" : 1,
				"INC_CRC" : "104580F34E543B39",
				"FMEL_UPD_D" : "20241215232953"
			}
		},
		{
			"type" : "Feature",
			"geometry" : {
				"type" : "Point",
				"coordinates" : [ 103.78276480765419, 1.338690710357146 ]
			},
			"properties" : {
				"OBJECTID" : 33965,
				"POSTAL_CODE" : "588050",
				"HOUSE_BLK_NO" : "18",
				"STREET_NAME" : "WILMONAR AVENUE",
				"D_TYPE" : "Detached House",
				"NO_OF_UNITS" : 1,
				"INC_CRC" : "8A052E202394A0D1",
				"FMEL_UPD_D" : "20241215232953"
			}
		},
		{
			"type" : "Feature",
			"geometry" : {
				"type" : "Point",
				"coordinates" : [ 103.7826508999526, 1.3389596261008492 ]
			},
			"properties" : {
				"OBJECTID" : 33966,
				"POSTAL_CODE" : "588051",
				"HOUSE_BLK_NO" : "19",
				"STREET_NAME" : "WILMONAR AVENUE",
				"D_TYPE" : "Detached House",
				"NO_OF_UNITS" : 1,
				"INC_CRC" : "5F087FB82B77672C",
				"FMEL_UPD_D" : "20241215232953"
			}
		},
		{
			"type" : "Feature",
			"geometry" : {
				"type" : "Point",
				"coordinates" : [ 103.78297583644486, 1.3387092921761696 ]
			},
			"properties" : {
				"OBJECTID" : 33967,
				"POSTAL_CODE" : "588052",
				"HOUSE_BLK_NO" : "20",
				"STREET_NAME" : "WILMONAR AVENUE",
				"D_TYPE" : "Detached House",
				"NO_OF_UNITS" : 1,
				"INC_CRC" : "C83ED60558FA0E21",
				"FMEL_UPD_D" : "20241215232953"
			}
		},
		{
			"type" : "Feature",
			"geometry" : {
				"type" : "Point",
				"coordinates" : [ 103.78283875611375, 1.3389646329442417 ]
			},
			"properties" : {
				"OBJECTID" : 33968,
				"POSTAL_CODE" : "588053",
				"HOUSE_BLK_NO" : "21",
				"STREET_NAME" : "WILMONAR AVENUE",
				"D_TYPE" : "Detached House",
				"NO_OF_UNITS" : 1,
				"INC_CRC" : "1EAB1D99B55FE2CE",
				"FMEL_UPD_D" : "20241215232953"
			}
		},
		{
			"type" : "Feature",
			"geometry" : {
				"type" : "Point",
				"coordinates" : [ 103.78243853313847, 1.338943557453043 ]
			},
			"properties" : {
				"OBJECTID" : 33969,
				"POSTAL_CODE" : "588054",
				"HOUSE_BLK_NO" : "22",
				"STREET_NAME" : "WILMONAR AVENUE",
				"D_TYPE" : "Detached House",
				"NO_OF_UNITS" : 1,
				"INC_CRC" : "AB67DDC6FC834A7A",
				"FMEL_UPD_D" : "20241215232953"
			}
		},
		{
			"type" : "Feature",
			"geometry" : {
				"type" : "Point",
				"coordinates" : [ 103.78305730612213, 1.3389705691887963 ]
			},
			"properties" : {
				"OBJECTID" : 33970,
				"POSTAL_CODE" : "588055",
				"HOUSE_BLK_NO" : "23",
				"STREET_NAME" : "WILMONAR AVENUE",
				"D_TYPE" : "Detached House",
				"NO_OF_UNITS" : 1,
				"INC_CRC" : "56D9CD612DA3034D",
				"FMEL_UPD_D" : "20241215232953"
			}
		},
		{
			"type" : "Feature",
			"geometry" : {
				"type" : "Point",
				"coordinates" : [ 103.7950089601153, 1.2850672973754824 ]
			},
			"properties" : {
				"OBJECTID" : 33971,
				"POSTAL_CODE" : "117776",
				"HOUSE_BLK_NO" : "1",
				"STREET_NAME" : "WINCHESTER ROAD",
				"D_TYPE" : "Detached House",
				"NO_OF_UNITS" : 1,
				"INC_CRC" : "4CEE06F8F53B53D1",
				"FMEL_UPD_D" : "20241215232953"
			}
		},
		{
			"type" : "Feature",
			"geometry" : {
				"type" : "Point",
				"coordinates" : [ 103.79558287838042, 1.2849803485955507 ]
			},
			"properties" : {
				"OBJECTID" : 33972,
				"POSTAL_CODE" : "117777",
				"HOUSE_BLK_NO" : "2",
				"STREET_NAME" : "WINCHESTER ROAD",
				"D_TYPE" : "Detached House",
				"NO_OF_UNITS" : 1,
				"INC_CRC" : "0C288B525E603BAD",
				"FMEL_UPD_D" : "20241215232953"
			}
		},
		{
			"type" : "Feature",
			"geometry" : {
				"type" : "Point",
				"coordinates" : [ 103.7948866793807, 1.2844249921978852 ]
			},
			"properties" : {
				"OBJECTID" : 33973,
				"POSTAL_CODE" : "117778",
				"HOUSE_BLK_NO" : "3",
				"STREET_NAME" : "WINCHESTER ROAD",
				"D_TYPE" : "Detached House",
				"NO_OF_UNITS" : 1,
				"INC_CRC" : "342A15760BC8FA29",
				"FMEL_UPD_D" : "20241215232953"
			}
		},
		{
			"type" : "Feature",
			"geometry" : {
				"type" : "Point",
				"coordinates" : [ 103.79430856163046, 1.2843222240362597 ]
			},
			"properties" : {
				"OBJECTID" : 33974,
				"POSTAL_CODE" : "117779",
				"HOUSE_BLK_NO" : "5",
				"STREET_NAME" : "WINCHESTER ROAD",
				"D_TYPE" : "Detached House",
				"NO_OF_UNITS" : 1,
				"INC_CRC" : "707081C1E279B439",
				"FMEL_UPD_D" : "20241215232953"
			}
		},
		{
			"type" : "Feature",
			"geometry" : {
				"type" : "Point",
				"coordinates" : [ 103.79390519163519, 1.284526262378413 ]
			},
			"properties" : {
				"OBJECTID" : 33975,
				"POSTAL_CODE" : "117780",
				"HOUSE_BLK_NO" : "6",
				"STREET_NAME" : "WINCHESTER ROAD",
				"D_TYPE" : "Detached House",
				"NO_OF_UNITS" : 1,
				"INC_CRC" : "8C23D87CC84AF34F",
				"FMEL_UPD_D" : "20241215232953"
			}
		},
		{
			"type" : "Feature",
			"geometry" : {
				"type" : "Point",
				"coordinates" : [ 103.79359113839982, 1.2849495526123509 ]
			},
			"properties" : {
				"OBJECTID" : 33976,
				"POSTAL_CODE" : "117781",
				"HOUSE_BLK_NO" : "7",
				"STREET_NAME" : "WINCHESTER ROAD",
				"D_TYPE" : "Detached House",
				"NO_OF_UNITS" : 1,
				"INC_CRC" : "A81EFCF8918BF39D",
				"FMEL_UPD_D" : "20241215232953"
			}
		},
		{
			"type" : "Feature",
			"geometry" : {
				"type" : "Point",
				"coordinates" : [ 103.79400278115989, 1.2855795575564128 ]
			},
			"properties" : {
				"OBJECTID" : 33977,
				"POSTAL_CODE" : "117782",
				"HOUSE_BLK_NO" : "8",
				"STREET_NAME" : "WINCHESTER ROAD",
				"D_TYPE" : "Detached House",
				"NO_OF_UNITS" : 1,
				"INC_CRC" : "C04AF0F05B3A029F",
				"FMEL_UPD_D" : "20241215232953"
			}
		},
		{
			"type" : "Feature",
			"geometry" : {
				"type" : "Point",
				"coordinates" : [ 103.79447852706572, 1.2857204495317236 ]
			},
			"properties" : {
				"OBJECTID" : 33978,
				"POSTAL_CODE" : "117783",
				"HOUSE_BLK_NO" : "9",
				"STREET_NAME" : "WINCHESTER ROAD",
				"D_TYPE" : "Detached House",
				"NO_OF_UNITS" : 1,
				"INC_CRC" : "205639D8E157AE0C",
				"FMEL_UPD_D" : "20241215232953"
			}
		},
		{
			"type" : "Feature",
			"geometry" : {
				"type" : "Point",
				"coordinates" : [ 103.79526825829224, 1.2857735160588732 ]
			},
			"properties" : {
				"OBJECTID" : 33979,
				"POSTAL_CODE" : "117784",
				"HOUSE_BLK_NO" : "10",
				"STREET_NAME" : "WINCHESTER ROAD",
				"D_TYPE" : "Detached House",
				"NO_OF_UNITS" : 1,
				"INC_CRC" : "23D85114AD830AD4",
				"FMEL_UPD_D" : "20241215232953"
			}
		},
		{
			"type" : "Feature",
			"geometry" : {
				"type" : "Point",
				"coordinates" : [ 103.86631762638453, 1.3413381315290411 ]
			},
			"properties" : {
				"OBJECTID" : 33980,
				"POSTAL_CODE" : "357849",
				"HOUSE_BLK_NO" : "74",
				"STREET_NAME" : "WOODLEIGH PARK",
				"D_TYPE" : "Detached House",
				"NO_OF_UNITS" : 1,
				"INC_CRC" : "79D31DEB94E4E26C",
				"FMEL_UPD_D" : "20241215232953"
			}
		},
		{
			"type" : "Feature",
			"geometry" : {
				"type" : "Point",
				"coordinates" : [ 103.86602506665345, 1.341716422043992 ]
			},
			"properties" : {
				"OBJECTID" : 33981,
				"POSTAL_CODE" : "357850",
				"HOUSE_BLK_NO" : "76",
				"STREET_NAME" : "WOODLEIGH PARK",
				"D_TYPE" : "Detached House",
				"NO_OF_UNITS" : 1,
				"INC_CRC" : "0DEF21976D07B876",
				"FMEL_UPD_D" : "20241215232953"
			}
		},
		{
			"type" : "Feature",
			"geometry" : {
				"type" : "Point",
				"coordinates" : [ 103.86527464590168, 1.3435033356940467 ]
			},
			"properties" : {
				"OBJECTID" : 33982,
				"POSTAL_CODE" : "357826",
				"HOUSE_BLK_NO" : "18",
				"STREET_NAME" : "WOODLEIGH PARK",
				"D_TYPE" : "Detached House",
				"NO_OF_UNITS" : 1,
				"INC_CRC" : "407378BDA1114681",
				"FMEL_UPD_D" : "20241215232953"
			}
		},
		{
			"type" : "Feature",
			"geometry" : {
				"type" : "Point",
				"coordinates" : [ 103.86536780734812, 1.3434029762511805 ]
			},
			"properties" : {
				"OBJECTID" : 33983,
				"POSTAL_CODE" : "357827",
				"HOUSE_BLK_NO" : "20",
				"STREET_NAME" : "WOODLEIGH PARK",
				"D_TYPE" : "Detached House",
				"NO_OF_UNITS" : 1,
				"INC_CRC" : "AD68E69A7419A240",
				"FMEL_UPD_D" : "20241215232953"
			}
		},
		{
			"type" : "Feature",
			"geometry" : {
				"type" : "Point",
				"coordinates" : [ 103.86548861739604, 1.343295310983726 ]
			},
			"properties" : {
				"OBJECTID" : 33984,
				"POSTAL_CODE" : "357828",
				"HOUSE_BLK_NO" : "22",
				"STREET_NAME" : "WOODLEIGH PARK",
				"D_TYPE" : "Detached House",
				"NO_OF_UNITS" : 1,
				"INC_CRC" : "D3275C798BEDF863",
				"FMEL_UPD_D" : "20241215232953"
			}
		},
		{
			"type" : "Feature",
			"geometry" : {
				"type" : "Point",
				"coordinates" : [ 103.86561074810768, 1.343171682757854 ]
			},
			"properties" : {
				"OBJECTID" : 33985,
				"POSTAL_CODE" : "357829",
				"HOUSE_BLK_NO" : "24",
				"STREET_NAME" : "WOODLEIGH PARK",
				"D_TYPE" : "Detached House",
				"NO_OF_UNITS" : 1,
				"INC_CRC" : "C166F89D1F9421F1",
				"FMEL_UPD_D" : "20241215232953"
			}
		},
		{
			"type" : "Feature",
			"geometry" : {
				"type" : "Point",
				"coordinates" : [ 103.8657277121543, 1.343053309856125 ]
			},
			"properties" : {
				"OBJECTID" : 33986,
				"POSTAL_CODE" : "357830",
				"HOUSE_BLK_NO" : "26",
				"STREET_NAME" : "WOODLEIGH PARK",
				"D_TYPE" : "Detached House",
				"NO_OF_UNITS" : 1,
				"INC_CRC" : "52D6C40EBA7F68C2",
				"FMEL_UPD_D" : "20241215232953"
			}
		},
		{
			"type" : "Feature",
			"geometry" : {
				"type" : "Point",
				"coordinates" : [ 103.865842466288, 1.3429090604015628 ]
			},
			"properties" : {
				"OBJECTID" : 33987,
				"POSTAL_CODE" : "357831",
				"HOUSE_BLK_NO" : "28",
				"STREET_NAME" : "WOODLEIGH PARK",
				"D_TYPE" : "Semi-Detached House",
				"NO_OF_UNITS" : 1,
				"INC_CRC" : "69CE913651412C1F",
				"FMEL_UPD_D" : "20241215232953"
			}
		},
		{
			"type" : "Feature",
			"geometry" : {
				"type" : "Point",
				"coordinates" : [ 103.8658775087339, 1.3428707474413155 ]
			},
			"properties" : {
				"OBJECTID" : 33988,
				"POSTAL_CODE" : "357832",
				"HOUSE_BLK_NO" : "30",
				"STREET_NAME" : "WOODLEIGH PARK",
				"D_TYPE" : "Semi-Detached House",
				"NO_OF_UNITS" : 1,
				"INC_CRC" : "D5A1F51A8A7B2D7F",
				"FMEL_UPD_D" : "20241215232953"
			}
		},
		{
			"type" : "Feature",
			"geometry" : {
				"type" : "Point",
				"coordinates" : [ 103.86601159787045, 1.3427115304900135 ]
			},
			"properties" : {
				"OBJECTID" : 33989,
				"POSTAL_CODE" : "357833",
				"HOUSE_BLK_NO" : "32",
				"STREET_NAME" : "WOODLEIGH PARK",
				"D_TYPE" : "Semi-Detached House",
				"NO_OF_UNITS" : 1,
				"INC_CRC" : "7BEB5436E27D023E",
				"FMEL_UPD_D" : "20241215232953"
			}
		},
		{
			"type" : "Feature",
			"geometry" : {
				"type" : "Point",
				"coordinates" : [ 103.86605078447761, 1.3426737474290984 ]
			},
			"properties" : {
				"OBJECTID" : 33990,
				"POSTAL_CODE" : "357834",
				"HOUSE_BLK_NO" : "34",
				"STREET_NAME" : "WOODLEIGH PARK",
				"D_TYPE" : "Semi-Detached House",
				"NO_OF_UNITS" : 1,
				"INC_CRC" : "BF13F97130D3F4F2",
				"FMEL_UPD_D" : "20241215232953"
			}
		},
		{
			"type" : "Feature",
			"geometry" : {
				"type" : "Point",
				"coordinates" : [ 103.86618660865625, 1.3425776758765344 ]
			},
			"properties" : {
				"OBJECTID" : 33991,
				"POSTAL_CODE" : "357835",
				"HOUSE_BLK_NO" : "36",
				"STREET_NAME" : "WOODLEIGH PARK",
				"D_TYPE" : "Semi-Detached House",
				"NO_OF_UNITS" : 1,
				"INC_CRC" : "F624560CEDB49F47",
				"FMEL_UPD_D" : "20241215232953"
			}
		},
		{
			"type" : "Feature",
			"geometry" : {
				"type" : "Point",
				"coordinates" : [ 103.8662278089685, 1.3425426348182983 ]
			},
			"properties" : {
				"OBJECTID" : 33992,
				"POSTAL_CODE" : "357836",
				"HOUSE_BLK_NO" : "38",
				"STREET_NAME" : "WOODLEIGH PARK",
				"D_TYPE" : "Semi-Detached House",
				"NO_OF_UNITS" : 1,
				"INC_CRC" : "2C9F0BF61D4F63DA",
				"FMEL_UPD_D" : "20241215232953"
			}
		},
		{
			"type" : "Feature",
			"geometry" : {
				"type" : "Point",
				"coordinates" : [ 103.86638045595475, 1.342445031034158 ]
			},
			"properties" : {
				"OBJECTID" : 33993,
				"POSTAL_CODE" : "357837",
				"HOUSE_BLK_NO" : "40",
				"STREET_NAME" : "WOODLEIGH PARK",
				"D_TYPE" : "Semi-Detached House",
				"NO_OF_UNITS" : 1,
				"INC_CRC" : "836B2C9C6292C41C",
				"FMEL_UPD_D" : "20241215232953"
			}
		},
		{
			"type" : "Feature",
			"geometry" : {
				"type" : "Point",
				"coordinates" : [ 103.86642661560374, 1.342424014787388 ]
			},
			"properties" : {
				"OBJECTID" : 33994,
				"POSTAL_CODE" : "357839",
				"HOUSE_BLK_NO" : "42",
				"STREET_NAME" : "WOODLEIGH PARK",
				"D_TYPE" : "Semi-Detached House",
				"NO_OF_UNITS" : 1,
				"INC_CRC" : "3734E1B05CD25172",
				"FMEL_UPD_D" : "20241215232953"
			}
		},
		{
			"type" : "Feature",
			"geometry" : {
				"type" : "Point",
				"coordinates" : [ 103.86660205706328, 1.34231286420564 ]
			},
			"properties" : {
				"OBJECTID" : 33995,
				"POSTAL_CODE" : "357841",
				"HOUSE_BLK_NO" : "44",
				"STREET_NAME" : "WOODLEIGH PARK",
				"D_TYPE" : "Semi-Detached House",
				"NO_OF_UNITS" : 1,
				"INC_CRC" : "E2675D007126611C",
				"FMEL_UPD_D" : "20241215232953"
			}
		},
		{
			"type" : "Feature",
			"geometry" : {
				"type" : "Point",
				"coordinates" : [ 103.86664786462634, 1.342303232097886 ]
			},
			"properties" : {
				"OBJECTID" : 33996,
				"POSTAL_CODE" : "357843",
				"HOUSE_BLK_NO" : "46",
				"STREET_NAME" : "WOODLEIGH PARK",
				"D_TYPE" : "Semi-Detached House",
				"NO_OF_UNITS" : 1,
				"INC_CRC" : "51052FC9CD7D7DAE",
				"FMEL_UPD_D" : "20241215232953"
			}
		},
		{
			"type" : "Feature",
			"geometry" : {
				"type" : "Point",
				"coordinates" : [ 103.86579516927264, 1.3422658979118751 ]
			},
			"properties" : {
				"OBJECTID" : 33997,
				"POSTAL_CODE" : "357851",
				"HOUSE_BLK_NO" : "78",
				"STREET_NAME" : "WOODLEIGH PARK",
				"D_TYPE" : "Detached House",
				"NO_OF_UNITS" : 1,
				"INC_CRC" : "57273EACCB09549D",
				"FMEL_UPD_D" : "20241215232953"
			}
		},
		{
			"type" : "Feature",
			"geometry" : {
				"type" : "Point",
				"coordinates" : [ 103.86539892864565, 1.3426181422343733 ]
			},
			"properties" : {
				"OBJECTID" : 33998,
				"POSTAL_CODE" : "357852",
				"HOUSE_BLK_NO" : "80",
				"STREET_NAME" : "WOODLEIGH PARK",
				"D_TYPE" : "Detached House",
				"NO_OF_UNITS" : 1,
				"INC_CRC" : "B651ED0C50706AAE",
				"FMEL_UPD_D" : "20241215232953"
			}
		},
		{
			"type" : "Feature",
			"geometry" : {
				"type" : "Point",
				"coordinates" : [ 103.86505367002438, 1.3430790813798255 ]
			},
			"properties" : {
				"OBJECTID" : 33999,
				"POSTAL_CODE" : "357853",
				"HOUSE_BLK_NO" : "82",
				"STREET_NAME" : "WOODLEIGH PARK",
				"D_TYPE" : "Detached House",
				"NO_OF_UNITS" : 1,
				"INC_CRC" : "2A0DD5D688E2957C",
				"FMEL_UPD_D" : "20241215232953"
			}
		},
		{
			"type" : "Feature",
			"geometry" : {
				"type" : "Point",
				"coordinates" : [ 103.79871683940867, 1.2819934220842502 ]
			},
			"properties" : {
				"OBJECTID" : 34000,
				"POSTAL_CODE" : "119885",
				"HOUSE_BLK_NO" : "2",
				"STREET_NAME" : "BERKSHIRE ROAD",
				"D_TYPE" : "Detached House",
				"NO_OF_UNITS" : 1,
				"INC_CRC" : "E94589BBCF6E24F1",
				"FMEL_UPD_D" : "20241215232953"
			}
		},
		{
			"type" : "Feature",
			"geometry" : {
				"type" : "Point",
				"coordinates" : [ 103.79947511481396, 1.281268372298883 ]
			},
			"properties" : {
				"OBJECTID" : 34001,
				"POSTAL_CODE" : "119887",
				"HOUSE_BLK_NO" : "4",
				"STREET_NAME" : "BERKSHIRE ROAD",
				"D_TYPE" : "Detached House",
				"NO_OF_UNITS" : 1,
				"INC_CRC" : "FEB7C8EBF268FCDC",
				"FMEL_UPD_D" : "20241215232953"
			}
		},
		{
			"type" : "Feature",
			"geometry" : {
				"type" : "Point",
				"coordinates" : [ 103.79808687535377, 1.2813064615801621 ]
			},
			"properties" : {
				"OBJECTID" : 34002,
				"POSTAL_CODE" : "119888",
				"HOUSE_BLK_NO" : "5",
				"STREET_NAME" : "BERKSHIRE ROAD",
				"D_TYPE" : "Detached House",
				"NO_OF_UNITS" : 1,
				"INC_CRC" : "DC1BD3F09F603BAF",
				"FMEL_UPD_D" : "20241215232953"
			}
		},
		{
			"type" : "Feature",
			"geometry" : {
				"type" : "Point",
				"coordinates" : [ 103.79930855587526, 1.2819865071533496 ]
			},
			"properties" : {
				"OBJECTID" : 34003,
				"POSTAL_CODE" : "119884",
				"HOUSE_BLK_NO" : "1A",
				"STREET_NAME" : "BERKSHIRE ROAD",
				"D_TYPE" : "Detached House",
				"NO_OF_UNITS" : 1,
				"INC_CRC" : "B786604AC33ED0EC",
				"FMEL_UPD_D" : "20241215232953"
			}
		},
		{
			"type" : "Feature",
			"geometry" : {
				"type" : "Point",
				"coordinates" : [ 103.79826624501395, 1.2818457268179628 ]
			},
			"properties" : {
				"OBJECTID" : 34004,
				"POSTAL_CODE" : "119886",
				"HOUSE_BLK_NO" : "3B",
				"STREET_NAME" : "BERKSHIRE ROAD",
				"D_TYPE" : "Detached House",
				"NO_OF_UNITS" : 1,
				"INC_CRC" : "332B8D89E5D0064B",
				"FMEL_UPD_D" : "20241215232953"
			}
		},
		{
			"type" : "Feature",
			"geometry" : {
				"type" : "Point",
				"coordinates" : [ 103.79985557261946, 1.321438041544553 ]
			},
			"properties" : {
				"OBJECTID" : 34005,
				"POSTAL_CODE" : "269825",
				"HOUSE_BLK_NO" : "45",
				"STREET_NAME" : "BIN TONG PARK",
				"D_TYPE" : "Detached House",
				"NO_OF_UNITS" : 1,
				"INC_CRC" : "962ECB7016462EB3",
				"FMEL_UPD_D" : "20241215232953"
			}
		},
		{
			"type" : "Feature",
			"geometry" : {
				"type" : "Point",
				"coordinates" : [ 103.79995524277523, 1.3212348249575823 ]
			},
			"properties" : {
				"OBJECTID" : 34006,
				"POSTAL_CODE" : "269826",
				"HOUSE_BLK_NO" : "47",
				"STREET_NAME" : "BIN TONG PARK",
				"D_TYPE" : "Detached House",
				"NO_OF_UNITS" : 1,
				"INC_CRC" : "2D8BCE40C44033A5",
				"FMEL_UPD_D" : "20241215232953"
			}
		},
		{
			"type" : "Feature",
			"geometry" : {
				"type" : "Point",
				"coordinates" : [ 103.80005036221819, 1.3209961816340643 ]
			},
			"properties" : {
				"OBJECTID" : 34007,
				"POSTAL_CODE" : "269827",
				"HOUSE_BLK_NO" : "49",
				"STREET_NAME" : "BIN TONG PARK",
				"D_TYPE" : "Detached House",
				"NO_OF_UNITS" : 1,
				"INC_CRC" : "A7E9668ECD6542E3",
				"FMEL_UPD_D" : "20241215232953"
			}
		},
		{
			"type" : "Feature",
			"geometry" : {
				"type" : "Point",
				"coordinates" : [ 103.8007817105945, 1.2829199095603216 ]
			},
			"properties" : {
				"OBJECTID" : 34008,
				"POSTAL_CODE" : "119820",
				"HOUSE_BLK_NO" : "2A",
				"STREET_NAME" : "BURY ROAD",
				"D_TYPE" : "Detached House",
				"NO_OF_UNITS" : 1,
				"INC_CRC" : "AABA03E35A710A23",
				"FMEL_UPD_D" : "20241215232953"
			}
		},
		{
			"type" : "Feature",
			"geometry" : {
				"type" : "Point",
				"coordinates" : [ 103.8008800807037, 1.2827162089817568 ]
			},
			"properties" : {
				"OBJECTID" : 34009,
				"POSTAL_CODE" : "119821",
				"HOUSE_BLK_NO" : "2B",
				"STREET_NAME" : "BURY ROAD",
				"D_TYPE" : "Detached House",
				"NO_OF_UNITS" : 1,
				"INC_CRC" : "17DEF307E5007960",
				"FMEL_UPD_D" : "20241215232953"
			}
		},
		{
			"type" : "Feature",
			"geometry" : {
				"type" : "Point",
				"coordinates" : [ 103.80123240023168, 1.2819413745051536 ]
			},
			"properties" : {
				"OBJECTID" : 34010,
				"POSTAL_CODE" : "119822",
				"HOUSE_BLK_NO" : "3A",
				"STREET_NAME" : "BURY ROAD",
				"D_TYPE" : "Detached House",
				"NO_OF_UNITS" : 1,
				"INC_CRC" : "FCF6D37131FBBB3E",
				"FMEL_UPD_D" : "20241215232953"
			}
		},
		{
			"type" : "Feature",
			"geometry" : {
				"type" : "Point",
				"coordinates" : [ 103.80133468691929, 1.2817438182093772 ]
			},
			"properties" : {
				"OBJECTID" : 34011,
				"POSTAL_CODE" : "119823",
				"HOUSE_BLK_NO" : "3B",
				"STREET_NAME" : "BURY ROAD",
				"D_TYPE" : "Detached House",
				"NO_OF_UNITS" : 1,
				"INC_CRC" : "0D20BEC4F2101E33",
				"FMEL_UPD_D" : "20241215232953"
			}
		},
		{
			"type" : "Feature",
			"geometry" : {
				"type" : "Point",
				"coordinates" : [ 103.80146883125985, 1.2814743553586647 ]
			},
			"properties" : {
				"OBJECTID" : 34012,
				"POSTAL_CODE" : "119824",
				"HOUSE_BLK_NO" : "4A",
				"STREET_NAME" : "BURY ROAD",
				"D_TYPE" : "Detached House",
				"NO_OF_UNITS" : 1,
				"INC_CRC" : "7E9AA090674E96C3",
				"FMEL_UPD_D" : "20241215232953"
			}
		},
		{
			"type" : "Feature",
			"geometry" : {
				"type" : "Point",
				"coordinates" : [ 103.80150459408456, 1.281175126817398 ]
			},
			"properties" : {
				"OBJECTID" : 34013,
				"POSTAL_CODE" : "119825",
				"HOUSE_BLK_NO" : "4B",
				"STREET_NAME" : "BURY ROAD",
				"D_TYPE" : "Detached House",
				"NO_OF_UNITS" : 1,
				"INC_CRC" : "3B69287A72DB47ED",
				"FMEL_UPD_D" : "20241215232953"
			}
		},
		{
			"type" : "Feature",
			"geometry" : {
				"type" : "Point",
				"coordinates" : [ 103.79627121750009, 1.284209510806173 ]
			},
			"properties" : {
				"OBJECTID" : 34014,
				"POSTAL_CODE" : "119796",
				"HOUSE_BLK_NO" : "1",
				"STREET_NAME" : "CANTERBURY ROAD",
				"D_TYPE" : "Detached House",
				"NO_OF_UNITS" : 1,
				"INC_CRC" : "029A22BB3214D861",
				"FMEL_UPD_D" : "20241215232953"
			}
		},
		{
			"type" : "Feature",
			"geometry" : {
				"type" : "Point",
				"coordinates" : [ 103.79686691112141, 1.2846027182211601 ]
			},
			"properties" : {
				"OBJECTID" : 34015,
				"POSTAL_CODE" : "119797",
				"HOUSE_BLK_NO" : "2",
				"STREET_NAME" : "CANTERBURY ROAD",
				"D_TYPE" : "Detached House",
				"NO_OF_UNITS" : 1,
				"INC_CRC" : "4E0594882F04FB1C",
				"FMEL_UPD_D" : "20241215232953"
			}
		},
		{
			"type" : "Feature",
			"geometry" : {
				"type" : "Point",
				"coordinates" : [ 103.79683729927687, 1.2840663237000316 ]
			},
			"properties" : {
				"OBJECTID" : 34016,
				"POSTAL_CODE" : "119798",
				"HOUSE_BLK_NO" : "3",
				"STREET_NAME" : "CANTERBURY ROAD",
				"D_TYPE" : "Detached House",
				"NO_OF_UNITS" : 1,
				"INC_CRC" : "249AC84CC57C6BBC",
				"FMEL_UPD_D" : "20241215232953"
			}
		},
		{
			"type" : "Feature",
			"geometry" : {
				"type" : "Point",
				"coordinates" : [ 103.79746732651702, 1.2841750517846908 ]
			},
			"properties" : {
				"OBJECTID" : 34017,
				"POSTAL_CODE" : "119799",
				"HOUSE_BLK_NO" : "4",
				"STREET_NAME" : "CANTERBURY ROAD",
				"D_TYPE" : "Detached House",
				"NO_OF_UNITS" : 1,
				"INC_CRC" : "86C003F365D66FC8",
				"FMEL_UPD_D" : "20241215232953"
			}
		},
		{
			"type" : "Feature",
			"geometry" : {
				"type" : "Point",
				"coordinates" : [ 103.79689155436411, 1.2809894630954888 ]
			},
			"properties" : {
				"OBJECTID" : 34018,
				"POSTAL_CODE" : "119800",
				"HOUSE_BLK_NO" : "5",
				"STREET_NAME" : "CANTERBURY ROAD",
				"D_TYPE" : "Detached House",
				"NO_OF_UNITS" : 1,
				"INC_CRC" : "DC715390A3F01F4A",
				"FMEL_UPD_D" : "20241215232953"
			}
		},
		{
			"type" : "Feature",
			"geometry" : {
				"type" : "Point",
				"coordinates" : [ 103.79744422956729, 1.280885115390794 ]
			},
			"properties" : {
				"OBJECTID" : 34019,
				"POSTAL_CODE" : "119801",
				"HOUSE_BLK_NO" : "6",
				"STREET_NAME" : "CANTERBURY ROAD",
				"D_TYPE" : "Detached House",
				"NO_OF_UNITS" : 1,
				"INC_CRC" : "C0503A77A8C595F8",
				"FMEL_UPD_D" : "20241215232953"
			}
		},
		{
			"type" : "Feature",
			"geometry" : {
				"type" : "Point",
				"coordinates" : [ 103.79789713249778, 1.2808068281623628 ]
			},
			"properties" : {
				"OBJECTID" : 34020,
				"POSTAL_CODE" : "119802",
				"HOUSE_BLK_NO" : "7",
				"STREET_NAME" : "CANTERBURY ROAD",
				"D_TYPE" : "Detached House",
				"NO_OF_UNITS" : 1,
				"INC_CRC" : "49396E41B199D348",
				"FMEL_UPD_D" : "20241215232953"
			}
		},
		{
			"type" : "Feature",
			"geometry" : {
				"type" : "Point",
				"coordinates" : [ 103.83970552301979, 1.3225801870885765 ]
			},
			"properties" : {
				"OBJECTID" : 34021,
				"POSTAL_CODE" : "309573",
				"HOUSE_BLK_NO" : "45",
				"STREET_NAME" : "CHANCERY LANE",
				"D_TYPE" : "Detached House",
				"NO_OF_UNITS" : 1,
				"INC_CRC" : "27D0C67E2D4E13C0",
				"FMEL_UPD_D" : "20241215232953"
			}
		},
		{
			"type" : "Feature",
			"geometry" : {
				"type" : "Point",
				"coordinates" : [ 103.84009305408907, 1.3227317982656588 ]
			},
			"properties" : {
				"OBJECTID" : 34022,
				"POSTAL_CODE" : "309575",
				"HOUSE_BLK_NO" : "47",
				"STREET_NAME" : "CHANCERY LANE",
				"D_TYPE" : "Detached House",
				"NO_OF_UNITS" : 1,
				"INC_CRC" : "393DDE9F0DC0C0F2",
				"FMEL_UPD_D" : "20241215232953"
			}
		},
		{
			"type" : "Feature",
			"geometry" : {
				"type" : "Point",
				"coordinates" : [ 103.98707973362023, 1.387005025438161 ]
			},
			"properties" : {
				"OBJECTID" : 34023,
				"POSTAL_CODE" : "506937",
				"HOUSE_BLK_NO" : "11",
				"STREET_NAME" : "CHANGI VILLAGE ROAD",
				"D_TYPE" : "Other Apartment nec",
				"NO_OF_UNITS" : 12,
				"INC_CRC" : "E248F4EC7605B7E5",
				"FMEL_UPD_D" : "20241215232953"
			}
		},
		{
			"type" : "Feature",
			"geometry" : {
				"type" : "Point",
				"coordinates" : [ 103.9867022062112, 1.3882355994853162 ]
			},
			"properties" : {
				"OBJECTID" : 34024,
				"POSTAL_CODE" : "509922",
				"HOUSE_BLK_NO" : "21",
				"STREET_NAME" : "CHANGI VILLAGE ROAD",
				"D_TYPE" : "Terrace House",
				"NO_OF_UNITS" : 6,
				"INC_CRC" : "9555709E91519DA4",
				"FMEL_UPD_D" : "20241215232953"
			}
		},
		{
			"type" : "Feature",
			"geometry" : {
				"type" : "Point",
				"coordinates" : [ 103.98668471778888, 1.388536584591424 ]
			},
			"properties" : {
				"OBJECTID" : 34025,
				"POSTAL_CODE" : "509923",
				"HOUSE_BLK_NO" : "23",
				"STREET_NAME" : "CHANGI VILLAGE ROAD",
				"D_TYPE" : "Terrace House",
				"NO_OF_UNITS" : 6,
				"INC_CRC" : "098E7A6AA0EE438C",
				"FMEL_UPD_D" : "20241215232953"
			}
		},
		{
			"type" : "Feature",
			"geometry" : {
				"type" : "Point",
				"coordinates" : [ 103.98658599551455, 1.3888647998790022 ]
			},
			"properties" : {
				"OBJECTID" : 34026,
				"POSTAL_CODE" : "509924",
				"HOUSE_BLK_NO" : "25",
				"STREET_NAME" : "CHANGI VILLAGE ROAD",
				"D_TYPE" : "Terrace House",
				"NO_OF_UNITS" : 6,
				"INC_CRC" : "F22451B34665565E",
				"FMEL_UPD_D" : "20241215232953"
			}
		},
		{
			"type" : "Feature",
			"geometry" : {
				"type" : "Point",
				"coordinates" : [ 103.98649280630558, 1.3891738875708426 ]
			},
			"properties" : {
				"OBJECTID" : 34027,
				"POSTAL_CODE" : "509925",
				"HOUSE_BLK_NO" : "27",
				"STREET_NAME" : "CHANGI VILLAGE ROAD",
				"D_TYPE" : "Terrace House",
				"NO_OF_UNITS" : 6,
				"INC_CRC" : "9EAE7EC2DECA083E",
				"FMEL_UPD_D" : "20241215232953"
			}
		},
		{
			"type" : "Feature",
			"geometry" : {
				"type" : "Point",
				"coordinates" : [ 103.98637338371489, 1.3894771139994204 ]
			},
			"properties" : {
				"OBJECTID" : 34028,
				"POSTAL_CODE" : "509926",
				"HOUSE_BLK_NO" : "29",
				"STREET_NAME" : "CHANGI VILLAGE ROAD",
				"D_TYPE" : "Terrace House",
				"NO_OF_UNITS" : 6,
				"INC_CRC" : "CA1AAE0310751A35",
				"FMEL_UPD_D" : "20241215232953"
			}
		},
		{
			"type" : "Feature",
			"geometry" : {
				"type" : "Point",
				"coordinates" : [ 103.9862871076534, 1.389793299565155 ]
			},
			"properties" : {
				"OBJECTID" : 34029,
				"POSTAL_CODE" : "506936",
				"HOUSE_BLK_NO" : "31",
				"STREET_NAME" : "CHANGI VILLAGE ROAD",
				"D_TYPE" : "Terrace House",
				"NO_OF_UNITS" : 6,
				"INC_CRC" : "700B9917E8E8D64B",
				"FMEL_UPD_D" : "20241215232953"
			}
		},
		{
			"type" : "Feature",
			"geometry" : {
				"type" : "Point",
				"coordinates" : [ 103.98592765125294, 1.3870389335154472 ]
			},
			"properties" : {
				"OBJECTID" : 34030,
				"POSTAL_CODE" : "506938",
				"HOUSE_BLK_NO" : "13",
				"STREET_NAME" : "CHANGI VILLAGE ROAD",
				"D_TYPE" : "Other Apartment nec",
				"NO_OF_UNITS" : 18,
				"INC_CRC" : "492820A7C8C9DC79",
				"FMEL_UPD_D" : "20241215232953"
			}
		},
		{
			"type" : "Feature",
			"geometry" : {
				"type" : "Point",
				"coordinates" : [ 103.98651416238683, 1.3871579716840015 ]
			},
			"properties" : {
				"OBJECTID" : 34031,
				"POSTAL_CODE" : "506939",
				"HOUSE_BLK_NO" : "15",
				"STREET_NAME" : "CHANGI VILLAGE ROAD",
				"D_TYPE" : "Other Apartment nec",
				"NO_OF_UNITS" : 18,
				"INC_CRC" : "967EBAAAE04BB36A",
				"FMEL_UPD_D" : "20241215232953"
			}
		},
		{
			"type" : "Feature",
			"geometry" : {
				"type" : "Point",
				"coordinates" : [ 103.79975693512847, 1.282297686941161 ]
			},
			"properties" : {
				"OBJECTID" : 34032,
				"POSTAL_CODE" : "119663",
				"HOUSE_BLK_NO" : "1",
				"STREET_NAME" : "CORNWALL ROAD",
				"D_TYPE" : "Detached House",
				"NO_OF_UNITS" : 1,
				"INC_CRC" : "3C32D51A797DF65E",
				"FMEL_UPD_D" : "20241215232953"
			}
		},
		{
			"type" : "Feature",
			"geometry" : {
				"type" : "Point",
				"coordinates" : [ 103.80070196618455, 1.2820672698058078 ]
			},
			"properties" : {
				"OBJECTID" : 34033,
				"POSTAL_CODE" : "119664",
				"HOUSE_BLK_NO" : "2",
				"STREET_NAME" : "CORNWALL ROAD",
				"D_TYPE" : "Detached House",
				"NO_OF_UNITS" : 1,
				"INC_CRC" : "5DC806C7DCE7C668",
				"FMEL_UPD_D" : "20241215232953"
			}
		},
		{
			"type" : "Feature",
			"geometry" : {
				"type" : "Point",
				"coordinates" : [ 103.80107171305788, 1.281345424111824 ]
			},
			"properties" : {
				"OBJECTID" : 34034,
				"POSTAL_CODE" : "119665",
				"HOUSE_BLK_NO" : "3",
				"STREET_NAME" : "CORNWALL ROAD",
				"D_TYPE" : "Detached House",
				"NO_OF_UNITS" : 1,
				"INC_CRC" : "A882A2DE536C28E3",
				"FMEL_UPD_D" : "20241215232953"
			}
		},
		{
			"type" : "Feature",
			"geometry" : {
				"type" : "Point",
				"coordinates" : [ 103.8009291229511, 1.280857652245744 ]
			},
			"properties" : {
				"OBJECTID" : 34035,
				"POSTAL_CODE" : "119666",
				"HOUSE_BLK_NO" : "4",
				"STREET_NAME" : "CORNWALL ROAD",
				"D_TYPE" : "Detached House",
				"NO_OF_UNITS" : 1,
				"INC_CRC" : "B51590014EFD0269",
				"FMEL_UPD_D" : "20241215232953"
			}
		},
		{
			"type" : "Feature",
			"geometry" : {
				"type" : "Point",
				"coordinates" : [ 103.79989762730206, 1.2802268652735806 ]
			},
			"properties" : {
				"OBJECTID" : 34036,
				"POSTAL_CODE" : "119667",
				"HOUSE_BLK_NO" : "5",
				"STREET_NAME" : "CORNWALL ROAD",
				"D_TYPE" : "Detached House",
				"NO_OF_UNITS" : 1,
				"INC_CRC" : "BC647A67225F97D7",
				"FMEL_UPD_D" : "20241215232953"
			}
		},
		{
			"type" : "Feature",
			"geometry" : {
				"type" : "Point",
				"coordinates" : [ 103.80017620707584, 1.281083725611541 ]
			},
			"properties" : {
				"OBJECTID" : 34037,
				"POSTAL_CODE" : "119668",
				"HOUSE_BLK_NO" : "6",
				"STREET_NAME" : "CORNWALL ROAD",
				"D_TYPE" : "Detached House",
				"NO_OF_UNITS" : 1,
				"INC_CRC" : "ACDF0565501CA26E",
				"FMEL_UPD_D" : "20241215232953"
			}
		},
		{
			"type" : "Feature",
			"geometry" : {
				"type" : "Point",
				"coordinates" : [ 103.80023579777969, 1.2816011623155892 ]
			},
			"properties" : {
				"OBJECTID" : 34038,
				"POSTAL_CODE" : "119670",
				"HOUSE_BLK_NO" : "7B",
				"STREET_NAME" : "CORNWALL ROAD",
				"D_TYPE" : "Detached House",
				"NO_OF_UNITS" : 1,
				"INC_CRC" : "BD60DE270970471D",
				"FMEL_UPD_D" : "20241215232953"
			}
		},
		{
			"type" : "Feature",
			"geometry" : {
				"type" : "Point",
				"coordinates" : [ 103.81968865794431, 1.3164530093957139 ]
			},
			"properties" : {
				"OBJECTID" : 34039,
				"POSTAL_CODE" : "259523",
				"HOUSE_BLK_NO" : "5",
				"STREET_NAME" : "DALVEY ESTATE",
				"D_TYPE" : "Detached House",
				"NO_OF_UNITS" : 1,
				"INC_CRC" : "71F7BFAA50975FF6",
				"FMEL_UPD_D" : "20241215232953"
			}
		},
		{
			"type" : "Feature",
			"geometry" : {
				"type" : "Point",
				"coordinates" : [ 103.82152684220341, 1.3181865909274284 ]
			},
			"properties" : {
				"OBJECTID" : 34040,
				"POSTAL_CODE" : "259538",
				"HOUSE_BLK_NO" : "12",
				"STREET_NAME" : "DALVEY ESTATE",
				"D_TYPE" : "Detached House",
				"NO_OF_UNITS" : 1,
				"INC_CRC" : "966020BA84FE469C",
				"FMEL_UPD_D" : "20241215232953"
			}
		},
		{
			"type" : "Feature",
			"geometry" : {
				"type" : "Point",
				"coordinates" : [ 103.821254033769, 1.3204475590967855 ]
			},
			"properties" : {
				"OBJECTID" : 34041,
				"POSTAL_CODE" : "259542",
				"HOUSE_BLK_NO" : "19",
				"STREET_NAME" : "DALVEY ESTATE",
				"D_TYPE" : "Detached House",
				"NO_OF_UNITS" : 1,
				"INC_CRC" : "708044E7336AF350",
				"FMEL_UPD_D" : "20241215232953"
			}
		},
		{
			"type" : "Feature",
			"geometry" : {
				"type" : "Point",
				"coordinates" : [ 103.82217551178135, 1.3131570349271764 ]
			},
			"properties" : {
				"OBJECTID" : 34042,
				"POSTAL_CODE" : "259460",
				"HOUSE_BLK_NO" : "56",
				"STREET_NAME" : "DALVEY ROAD",
				"D_TYPE" : "Detached House",
				"NO_OF_UNITS" : 1,
				"INC_CRC" : "880461B29A3D6F32",
				"FMEL_UPD_D" : "20241215232953"
			}
		},
		{
			"type" : "Feature",
			"geometry" : {
				"type" : "Point",
				"coordinates" : [ 103.79896658863274, 1.3345920652095047 ]
			},
			"properties" : {
				"OBJECTID" : 34043,
				"POSTAL_CODE" : "289547",
				"HOUSE_BLK_NO" : "72",
				"STREET_NAME" : "ENG NEO AVENUE",
				"D_TYPE" : "Detached House",
				"NO_OF_UNITS" : 1,
				"INC_CRC" : "49B3AB3790C46F5D",
				"FMEL_UPD_D" : "20241215232953"
			}
		},
		{
			"type" : "Feature",
			"geometry" : {
				"type" : "Point",
				"coordinates" : [ 103.79924057411348, 1.3347151855970187 ]
			},
			"properties" : {
				"OBJECTID" : 34044,
				"POSTAL_CODE" : "289548",
				"HOUSE_BLK_NO" : "74",
				"STREET_NAME" : "ENG NEO AVENUE",
				"D_TYPE" : "Detached House",
				"NO_OF_UNITS" : 1,
				"INC_CRC" : "9FD8BD3CBCA3A3DB",
				"FMEL_UPD_D" : "20241215232953"
			}
		},
		{
			"type" : "Feature",
			"geometry" : {
				"type" : "Point",
				"coordinates" : [ 103.79952160803558, 1.3346972306331035 ]
			},
			"properties" : {
				"OBJECTID" : 34045,
				"POSTAL_CODE" : "289549",
				"HOUSE_BLK_NO" : "76",
				"STREET_NAME" : "ENG NEO AVENUE",
				"D_TYPE" : "Detached House",
				"NO_OF_UNITS" : 1,
				"INC_CRC" : "38D694647E81076C",
				"FMEL_UPD_D" : "20241215232953"
			}
		},
		{
			"type" : "Feature",
			"geometry" : {
				"type" : "Point",
				"coordinates" : [ 103.799794996225, 1.3346722992649211 ]
			},
			"properties" : {
				"OBJECTID" : 34046,
				"POSTAL_CODE" : "289550",
				"HOUSE_BLK_NO" : "78",
				"STREET_NAME" : "ENG NEO AVENUE",
				"D_TYPE" : "Detached House",
				"NO_OF_UNITS" : 1,
				"INC_CRC" : "469B03FAAFFA0684",
				"FMEL_UPD_D" : "20241215232953"
			}
		},
		{
			"type" : "Feature",
			"geometry" : {
				"type" : "Point",
				"coordinates" : [ 103.79833201130373, 1.3107362708352626 ]
			},
			"properties" : {
				"OBJECTID" : 34047,
				"POSTAL_CODE" : "278230",
				"HOUSE_BLK_NO" : "37",
				"STREET_NAME" : "JALAN KELABU ASAP",
				"D_TYPE" : "Terrace House",
				"NO_OF_UNITS" : 1,
				"INC_CRC" : "034A7D72DF85D32A",
				"FMEL_UPD_D" : "20241215232953"
			}
		},
		{
			"type" : "Feature",
			"geometry" : {
				"type" : "Point",
				"coordinates" : [ 103.79795544703548, 1.3108998252659458 ]
			},
			"properties" : {
				"OBJECTID" : 34048,
				"POSTAL_CODE" : "278231",
				"HOUSE_BLK_NO" : "38",
				"STREET_NAME" : "JALAN KELABU ASAP",
				"D_TYPE" : "Terrace House",
				"NO_OF_UNITS" : 1,
				"INC_CRC" : "DB2838A946A45311",
				"FMEL_UPD_D" : "20241215232953"
			}
		},
		{
			"type" : "Feature",
			"geometry" : {
				"type" : "Point",
				"coordinates" : [ 103.79779645971067, 1.3108299309950087 ]
			},
			"properties" : {
				"OBJECTID" : 34049,
				"POSTAL_CODE" : "278235",
				"HOUSE_BLK_NO" : "42",
				"STREET_NAME" : "JALAN KELABU ASAP",
				"D_TYPE" : "Terrace House",
				"NO_OF_UNITS" : 1,
				"INC_CRC" : "B59663E511C199CC",
				"FMEL_UPD_D" : "20241215232953"
			}
		},
		{
			"type" : "Feature",
			"geometry" : {
				"type" : "Point",
				"coordinates" : [ 103.79810816561094, 1.3106184172188573 ]
			},
			"properties" : {
				"OBJECTID" : 34050,
				"POSTAL_CODE" : "278236",
				"HOUSE_BLK_NO" : "43",
				"STREET_NAME" : "JALAN KELABU ASAP",
				"D_TYPE" : "Terrace House",
				"NO_OF_UNITS" : 1,
				"INC_CRC" : "8D0D99AB5A5C6DBB",
				"FMEL_UPD_D" : "20241215232953"
			}
		},
		{
			"type" : "Feature",
			"geometry" : {
				"type" : "Point",
				"coordinates" : [ 103.7977514261645, 1.3108358268083589 ]
			},
			"properties" : {
				"OBJECTID" : 34051,
				"POSTAL_CODE" : "278237",
				"HOUSE_BLK_NO" : "44",
				"STREET_NAME" : "JALAN KELABU ASAP",
				"D_TYPE" : "Terrace House",
				"NO_OF_UNITS" : 1,
				"INC_CRC" : "5F7ED458455DD8E1",
				"FMEL_UPD_D" : "20241215232953"
			}
		},
		{
			"type" : "Feature",
			"geometry" : {
				"type" : "Point",
				"coordinates" : [ 103.79806592588886, 1.3106077216054661 ]
			},
			"properties" : {
				"OBJECTID" : 34052,
				"POSTAL_CODE" : "278238",
				"HOUSE_BLK_NO" : "45",
				"STREET_NAME" : "JALAN KELABU ASAP",
				"D_TYPE" : "Terrace House",
				"NO_OF_UNITS" : 1,
				"INC_CRC" : "FFB62B363E9FC4E7",
				"FMEL_UPD_D" : "20241215232953"
			}
		},
		{
			"type" : "Feature",
			"geometry" : {
				"type" : "Point",
				"coordinates" : [ 103.79768752380035, 1.3107918918640422 ]
			},
			"properties" : {
				"OBJECTID" : 34053,
				"POSTAL_CODE" : "278239",
				"HOUSE_BLK_NO" : "46",
				"STREET_NAME" : "JALAN KELABU ASAP",
				"D_TYPE" : "Terrace House",
				"NO_OF_UNITS" : 1,
				"INC_CRC" : "8A8153F7DF2B060F",
				"FMEL_UPD_D" : "20241215232953"
			}
		},
		{
			"type" : "Feature",
			"geometry" : {
				"type" : "Point",
				"coordinates" : [ 103.79800092096292, 1.3105668298402244 ]
			},
			"properties" : {
				"OBJECTID" : 34054,
				"POSTAL_CODE" : "278240",
				"HOUSE_BLK_NO" : "47",
				"STREET_NAME" : "JALAN KELABU ASAP",
				"D_TYPE" : "Terrace House",
				"NO_OF_UNITS" : 1,
				"INC_CRC" : "FFB57E98351084CF",
				"FMEL_UPD_D" : "20241215232953"
			}
		},
		{
			"type" : "Feature",
			"geometry" : {
				"type" : "Point",
				"coordinates" : [ 103.79763715464577, 1.310799685860092 ]
			},
			"properties" : {
				"OBJECTID" : 34055,
				"POSTAL_CODE" : "278241",
				"HOUSE_BLK_NO" : "48",
				"STREET_NAME" : "JALAN KELABU ASAP",
				"D_TYPE" : "Terrace House",
				"NO_OF_UNITS" : 1,
				"INC_CRC" : "FF24AF47C3CAB084",
				"FMEL_UPD_D" : "20241215232953"
			}
		},
		{
			"type" : "Feature",
			"geometry" : {
				"type" : "Point",
				"coordinates" : [ 103.7979533841654, 1.310565604655356 ]
			},
			"properties" : {
				"OBJECTID" : 34056,
				"POSTAL_CODE" : "278242",
				"HOUSE_BLK_NO" : "49",
				"STREET_NAME" : "JALAN KELABU ASAP",
				"D_TYPE" : "Terrace House",
				"NO_OF_UNITS" : 1,
				"INC_CRC" : "FCEB9825D368C494",
				"FMEL_UPD_D" : "20241215232953"
			}
		},
		{
			"type" : "Feature",
			"geometry" : {
				"type" : "Point",
				"coordinates" : [ 103.7975710220154, 1.3107607863826627 ]
			},
			"properties" : {
				"OBJECTID" : 34057,
				"POSTAL_CODE" : "278243",
				"HOUSE_BLK_NO" : "50",
				"STREET_NAME" : "JALAN KELABU ASAP",
				"D_TYPE" : "Terrace House",
				"NO_OF_UNITS" : 1,
				"INC_CRC" : "1845701B0C9A8C5E",
				"FMEL_UPD_D" : "20241215232953"
			}
		},
		{
			"type" : "Feature",
			"geometry" : {
				"type" : "Point",
				"coordinates" : [ 103.79788886896844, 1.310523500141349 ]
			},
			"properties" : {
				"OBJECTID" : 34058,
				"POSTAL_CODE" : "278244",
				"HOUSE_BLK_NO" : "51",
				"STREET_NAME" : "JALAN KELABU ASAP",
				"D_TYPE" : "Terrace House",
				"NO_OF_UNITS" : 1,
				"INC_CRC" : "5154CB6867B18DEE",
				"FMEL_UPD_D" : "20241215232953"
			}
		},
		{
			"type" : "Feature",
			"geometry" : {
				"type" : "Point",
				"coordinates" : [ 103.79783566587444, 1.3105258326437095 ]
			},
			"properties" : {
				"OBJECTID" : 34059,
				"POSTAL_CODE" : "278246",
				"HOUSE_BLK_NO" : "53",
				"STREET_NAME" : "JALAN KELABU ASAP",
				"D_TYPE" : "Terrace House",
				"NO_OF_UNITS" : 1,
				"INC_CRC" : "BE2A2A97D2BC5EF3",
				"FMEL_UPD_D" : "20241215232953"
			}
		},
		{
			"type" : "Feature",
			"geometry" : {
				"type" : "Point",
				"coordinates" : [ 103.79744882874361, 1.3107354922604204 ]
			},
			"properties" : {
				"OBJECTID" : 34060,
				"POSTAL_CODE" : "278247",
				"HOUSE_BLK_NO" : "54",
				"STREET_NAME" : "JALAN KELABU ASAP",
				"D_TYPE" : "Terrace House",
				"NO_OF_UNITS" : 1,
				"INC_CRC" : "401311F3AB9B00EB",
				"FMEL_UPD_D" : "20241215232953"
			}
		},
		{
			"type" : "Feature",
			"geometry" : {
				"type" : "Point",
				"coordinates" : [ 103.79777127466498, 1.3104848106528597 ]
			},
			"properties" : {
				"OBJECTID" : 34061,
				"POSTAL_CODE" : "278248",
				"HOUSE_BLK_NO" : "55",
				"STREET_NAME" : "JALAN KELABU ASAP",
				"D_TYPE" : "Terrace House",
				"NO_OF_UNITS" : 1,
				"INC_CRC" : "10D4DBC4EDF7AACC",
				"FMEL_UPD_D" : "20241215232953"
			}
		},
		{
			"type" : "Feature",
			"geometry" : {
				"type" : "Point",
				"coordinates" : [ 103.79739563092592, 1.3107455670181931 ]
			},
			"properties" : {
				"OBJECTID" : 34062,
				"POSTAL_CODE" : "278249",
				"HOUSE_BLK_NO" : "56",
				"STREET_NAME" : "JALAN KELABU ASAP",
				"D_TYPE" : "Terrace House",
				"NO_OF_UNITS" : 1,
				"INC_CRC" : "B43D4D96FE56DA20",
				"FMEL_UPD_D" : "20241215232953"
			}
		},
		{
			"type" : "Feature",
			"geometry" : {
				"type" : "Point",
				"coordinates" : [ 103.79771938704074, 1.3104875754578043 ]
			},
			"properties" : {
				"OBJECTID" : 34063,
				"POSTAL_CODE" : "278250",
				"HOUSE_BLK_NO" : "57",
				"STREET_NAME" : "JALAN KELABU ASAP",
				"D_TYPE" : "Terrace House",
				"NO_OF_UNITS" : 1,
				"INC_CRC" : "6539E69372F70D72",
				"FMEL_UPD_D" : "20241215232953"
			}
		},
		{
			"type" : "Feature",
			"geometry" : {
				"type" : "Point",
				"coordinates" : [ 103.79726328716055, 1.310691779830945 ]
			},
			"properties" : {
				"OBJECTID" : 34064,
				"POSTAL_CODE" : "278251",
				"HOUSE_BLK_NO" : "58",
				"STREET_NAME" : "JALAN KELABU ASAP",
				"D_TYPE" : "Terrace House",
				"NO_OF_UNITS" : 1,
				"INC_CRC" : "61D3CF6E915E8D04",
				"FMEL_UPD_D" : "20241215232953"
			}
		},
		{
			"type" : "Feature",
			"geometry" : {
				"type" : "Point",
				"coordinates" : [ 103.79720798846272, 1.3107069994841605 ]
			},
			"properties" : {
				"OBJECTID" : 34065,
				"POSTAL_CODE" : "278253",
				"HOUSE_BLK_NO" : "60",
				"STREET_NAME" : "JALAN KELABU ASAP",
				"D_TYPE" : "Terrace House",
				"NO_OF_UNITS" : 1,
				"INC_CRC" : "A26C9FFEE85640D1",
				"FMEL_UPD_D" : "20241215232953"
			}
		},
		{
			"type" : "Feature",
			"geometry" : {
				"type" : "Point",
				"coordinates" : [ 103.79761108279187, 1.3104519428469332 ]
			},
			"properties" : {
				"OBJECTID" : 34066,
				"POSTAL_CODE" : "278254",
				"HOUSE_BLK_NO" : "61",
				"STREET_NAME" : "JALAN KELABU ASAP",
				"D_TYPE" : "Terrace House",
				"NO_OF_UNITS" : 1,
				"INC_CRC" : "DDF4AE087A809732",
				"FMEL_UPD_D" : "20241215232953"
			}
		},
		{
			"type" : "Feature",
			"geometry" : {
				"type" : "Point",
				"coordinates" : [ 103.79714849913888, 1.3107079011757385 ]
			},
			"properties" : {
				"OBJECTID" : 34067,
				"POSTAL_CODE" : "278255",
				"HOUSE_BLK_NO" : "62",
				"STREET_NAME" : "JALAN KELABU ASAP",
				"D_TYPE" : "Terrace House",
				"NO_OF_UNITS" : 1,
				"INC_CRC" : "B7709920AF009666",
				"FMEL_UPD_D" : "20241215232953"
			}
		},
		{
			"type" : "Feature",
			"geometry" : {
				"type" : "Point",
				"coordinates" : [ 103.79748340618282, 1.310392181506318 ]
			},
			"properties" : {
				"OBJECTID" : 34068,
				"POSTAL_CODE" : "278256",
				"HOUSE_BLK_NO" : "63",
				"STREET_NAME" : "JALAN KELABU ASAP",
				"D_TYPE" : "Terrace House",
				"NO_OF_UNITS" : 1,
				"INC_CRC" : "6B5F620C472C24BF",
				"FMEL_UPD_D" : "20241215232953"
			}
		},
		{
			"type" : "Feature",
			"geometry" : {
				"type" : "Point",
				"coordinates" : [ 103.79708810138499, 1.310708622884119 ]
			},
			"properties" : {
				"OBJECTID" : 34069,
				"POSTAL_CODE" : "278257",
				"HOUSE_BLK_NO" : "64",
				"STREET_NAME" : "JALAN KELABU ASAP",
				"D_TYPE" : "Terrace House",
				"NO_OF_UNITS" : 1,
				"INC_CRC" : "0C51F36D0A2AB6D7",
				"FMEL_UPD_D" : "20241215232953"
			}
		},
		{
			"type" : "Feature",
			"geometry" : {
				"type" : "Point",
				"coordinates" : [ 103.79702075695377, 1.3107091934608053 ]
			},
			"properties" : {
				"OBJECTID" : 34070,
				"POSTAL_CODE" : "278259",
				"HOUSE_BLK_NO" : "66",
				"STREET_NAME" : "JALAN KELABU ASAP",
				"D_TYPE" : "Terrace House",
				"NO_OF_UNITS" : 1,
				"INC_CRC" : "A557E218A1A830C4",
				"FMEL_UPD_D" : "20241215232953"
			}
		},
		{
			"type" : "Feature",
			"geometry" : {
				"type" : "Point",
				"coordinates" : [ 103.79736209966705, 1.3103760106225992 ]
			},
			"properties" : {
				"OBJECTID" : 34071,
				"POSTAL_CODE" : "278260",
				"HOUSE_BLK_NO" : "67",
				"STREET_NAME" : "JALAN KELABU ASAP",
				"D_TYPE" : "Terrace House",
				"NO_OF_UNITS" : 1,
				"INC_CRC" : "931DD419EB4C80F2",
				"FMEL_UPD_D" : "20241215232953"
			}
		},
		{
			"type" : "Feature",
			"geometry" : {
				"type" : "Point",
				"coordinates" : [ 103.81995097502573, 1.3180551172271306 ]
			},
			"properties" : {
				"OBJECTID" : 34072,
				"POSTAL_CODE" : "259365",
				"HOUSE_BLK_NO" : "20",
				"STREET_NAME" : "EVANS ROAD",
				"D_TYPE" : "Detached House",
				"NO_OF_UNITS" : 1,
				"INC_CRC" : "AEF56B9F9BA76094",
				"FMEL_UPD_D" : "20241215232954"
			}
		},
		{
			"type" : "Feature",
			"geometry" : {
				"type" : "Point",
				"coordinates" : [ 103.79555777852296, 1.327228899879713 ]
			},
			"properties" : {
				"OBJECTID" : 34073,
				"POSTAL_CODE" : "268794",
				"HOUSE_BLK_NO" : "31",
				"STREET_NAME" : "FIFTH AVENUE",
				"D_TYPE" : "Detached House",
				"NO_OF_UNITS" : 1,
				"INC_CRC" : "B4BE08DBF8BDCDED",
				"FMEL_UPD_D" : "20241215232954"
			}
		},
		{
			"type" : "Feature",
			"geometry" : {
				"type" : "Point",
				"coordinates" : [ 103.98143566996323, 1.3888786233497825 ]
			},
			"properties" : {
				"OBJECTID" : 34074,
				"POSTAL_CODE" : "509684",
				"HOUSE_BLK_NO" : "51",
				"STREET_NAME" : "HALTON ROAD",
				"D_TYPE" : "Terrace House",
				"NO_OF_UNITS" : 7,
				"INC_CRC" : "13A054AB78E868EE",
				"FMEL_UPD_D" : "20241215232954"
			}
		},
		{
			"type" : "Feature",
			"geometry" : {
				"type" : "Point",
				"coordinates" : [ 103.9814141147938, 1.390549622658215 ]
			},
			"properties" : {
				"OBJECTID" : 34075,
				"POSTAL_CODE" : "509688",
				"HOUSE_BLK_NO" : "564",
				"STREET_NAME" : "HALTON ROAD",
				"D_TYPE" : "Semi-Detached House",
				"NO_OF_UNITS" : 1,
				"INC_CRC" : "17B582EA8673BC79",
				"FMEL_UPD_D" : "20241215232954"
			}
		},
		{
			"type" : "Feature",
			"geometry" : {
				"type" : "Point",
				"coordinates" : [ 103.98140324692208, 1.3893729862518924 ]
			},
			"properties" : {
				"OBJECTID" : 34076,
				"POSTAL_CODE" : "509690",
				"HOUSE_BLK_NO" : "590",
				"STREET_NAME" : "HALTON ROAD",
				"D_TYPE" : "Semi-Detached House",
				"NO_OF_UNITS" : 1,
				"INC_CRC" : "9F34EADB4A807A63",
				"FMEL_UPD_D" : "20241215232954"
			}
		},
		{
			"type" : "Feature",
			"geometry" : {
				"type" : "Point",
				"coordinates" : [ 103.98072497329504, 1.3883609601938087 ]
			},
			"properties" : {
				"OBJECTID" : 34077,
				"POSTAL_CODE" : "506871",
				"HOUSE_BLK_NO" : "560A",
				"STREET_NAME" : "HALTON ROAD",
				"D_TYPE" : "Semi-Detached House",
				"NO_OF_UNITS" : 1,
				"INC_CRC" : "96DD6B0BF52E22DC",
				"FMEL_UPD_D" : "20241215232954"
			}
		},
		{
			"type" : "Feature",
			"geometry" : {
				"type" : "Point",
				"coordinates" : [ 103.9810832191762, 1.3885423082209725 ]
			},
			"properties" : {
				"OBJECTID" : 34078,
				"POSTAL_CODE" : "506872",
				"HOUSE_BLK_NO" : "561A",
				"STREET_NAME" : "HALTON ROAD",
				"D_TYPE" : "Semi-Detached House",
				"NO_OF_UNITS" : 1,
				"INC_CRC" : "992C0D46B57C33B7",
				"FMEL_UPD_D" : "20241215232954"
			}
		},
		{
			"type" : "Feature",
			"geometry" : {
				"type" : "Point",
				"coordinates" : [ 103.98192329473426, 1.3887611404643456 ]
			},
			"properties" : {
				"OBJECTID" : 34079,
				"POSTAL_CODE" : "506874",
				"HOUSE_BLK_NO" : "563A",
				"STREET_NAME" : "HALTON ROAD",
				"D_TYPE" : "Semi-Detached House",
				"NO_OF_UNITS" : 1,
				"INC_CRC" : "CFCE9F9497374B24",
				"FMEL_UPD_D" : "20241215232954"
			}
		},
		{
			"type" : "Feature",
			"geometry" : {
				"type" : "Point",
				"coordinates" : [ 103.98136772727011, 1.3906012148644482 ]
			},
			"properties" : {
				"OBJECTID" : 34080,
				"POSTAL_CODE" : "506875",
				"HOUSE_BLK_NO" : "564A",
				"STREET_NAME" : "HALTON ROAD",
				"D_TYPE" : "Semi-Detached House",
				"NO_OF_UNITS" : 1,
				"INC_CRC" : "833D3B87247B8536",
				"FMEL_UPD_D" : "20241215232954"
			}
		},
		{
			"type" : "Feature",
			"geometry" : {
				"type" : "Point",
				"coordinates" : [ 103.98136494599623, 1.3892706629212563 ]
			},
			"properties" : {
				"OBJECTID" : 34081,
				"POSTAL_CODE" : "506876",
				"HOUSE_BLK_NO" : "590A",
				"STREET_NAME" : "HALTON ROAD",
				"D_TYPE" : "Semi-Detached House",
				"NO_OF_UNITS" : 1,
				"INC_CRC" : "687B2A24089779C4",
				"FMEL_UPD_D" : "20241215232954"
			}
		},
		{
			"type" : "Feature",
			"geometry" : {
				"type" : "Point",
				"coordinates" : [ 103.98029861999042, 1.3882808849197874 ]
			},
			"properties" : {
				"OBJECTID" : 34082,
				"POSTAL_CODE" : "506877",
				"HOUSE_BLK_NO" : "591A",
				"STREET_NAME" : "HALTON ROAD",
				"D_TYPE" : "Semi-Detached House",
				"NO_OF_UNITS" : 1,
				"INC_CRC" : "090F7DC0C99050A3",
				"FMEL_UPD_D" : "20241215232954"
			}
		},
		{
			"type" : "Feature",
			"geometry" : {
				"type" : "Point",
				"coordinates" : [ 103.9804565597773, 1.3880058995067992 ]
			},
			"properties" : {
				"OBJECTID" : 34083,
				"POSTAL_CODE" : "506878",
				"HOUSE_BLK_NO" : "592A",
				"STREET_NAME" : "HALTON ROAD",
				"D_TYPE" : "Semi-Detached House",
				"NO_OF_UNITS" : 1,
				"INC_CRC" : "6F8BBDCF54AF9308",
				"FMEL_UPD_D" : "20241215232954"
			}
		},
		{
			"type" : "Feature",
			"geometry" : {
				"type" : "Point",
				"coordinates" : [ 103.98085897186252, 1.3880930727819103 ]
			},
			"properties" : {
				"OBJECTID" : 34084,
				"POSTAL_CODE" : "506879",
				"HOUSE_BLK_NO" : "593A",
				"STREET_NAME" : "HALTON ROAD",
				"D_TYPE" : "Semi-Detached House",
				"NO_OF_UNITS" : 1,
				"INC_CRC" : "45EF6539FCD243B8",
				"FMEL_UPD_D" : "20241215232954"
			}
		},
		{
			"type" : "Feature",
			"geometry" : {
				"type" : "Point",
				"coordinates" : [ 103.98121505539073, 1.3882977317405487 ]
			},
			"properties" : {
				"OBJECTID" : 34085,
				"POSTAL_CODE" : "506880",
				"HOUSE_BLK_NO" : "594A",
				"STREET_NAME" : "HALTON ROAD",
				"D_TYPE" : "Semi-Detached House",
				"NO_OF_UNITS" : 1,
				"INC_CRC" : "1AE87FE751FA4CCC",
				"FMEL_UPD_D" : "20241215232954"
			}
		},
		{
			"type" : "Feature",
			"geometry" : {
				"type" : "Point",
				"coordinates" : [ 103.98140890419843, 1.3897169053777685 ]
			},
			"properties" : {
				"OBJECTID" : 34086,
				"POSTAL_CODE" : "509707",
				"HOUSE_BLK_NO" : "50",
				"STREET_NAME" : "HALTON ROAD",
				"D_TYPE" : "Detached House",
				"NO_OF_UNITS" : 1,
				"INC_CRC" : "207B697E01B0CC34",
				"FMEL_UPD_D" : "20241215232954"
			}
		},
		{
			"type" : "Feature",
			"geometry" : {
				"type" : "Point",
				"coordinates" : [ 103.98061706034461, 1.3883244208226386 ]
			},
			"properties" : {
				"OBJECTID" : 34087,
				"POSTAL_CODE" : "509694",
				"HOUSE_BLK_NO" : "560",
				"STREET_NAME" : "HALTON ROAD",
				"D_TYPE" : "Semi-Detached House",
				"NO_OF_UNITS" : 1,
				"INC_CRC" : "A83C971916725957",
				"FMEL_UPD_D" : "20241215232954"
			}
		},
		{
			"type" : "Feature",
			"geometry" : {
				"type" : "Point",
				"coordinates" : [ 103.98098984995427, 1.388481875637206 ]
			},
			"properties" : {
				"OBJECTID" : 34088,
				"POSTAL_CODE" : "509696",
				"HOUSE_BLK_NO" : "561",
				"STREET_NAME" : "HALTON ROAD",
				"D_TYPE" : "Semi-Detached House",
				"NO_OF_UNITS" : 1,
				"INC_CRC" : "3AD635EA1C56F2A2",
				"FMEL_UPD_D" : "20241215232954"
			}
		},
		{
			"type" : "Feature",
			"geometry" : {
				"type" : "Point",
				"coordinates" : [ 103.98162248366671, 1.3884759981411472 ]
			},
			"properties" : {
				"OBJECTID" : 34089,
				"POSTAL_CODE" : "509686",
				"HOUSE_BLK_NO" : "562",
				"STREET_NAME" : "HALTON ROAD",
				"D_TYPE" : "Semi-Detached House",
				"NO_OF_UNITS" : 1,
				"INC_CRC" : "35363327FAFDAC32",
				"FMEL_UPD_D" : "20241215232954"
			}
		},
		{
			"type" : "Feature",
			"geometry" : {
				"type" : "Point",
				"coordinates" : [ 103.98181078253438, 1.3887195650560946 ]
			},
			"properties" : {
				"OBJECTID" : 34090,
				"POSTAL_CODE" : "509687",
				"HOUSE_BLK_NO" : "563",
				"STREET_NAME" : "HALTON ROAD",
				"D_TYPE" : "Semi-Detached House",
				"NO_OF_UNITS" : 1,
				"INC_CRC" : "B26663D4956870A1",
				"FMEL_UPD_D" : "20241215232954"
			}
		},
		{
			"type" : "Feature",
			"geometry" : {
				"type" : "Point",
				"coordinates" : [ 103.98018037129061, 1.3882677040138944 ]
			},
			"properties" : {
				"OBJECTID" : 34091,
				"POSTAL_CODE" : "509704",
				"HOUSE_BLK_NO" : "591",
				"STREET_NAME" : "HALTON ROAD",
				"D_TYPE" : "Semi-Detached House",
				"NO_OF_UNITS" : 1,
				"INC_CRC" : "9AA4268DC65FCCEB",
				"FMEL_UPD_D" : "20241215232954"
			}
		},
		{
			"type" : "Feature",
			"geometry" : {
				"type" : "Point",
				"coordinates" : [ 103.8674627772057, 1.34109857674486 ]
			},
			"properties" : {
				"OBJECTID" : 34092,
				"POSTAL_CODE" : "357858",
				"HOUSE_BLK_NO" : "92",
				"STREET_NAME" : "WOODLEIGH PARK",
				"D_TYPE" : "Detached House",
				"NO_OF_UNITS" : 1,
				"INC_CRC" : "286E3A884CCDFFC6",
				"FMEL_UPD_D" : "20241215232954"
			}
		},
		{
			"type" : "Feature",
			"geometry" : {
				"type" : "Point",
				"coordinates" : [ 103.7843151804261, 1.3372951850952006 ]
			},
			"properties" : {
				"OBJECTID" : 34093,
				"POSTAL_CODE" : "587979",
				"HOUSE_BLK_NO" : "8",
				"STREET_NAME" : "YARWOOD AVENUE",
				"D_TYPE" : "Detached House",
				"NO_OF_UNITS" : 1,
				"INC_CRC" : "E07E52E278D4DDFD",
				"FMEL_UPD_D" : "20241215232954"
			}
		},
		{
			"type" : "Feature",
			"geometry" : {
				"type" : "Point",
				"coordinates" : [ 103.78345108162733, 1.3392744201317999 ]
			},
			"properties" : {
				"OBJECTID" : 34094,
				"POSTAL_CODE" : "587989",
				"HOUSE_BLK_NO" : "16",
				"STREET_NAME" : "YARWOOD AVENUE",
				"D_TYPE" : "Detached House",
				"NO_OF_UNITS" : 1,
				"INC_CRC" : "5D791CBB10CAB115",
				"FMEL_UPD_D" : "20241215232954"
			}
		},
		{
			"type" : "Feature",
			"geometry" : {
				"type" : "Point",
				"coordinates" : [ 103.78300173326322, 1.3400569544843233 ]
			},
			"properties" : {
				"OBJECTID" : 34095,
				"POSTAL_CODE" : "587999",
				"HOUSE_BLK_NO" : "27",
				"STREET_NAME" : "YARWOOD AVENUE",
				"D_TYPE" : "Detached House",
				"NO_OF_UNITS" : 1,
				"INC_CRC" : "73ECE5CEF8FF941A",
				"FMEL_UPD_D" : "20241215232954"
			}
		},
		{
			"type" : "Feature",
			"geometry" : {
				"type" : "Point",
				"coordinates" : [ 103.78345496484533, 1.3400472626989435 ]
			},
			"properties" : {
				"OBJECTID" : 34096,
				"POSTAL_CODE" : "588001",
				"HOUSE_BLK_NO" : "29",
				"STREET_NAME" : "YARWOOD AVENUE",
				"D_TYPE" : "Detached House",
				"NO_OF_UNITS" : 1,
				"INC_CRC" : "128D035DE0F4B71D",
				"FMEL_UPD_D" : "20241215232954"
			}
		},
		{
			"type" : "Feature",
			"geometry" : {
				"type" : "Point",
				"coordinates" : [ 103.78350326768464, 1.341030117616717 ]
			},
			"properties" : {
				"OBJECTID" : 34097,
				"POSTAL_CODE" : "588004",
				"HOUSE_BLK_NO" : "33",
				"STREET_NAME" : "YARWOOD AVENUE",
				"D_TYPE" : "Detached House",
				"NO_OF_UNITS" : 1,
				"INC_CRC" : "B1F3703A3143FDF8",
				"FMEL_UPD_D" : "20241215232954"
			}
		},
		{
			"type" : "Feature",
			"geometry" : {
				"type" : "Point",
				"coordinates" : [ 103.79885781853606, 1.2831849218598221 ]
			},
			"properties" : {
				"OBJECTID" : 34098,
				"POSTAL_CODE" : "117719",
				"HOUSE_BLK_NO" : "1",
				"STREET_NAME" : "YORK ROAD",
				"D_TYPE" : "Detached House",
				"NO_OF_UNITS" : 1,
				"INC_CRC" : "3BBC84F676B0D433",
				"FMEL_UPD_D" : "20241215232954"
			}
		},
		{
			"type" : "Feature",
			"geometry" : {
				"type" : "Point",
				"coordinates" : [ 103.79815124503119, 1.2827406041064404 ]
			},
			"properties" : {
				"OBJECTID" : 34099,
				"POSTAL_CODE" : "117720",
				"HOUSE_BLK_NO" : "2",
				"STREET_NAME" : "YORK ROAD",
				"D_TYPE" : "Detached House",
				"NO_OF_UNITS" : 1,
				"INC_CRC" : "C691E7FE56A3178C",
				"FMEL_UPD_D" : "20241215232954"
			}
		},
		{
			"type" : "Feature",
			"geometry" : {
				"type" : "Point",
				"coordinates" : [ 103.7982206040434, 1.2834066064000706 ]
			},
			"properties" : {
				"OBJECTID" : 34100,
				"POSTAL_CODE" : "117721",
				"HOUSE_BLK_NO" : "3",
				"STREET_NAME" : "YORK ROAD",
				"D_TYPE" : "Detached House",
				"NO_OF_UNITS" : 1,
				"INC_CRC" : "B2DD48A96352E35B",
				"FMEL_UPD_D" : "20241215232954"
			}
		},
		{
			"type" : "Feature",
			"geometry" : {
				"type" : "Point",
				"coordinates" : [ 103.7971485225026, 1.2835063418894626 ]
			},
			"properties" : {
				"OBJECTID" : 34101,
				"POSTAL_CODE" : "117722",
				"HOUSE_BLK_NO" : "4",
				"STREET_NAME" : "YORK ROAD",
				"D_TYPE" : "Detached House",
				"NO_OF_UNITS" : 1,
				"INC_CRC" : "E28C47C8C68EA33E",
				"FMEL_UPD_D" : "20241215232954"
			}
		},
		{
			"type" : "Feature",
			"geometry" : {
				"type" : "Point",
				"coordinates" : [ 103.7965221488545, 1.28352652374098 ]
			},
			"properties" : {
				"OBJECTID" : 34102,
				"POSTAL_CODE" : "117723",
				"HOUSE_BLK_NO" : "5",
				"STREET_NAME" : "YORK ROAD",
				"D_TYPE" : "Detached House",
				"NO_OF_UNITS" : 1,
				"INC_CRC" : "CD767D6CC17B4C33",
				"FMEL_UPD_D" : "20241215232954"
			}
		},
		{
			"type" : "Feature",
			"geometry" : {
				"type" : "Point",
				"coordinates" : [ 103.79577860296388, 1.2835501773739224 ]
			},
			"properties" : {
				"OBJECTID" : 34103,
				"POSTAL_CODE" : "117724",
				"HOUSE_BLK_NO" : "6",
				"STREET_NAME" : "YORK ROAD",
				"D_TYPE" : "Detached House",
				"NO_OF_UNITS" : 1,
				"INC_CRC" : "9B635983E877DF5C",
				"FMEL_UPD_D" : "20241215232954"
			}
		},
		{
			"type" : "Feature",
			"geometry" : {
				"type" : "Point",
				"coordinates" : [ 103.79717474501216, 1.2827067165229762 ]
			},
			"properties" : {
				"OBJECTID" : 34104,
				"POSTAL_CODE" : "117725",
				"HOUSE_BLK_NO" : "7A",
				"STREET_NAME" : "YORK ROAD",
				"D_TYPE" : "Detached House",
				"NO_OF_UNITS" : 1,
				"INC_CRC" : "5C64CAED2D8BD5AC",
				"FMEL_UPD_D" : "20241215232954"
			}
		},
		{
			"type" : "Feature",
			"geometry" : {
				"type" : "Point",
				"coordinates" : [ 103.7973136744658, 1.2828933450122915 ]
			},
			"properties" : {
				"OBJECTID" : 34105,
				"POSTAL_CODE" : "117726",
				"HOUSE_BLK_NO" : "7B",
				"STREET_NAME" : "YORK ROAD",
				"D_TYPE" : "Detached House",
				"NO_OF_UNITS" : 1,
				"INC_CRC" : "EF9DE8B798AA30BC",
				"FMEL_UPD_D" : "20241215232954"
			}
		},
		{
			"type" : "Feature",
			"geometry" : {
				"type" : "Point",
				"coordinates" : [ 103.82931700499569, 1.456706000219199 ]
			},
			"properties" : {
				"OBJECTID" : 34106,
				"POSTAL_CODE" : "759790",
				"HOUSE_BLK_NO" : "258",
				"STREET_NAME" : "CANADA ROAD",
				"D_TYPE" : "Semi-Detached House",
				"NO_OF_UNITS" : 1,
				"INC_CRC" : "ED9E55A95A131FD2",
				"FMEL_UPD_D" : "20241215232954"
			}
		},
		{
			"type" : "Feature",
			"geometry" : {
				"type" : "Point",
				"coordinates" : [ 103.82931700499569, 1.456706000219199 ]
			},
			"properties" : {
				"OBJECTID" : 34107,
				"POSTAL_CODE" : "759792",
				"HOUSE_BLK_NO" : "260",
				"STREET_NAME" : "CANADA ROAD",
				"D_TYPE" : "Semi-Detached House",
				"NO_OF_UNITS" : 1,
				"INC_CRC" : "ED9E55A91020D102",
				"FMEL_UPD_D" : "20241215232954"
			}
		},
		{
			"type" : "Feature",
			"geometry" : {
				"type" : "Point",
				"coordinates" : [ 103.82845833153331, 1.455483345036626 ]
			},
			"properties" : {
				"OBJECTID" : 34108,
				"POSTAL_CODE" : "759793",
				"HOUSE_BLK_NO" : "261",
				"STREET_NAME" : "CANADA ROAD",
				"D_TYPE" : "Detached House",
				"NO_OF_UNITS" : 1,
				"INC_CRC" : "FAD03CE3DF3D1333",
				"FMEL_UPD_D" : "20241215232954"
			}
		},
		{
			"type" : "Feature",
			"geometry" : {
				"type" : "Point",
				"coordinates" : [ 103.82882140439722, 1.4553313141338138 ]
			},
			"properties" : {
				"OBJECTID" : 34109,
				"POSTAL_CODE" : "758750",
				"HOUSE_BLK_NO" : "202",
				"STREET_NAME" : "LAGOS CIRCLE",
				"D_TYPE" : "Detached House",
				"NO_OF_UNITS" : 1,
				"INC_CRC" : "481F5CC41C04F289",
				"FMEL_UPD_D" : "20241215232954"
			}
		},
		{
			"type" : "Feature",
			"geometry" : {
				"type" : "Point",
				"coordinates" : [ 103.82923340827459, 1.4559952598032249 ]
			},
			"properties" : {
				"OBJECTID" : 34110,
				"POSTAL_CODE" : "758751",
				"HOUSE_BLK_NO" : "203",
				"STREET_NAME" : "LAGOS CIRCLE",
				"D_TYPE" : "Detached House",
				"NO_OF_UNITS" : 1,
				"INC_CRC" : "9AD7B33B0629D78F",
				"FMEL_UPD_D" : "20241215232954"
			}
		},
		{
			"type" : "Feature",
			"geometry" : {
				"type" : "Point",
				"coordinates" : [ 103.82911149888545, 1.4552169235537302 ]
			},
			"properties" : {
				"OBJECTID" : 34111,
				"POSTAL_CODE" : "758752",
				"HOUSE_BLK_NO" : "204",
				"STREET_NAME" : "LAGOS CIRCLE",
				"D_TYPE" : "Detached House",
				"NO_OF_UNITS" : 1,
				"INC_CRC" : "3D4A0FA042B11197",
				"FMEL_UPD_D" : "20241215232954"
			}
		},
		{
			"type" : "Feature",
			"geometry" : {
				"type" : "Point",
				"coordinates" : [ 103.82915269800428, 1.454749905735922 ]
			},
			"properties" : {
				"OBJECTID" : 34112,
				"POSTAL_CODE" : "758754",
				"HOUSE_BLK_NO" : "206",
				"STREET_NAME" : "LAGOS CIRCLE",
				"D_TYPE" : "Detached House",
				"NO_OF_UNITS" : 1,
				"INC_CRC" : "F2749870CCAE65D8",
				"FMEL_UPD_D" : "20241215232954"
			}
		},
		{
			"type" : "Feature",
			"geometry" : {
				"type" : "Point",
				"coordinates" : [ 103.82894486786958, 1.4544607531578233 ]
			},
			"properties" : {
				"OBJECTID" : 34113,
				"POSTAL_CODE" : "758756",
				"HOUSE_BLK_NO" : "208",
				"STREET_NAME" : "LAGOS CIRCLE",
				"D_TYPE" : "Detached House",
				"NO_OF_UNITS" : 1,
				"INC_CRC" : "0484789DEC9FBA45",
				"FMEL_UPD_D" : "20241215232954"
			}
		},
		{
			"type" : "Feature",
			"geometry" : {
				"type" : "Point",
				"coordinates" : [ 103.82856447496462, 1.454430487852644 ]
			},
			"properties" : {
				"OBJECTID" : 34114,
				"POSTAL_CODE" : "758758",
				"HOUSE_BLK_NO" : "210",
				"STREET_NAME" : "LAGOS CIRCLE",
				"D_TYPE" : "Detached House",
				"NO_OF_UNITS" : 1,
				"INC_CRC" : "12CB6CC3410E6A2B",
				"FMEL_UPD_D" : "20241215232954"
			}
		},
		{
			"type" : "Feature",
			"geometry" : {
				"type" : "Point",
				"coordinates" : [ 103.82829691262319, 1.454722580439126 ]
			},
			"properties" : {
				"OBJECTID" : 34115,
				"POSTAL_CODE" : "758760",
				"HOUSE_BLK_NO" : "212",
				"STREET_NAME" : "LAGOS CIRCLE",
				"D_TYPE" : "Detached House",
				"NO_OF_UNITS" : 1,
				"INC_CRC" : "D97F268F28E68CD4",
				"FMEL_UPD_D" : "20241215232954"
			}
		},
		{
			"type" : "Feature",
			"geometry" : {
				"type" : "Point",
				"coordinates" : [ 103.83130968346097, 1.4562738654167213 ]
			},
			"properties" : {
				"OBJECTID" : 34116,
				"POSTAL_CODE" : "758589",
				"HOUSE_BLK_NO" : "133",
				"STREET_NAME" : "QUEEN'S AVENUE",
				"D_TYPE" : "Detached House",
				"NO_OF_UNITS" : 1,
				"INC_CRC" : "FACC1D784813E7AE",
				"FMEL_UPD_D" : "20241215232954"
			}
		},
		{
			"type" : "Feature",
			"geometry" : {
				"type" : "Point",
				"coordinates" : [ 103.83269608318612, 1.4563668637589995 ]
			},
			"properties" : {
				"OBJECTID" : 34117,
				"POSTAL_CODE" : "758594",
				"HOUSE_BLK_NO" : "139",
				"STREET_NAME" : "QUEEN'S AVENUE",
				"D_TYPE" : "Detached House",
				"NO_OF_UNITS" : 1,
				"INC_CRC" : "EAFE1F6705A47C9E",
				"FMEL_UPD_D" : "20241215232954"
			}
		},
		{
			"type" : "Feature",
			"geometry" : {
				"type" : "Point",
				"coordinates" : [ 103.83274660701812, 1.4569715601690651 ]
			},
			"properties" : {
				"OBJECTID" : 34118,
				"POSTAL_CODE" : "758596",
				"HOUSE_BLK_NO" : "141",
				"STREET_NAME" : "QUEEN'S AVENUE",
				"D_TYPE" : "Detached House",
				"NO_OF_UNITS" : 1,
				"INC_CRC" : "C398A49EB57738E4",
				"FMEL_UPD_D" : "20241215232954"
			}
		},
		{
			"type" : "Feature",
			"geometry" : {
				"type" : "Point",
				"coordinates" : [ 103.83268074457254, 1.457577735178322 ]
			},
			"properties" : {
				"OBJECTID" : 34119,
				"POSTAL_CODE" : "758598",
				"HOUSE_BLK_NO" : "143",
				"STREET_NAME" : "QUEEN'S AVENUE",
				"D_TYPE" : "Detached House",
				"NO_OF_UNITS" : 1,
				"INC_CRC" : "FF512D93CF7295F2",
				"FMEL_UPD_D" : "20241215232954"
			}
		},
		{
			"type" : "Feature",
			"geometry" : {
				"type" : "Point",
				"coordinates" : [ 103.83193335350163, 1.4568941915017632 ]
			},
			"properties" : {
				"OBJECTID" : 34120,
				"POSTAL_CODE" : "758822",
				"HOUSE_BLK_NO" : "118",
				"STREET_NAME" : "KING'S AVENUE",
				"D_TYPE" : "Detached House",
				"NO_OF_UNITS" : 1,
				"INC_CRC" : "DEDC24F29B64470B",
				"FMEL_UPD_D" : "20241215232954"
			}
		},
		{
			"type" : "Feature",
			"geometry" : {
				"type" : "Point",
				"coordinates" : [ 103.83188234842434, 1.4574006649317437 ]
			},
			"properties" : {
				"OBJECTID" : 34121,
				"POSTAL_CODE" : "758828",
				"HOUSE_BLK_NO" : "128",
				"STREET_NAME" : "KING'S AVENUE",
				"D_TYPE" : "Detached House",
				"NO_OF_UNITS" : 1,
				"INC_CRC" : "9FF4C24814A81C46",
				"FMEL_UPD_D" : "20241215232954"
			}
		},
		{
			"type" : "Feature",
			"geometry" : {
				"type" : "Point",
				"coordinates" : [ 103.83052701458428, 1.2753841409238729 ]
			},
			"properties" : {
				"OBJECTID" : 34122,
				"POSTAL_CODE" : "168789",
				"HOUSE_BLK_NO" : "1",
				"STREET_NAME" : "SPOONER ROAD",
				"D_TYPE" : "1-room, 2-room and 3-room flat",
				"NO_OF_UNITS" : 159,
				"INC_CRC" : "7AFB752ABB121165",
				"FMEL_UPD_D" : "20241215232954"
			}
		},
		{
			"type" : "Feature",
			"geometry" : {
				"type" : "Point",
				"coordinates" : [ 103.83036142570961, 1.2756442532868415 ]
			},
			"properties" : {
				"OBJECTID" : 34123,
				"POSTAL_CODE" : "168790",
				"HOUSE_BLK_NO" : "2",
				"STREET_NAME" : "SPOONER ROAD",
				"D_TYPE" : "1-room, 2-room and 3-room flat",
				"NO_OF_UNITS" : 159,
				"INC_CRC" : "B0F0A1F17A956113",
				"FMEL_UPD_D" : "20241215232954"
			}
		},
		{
			"type" : "Feature",
			"geometry" : {
				"type" : "Point",
				"coordinates" : [ 103.7965352540327, 1.2943570951258139 ]
			},
			"properties" : {
				"OBJECTID" : 34124,
				"POSTAL_CODE" : "138941",
				"HOUSE_BLK_NO" : "1",
				"STREET_NAME" : "WESTBOURNE ROAD",
				"D_TYPE" : "Other Apartment nec",
				"NO_OF_UNITS" : 6,
				"INC_CRC" : "A31510574D01DDA3",
				"FMEL_UPD_D" : "20241215232954"
			}
		},
		{
			"type" : "Feature",
			"geometry" : {
				"type" : "Point",
				"coordinates" : [ 103.79651625296596, 1.2947641385267037 ]
			},
			"properties" : {
				"OBJECTID" : 34125,
				"POSTAL_CODE" : "138943",
				"HOUSE_BLK_NO" : "3",
				"STREET_NAME" : "WESTBOURNE ROAD",
				"D_TYPE" : "Other Apartment nec",
				"NO_OF_UNITS" : 6,
				"INC_CRC" : "C6902BCDAF5B47CF",
				"FMEL_UPD_D" : "20241215232954"
			}
		},
		{
			"type" : "Feature",
			"geometry" : {
				"type" : "Point",
				"coordinates" : [ 103.7960510797265, 1.2949032799435487 ]
			},
			"properties" : {
				"OBJECTID" : 34126,
				"POSTAL_CODE" : "138944",
				"HOUSE_BLK_NO" : "5",
				"STREET_NAME" : "WESTBOURNE ROAD",
				"D_TYPE" : "Other Apartment nec",
				"NO_OF_UNITS" : 6,
				"INC_CRC" : "E4FF763332D31F68",
				"FMEL_UPD_D" : "20241215232954"
			}
		},
		{
			"type" : "Feature",
			"geometry" : {
				"type" : "Point",
				"coordinates" : [ 103.79634922888941, 1.2952746978560281 ]
			},
			"properties" : {
				"OBJECTID" : 34127,
				"POSTAL_CODE" : "138945",
				"HOUSE_BLK_NO" : "7",
				"STREET_NAME" : "WESTBOURNE ROAD",
				"D_TYPE" : "Other Apartment nec",
				"NO_OF_UNITS" : 6,
				"INC_CRC" : "CC9A5B0374F40EC1",
				"FMEL_UPD_D" : "20241215232954"
			}
		},
		{
			"type" : "Feature",
			"geometry" : {
				"type" : "Point",
				"coordinates" : [ 103.79589842674888, 1.295787886476116 ]
			},
			"properties" : {
				"OBJECTID" : 34128,
				"POSTAL_CODE" : "138946",
				"HOUSE_BLK_NO" : "9",
				"STREET_NAME" : "WESTBOURNE ROAD",
				"D_TYPE" : "Other Apartment nec",
				"NO_OF_UNITS" : 6,
				"INC_CRC" : "44C97696F08D9F09",
				"FMEL_UPD_D" : "20241215232954"
			}
		},
		{
			"type" : "Feature",
			"geometry" : {
				"type" : "Point",
				"coordinates" : [ 103.79500641750352, 1.295975410241949 ]
			},
			"properties" : {
				"OBJECTID" : 34129,
				"POSTAL_CODE" : "138947",
				"HOUSE_BLK_NO" : "11",
				"STREET_NAME" : "WESTBOURNE ROAD",
				"D_TYPE" : "Other Apartment nec",
				"NO_OF_UNITS" : 6,
				"INC_CRC" : "3B2B3B1F889FAD6E",
				"FMEL_UPD_D" : "20241215232954"
			}
		},
		{
			"type" : "Feature",
			"geometry" : {
				"type" : "Point",
				"coordinates" : [ 103.79299542569122, 1.298560921024862 ]
			},
			"properties" : {
				"OBJECTID" : 34130,
				"POSTAL_CODE" : "138883",
				"HOUSE_BLK_NO" : "3",
				"STREET_NAME" : "WEYHILL CLOSE",
				"D_TYPE" : "Semi-Detached House",
				"NO_OF_UNITS" : 1,
				"INC_CRC" : "130474BDF149769C",
				"FMEL_UPD_D" : "20241215232954"
			}
		},
		{
			"type" : "Feature",
			"geometry" : {
				"type" : "Point",
				"coordinates" : [ 103.79299542569122, 1.298560921024862 ]
			},
			"properties" : {
				"OBJECTID" : 34131,
				"POSTAL_CODE" : "138884",
				"HOUSE_BLK_NO" : "4",
				"STREET_NAME" : "WEYHILL CLOSE",
				"D_TYPE" : "Semi-Detached House",
				"NO_OF_UNITS" : 1,
				"INC_CRC" : "130474BDFD635A04",
				"FMEL_UPD_D" : "20241215232954"
			}
		},
		{
			"type" : "Feature",
			"geometry" : {
				"type" : "Point",
				"coordinates" : [ 103.79296069360026, 1.2989988110862198 ]
			},
			"properties" : {
				"OBJECTID" : 34132,
				"POSTAL_CODE" : "138885",
				"HOUSE_BLK_NO" : "5",
				"STREET_NAME" : "WEYHILL CLOSE",
				"D_TYPE" : "Semi-Detached House",
				"NO_OF_UNITS" : 1,
				"INC_CRC" : "6C8AFD236310D8FE",
				"FMEL_UPD_D" : "20241215232954"
			}
		},
		{
			"type" : "Feature",
			"geometry" : {
				"type" : "Point",
				"coordinates" : [ 103.79296069360026, 1.2989988110862198 ]
			},
			"properties" : {
				"OBJECTID" : 34133,
				"POSTAL_CODE" : "138886",
				"HOUSE_BLK_NO" : "6",
				"STREET_NAME" : "WEYHILL CLOSE",
				"D_TYPE" : "Semi-Detached House",
				"NO_OF_UNITS" : 1,
				"INC_CRC" : "6C8AFD23646F7FC6",
				"FMEL_UPD_D" : "20241215232954"
			}
		},
		{
			"type" : "Feature",
			"geometry" : {
				"type" : "Point",
				"coordinates" : [ 103.79318924747314, 1.2993334233164822 ]
			},
			"properties" : {
				"OBJECTID" : 34134,
				"POSTAL_CODE" : "138887",
				"HOUSE_BLK_NO" : "7",
				"STREET_NAME" : "WEYHILL CLOSE",
				"D_TYPE" : "Semi-Detached House",
				"NO_OF_UNITS" : 1,
				"INC_CRC" : "C71C7CD7B1B19566",
				"FMEL_UPD_D" : "20241215232954"
			}
		},
		{
			"type" : "Feature",
			"geometry" : {
				"type" : "Point",
				"coordinates" : [ 103.79318924747314, 1.2993334233164822 ]
			},
			"properties" : {
				"OBJECTID" : 34135,
				"POSTAL_CODE" : "138888",
				"HOUSE_BLK_NO" : "8",
				"STREET_NAME" : "WEYHILL CLOSE",
				"D_TYPE" : "Semi-Detached House",
				"NO_OF_UNITS" : 1,
				"INC_CRC" : "C71C7CD7AB30AEBE",
				"FMEL_UPD_D" : "20241215232954"
			}
		},
		{
			"type" : "Feature",
			"geometry" : {
				"type" : "Point",
				"coordinates" : [ 103.79350668301184, 1.29953654594556 ]
			},
			"properties" : {
				"OBJECTID" : 34136,
				"POSTAL_CODE" : "138889",
				"HOUSE_BLK_NO" : "9",
				"STREET_NAME" : "WEYHILL CLOSE",
				"D_TYPE" : "Semi-Detached House",
				"NO_OF_UNITS" : 1,
				"INC_CRC" : "EB0CFCCD2772A3BF",
				"FMEL_UPD_D" : "20241215232954"
			}
		},
		{
			"type" : "Feature",
			"geometry" : {
				"type" : "Point",
				"coordinates" : [ 103.79350668301184, 1.29953654594556 ]
			},
			"properties" : {
				"OBJECTID" : 34137,
				"POSTAL_CODE" : "138890",
				"HOUSE_BLK_NO" : "10",
				"STREET_NAME" : "WEYHILL CLOSE",
				"D_TYPE" : "Semi-Detached House",
				"NO_OF_UNITS" : 1,
				"INC_CRC" : "EB0CFCCD85F479CB",
				"FMEL_UPD_D" : "20241215232954"
			}
		},
		{
			"type" : "Feature",
			"geometry" : {
				"type" : "Point",
				"coordinates" : [ 103.79363692397247, 1.2991584666354126 ]
			},
			"properties" : {
				"OBJECTID" : 34138,
				"POSTAL_CODE" : "138891",
				"HOUSE_BLK_NO" : "11",
				"STREET_NAME" : "WEYHILL CLOSE",
				"D_TYPE" : "Semi-Detached House",
				"NO_OF_UNITS" : 1,
				"INC_CRC" : "828F3A24A3026D90",
				"FMEL_UPD_D" : "20241215232954"
			}
		},
		{
			"type" : "Feature",
			"geometry" : {
				"type" : "Point",
				"coordinates" : [ 103.79363692397247, 1.2991584666354126 ]
			},
			"properties" : {
				"OBJECTID" : 34139,
				"POSTAL_CODE" : "138892",
				"HOUSE_BLK_NO" : "12",
				"STREET_NAME" : "WEYHILL CLOSE",
				"D_TYPE" : "Semi-Detached House",
				"NO_OF_UNITS" : 1,
				"INC_CRC" : "828F3A24A47DCAA8",
				"FMEL_UPD_D" : "20241215232954"
			}
		},
		{
			"type" : "Feature",
			"geometry" : {
				"type" : "Point",
				"coordinates" : [ 103.79365518312727, 1.2988235988029182 ]
			},
			"properties" : {
				"OBJECTID" : 34140,
				"POSTAL_CODE" : "138893",
				"HOUSE_BLK_NO" : "13",
				"STREET_NAME" : "WEYHILL CLOSE",
				"D_TYPE" : "Semi-Detached House",
				"NO_OF_UNITS" : 1,
				"INC_CRC" : "F6D7315156938496",
				"FMEL_UPD_D" : "20241215232954"
			}
		},
		{
			"type" : "Feature",
			"geometry" : {
				"type" : "Point",
				"coordinates" : [ 103.79365518312727, 1.2988235988029182 ]
			},
			"properties" : {
				"OBJECTID" : 34141,
				"POSTAL_CODE" : "138894",
				"HOUSE_BLK_NO" : "14",
				"STREET_NAME" : "WEYHILL CLOSE",
				"D_TYPE" : "Semi-Detached House",
				"NO_OF_UNITS" : 1,
				"INC_CRC" : "F6D731515AB9A80E",
				"FMEL_UPD_D" : "20241215232954"
			}
		},
		{
			"type" : "Feature",
			"geometry" : {
				"type" : "Point",
				"coordinates" : [ 103.79350132612858, 1.2984883429867675 ]
			},
			"properties" : {
				"OBJECTID" : 34142,
				"POSTAL_CODE" : "138895",
				"HOUSE_BLK_NO" : "15",
				"STREET_NAME" : "WEYHILL CLOSE",
				"D_TYPE" : "Semi-Detached House",
				"NO_OF_UNITS" : 1,
				"INC_CRC" : "339E7A4490AFB15F",
				"FMEL_UPD_D" : "20241215232954"
			}
		},
		{
			"type" : "Feature",
			"geometry" : {
				"type" : "Point",
				"coordinates" : [ 103.79350132612858, 1.2984883429867675 ]
			},
			"properties" : {
				"OBJECTID" : 34143,
				"POSTAL_CODE" : "138896",
				"HOUSE_BLK_NO" : "16",
				"STREET_NAME" : "WEYHILL CLOSE",
				"D_TYPE" : "Semi-Detached House",
				"NO_OF_UNITS" : 1,
				"INC_CRC" : "339E7A4497D01667",
				"FMEL_UPD_D" : "20241215232954"
			}
		},
		{
			"type" : "Feature",
			"geometry" : {
				"type" : "Point",
				"coordinates" : [ 103.79754550922365, 1.29396447885006 ]
			},
			"properties" : {
				"OBJECTID" : 34144,
				"POSTAL_CODE" : "138809",
				"HOUSE_BLK_NO" : "1",
				"STREET_NAME" : "WHITCHURCH ROAD",
				"D_TYPE" : "Semi-Detached House",
				"NO_OF_UNITS" : 1,
				"INC_CRC" : "C80A0D6FE3BD6F7C",
				"FMEL_UPD_D" : "20241215232954"
			}
		},
		{
			"type" : "Feature",
			"geometry" : {
				"type" : "Point",
				"coordinates" : [ 103.7975377709116, 1.2940971182886043 ]
			},
			"properties" : {
				"OBJECTID" : 34145,
				"POSTAL_CODE" : "138810",
				"HOUSE_BLK_NO" : "2",
				"STREET_NAME" : "WHITCHURCH ROAD",
				"D_TYPE" : "Semi-Detached House",
				"NO_OF_UNITS" : 1,
				"INC_CRC" : "23DE0CA5CCB644C5",
				"FMEL_UPD_D" : "20241215232954"
			}
		},
		{
			"type" : "Feature",
			"geometry" : {
				"type" : "Point",
				"coordinates" : [ 103.79814951643324, 1.2937970876423617 ]
			},
			"properties" : {
				"OBJECTID" : 34146,
				"POSTAL_CODE" : "138811",
				"HOUSE_BLK_NO" : "3",
				"STREET_NAME" : "WHITCHURCH ROAD",
				"D_TYPE" : "Semi-Detached House",
				"NO_OF_UNITS" : 1,
				"INC_CRC" : "B0EA6102F1886C1E",
				"FMEL_UPD_D" : "20241215232954"
			}
		},
		{
			"type" : "Feature",
			"geometry" : {
				"type" : "Point",
				"coordinates" : [ 103.796952498538, 1.310720894036727 ]
			},
			"properties" : {
				"OBJECTID" : 34147,
				"POSTAL_CODE" : "278261",
				"HOUSE_BLK_NO" : "68",
				"STREET_NAME" : "JALAN KELABU ASAP",
				"D_TYPE" : "Terrace House",
				"NO_OF_UNITS" : 1,
				"INC_CRC" : "5623D49A44320F6B",
				"FMEL_UPD_D" : "20241215232953"
			}
		},
		{
			"type" : "Feature",
			"geometry" : {
				"type" : "Point",
				"coordinates" : [ 103.79730538127876, 1.3103906207160054 ]
			},
			"properties" : {
				"OBJECTID" : 34148,
				"POSTAL_CODE" : "278262",
				"HOUSE_BLK_NO" : "69",
				"STREET_NAME" : "JALAN KELABU ASAP",
				"D_TYPE" : "Terrace House",
				"NO_OF_UNITS" : 1,
				"INC_CRC" : "BA83A45B1505AAC0",
				"FMEL_UPD_D" : "20241215232953"
			}
		},
		{
			"type" : "Feature",
			"geometry" : {
				"type" : "Point",
				"coordinates" : [ 103.79688736423778, 1.310742106762757 ]
			},
			"properties" : {
				"OBJECTID" : 34149,
				"POSTAL_CODE" : "278263",
				"HOUSE_BLK_NO" : "70",
				"STREET_NAME" : "JALAN KELABU ASAP",
				"D_TYPE" : "Terrace House",
				"NO_OF_UNITS" : 1,
				"INC_CRC" : "CC3BDDD5ECF20F4F",
				"FMEL_UPD_D" : "20241215232953"
			}
		},
		{
			"type" : "Feature",
			"geometry" : {
				"type" : "Point",
				"coordinates" : [ 103.79683485123972, 1.310743364868597 ]
			},
			"properties" : {
				"OBJECTID" : 34150,
				"POSTAL_CODE" : "278265",
				"HOUSE_BLK_NO" : "72",
				"STREET_NAME" : "JALAN KELABU ASAP",
				"D_TYPE" : "Terrace House",
				"NO_OF_UNITS" : 1,
				"INC_CRC" : "0694FB0BD9EC74A3",
				"FMEL_UPD_D" : "20241215232953"
			}
		},
		{
			"type" : "Feature",
			"geometry" : {
				"type" : "Point",
				"coordinates" : [ 103.79718552138442, 1.3103774595698643 ]
			},
			"properties" : {
				"OBJECTID" : 34151,
				"POSTAL_CODE" : "278266",
				"HOUSE_BLK_NO" : "73",
				"STREET_NAME" : "JALAN KELABU ASAP",
				"D_TYPE" : "Terrace House",
				"NO_OF_UNITS" : 1,
				"INC_CRC" : "A96179E9676BA5D0",
				"FMEL_UPD_D" : "20241215232953"
			}
		},
		{
			"type" : "Feature",
			"geometry" : {
				"type" : "Point",
				"coordinates" : [ 103.79711576615728, 1.3103779640957505 ]
			},
			"properties" : {
				"OBJECTID" : 34152,
				"POSTAL_CODE" : "278268",
				"HOUSE_BLK_NO" : "75",
				"STREET_NAME" : "JALAN KELABU ASAP",
				"D_TYPE" : "Terrace House",
				"NO_OF_UNITS" : 1,
				"INC_CRC" : "2EE7D814C7BEB65A",
				"FMEL_UPD_D" : "20241215232953"
			}
		},
		{
			"type" : "Feature",
			"geometry" : {
				"type" : "Point",
				"coordinates" : [ 103.79672701761305, 1.3107847596672033 ]
			},
			"properties" : {
				"OBJECTID" : 34153,
				"POSTAL_CODE" : "278269",
				"HOUSE_BLK_NO" : "76",
				"STREET_NAME" : "JALAN KELABU ASAP",
				"D_TYPE" : "Terrace House",
				"NO_OF_UNITS" : 1,
				"INC_CRC" : "8177491E9B229E9C",
				"FMEL_UPD_D" : "20241215232953"
			}
		},
		{
			"type" : "Feature",
			"geometry" : {
				"type" : "Point",
				"coordinates" : [ 103.7970613637499, 1.31036318870007 ]
			},
			"properties" : {
				"OBJECTID" : 34154,
				"POSTAL_CODE" : "278270",
				"HOUSE_BLK_NO" : "77",
				"STREET_NAME" : "JALAN KELABU ASAP",
				"D_TYPE" : "Terrace House",
				"NO_OF_UNITS" : 1,
				"INC_CRC" : "25B2922025E30490",
				"FMEL_UPD_D" : "20241215232953"
			}
		},
		{
			"type" : "Feature",
			"geometry" : {
				"type" : "Point",
				"coordinates" : [ 103.79693872194711, 1.310412642085172 ]
			},
			"properties" : {
				"OBJECTID" : 34155,
				"POSTAL_CODE" : "278271",
				"HOUSE_BLK_NO" : "79",
				"STREET_NAME" : "JALAN KELABU ASAP",
				"D_TYPE" : "Terrace House",
				"NO_OF_UNITS" : 1,
				"INC_CRC" : "C2D17C0221D1CC2C",
				"FMEL_UPD_D" : "20241215232953"
			}
		},
		{
			"type" : "Feature",
			"geometry" : {
				"type" : "Point",
				"coordinates" : [ 103.79689134242068, 1.3104099554293112 ]
			},
			"properties" : {
				"OBJECTID" : 34156,
				"POSTAL_CODE" : "278272",
				"HOUSE_BLK_NO" : "81",
				"STREET_NAME" : "JALAN KELABU ASAP",
				"D_TYPE" : "Terrace House",
				"NO_OF_UNITS" : 1,
				"INC_CRC" : "9D27DA901C62091D",
				"FMEL_UPD_D" : "20241215232953"
			}
		},
		{
			"type" : "Feature",
			"geometry" : {
				"type" : "Point",
				"coordinates" : [ 103.79682757450634, 1.3104528611663322 ]
			},
			"properties" : {
				"OBJECTID" : 34157,
				"POSTAL_CODE" : "278273",
				"HOUSE_BLK_NO" : "83",
				"STREET_NAME" : "JALAN KELABU ASAP",
				"D_TYPE" : "Terrace House",
				"NO_OF_UNITS" : 1,
				"INC_CRC" : "27D2714FB69C89F2",
				"FMEL_UPD_D" : "20241215232953"
			}
		},
		{
			"type" : "Feature",
			"geometry" : {
				"type" : "Point",
				"coordinates" : [ 103.79677823702619, 1.3104512696650468 ]
			},
			"properties" : {
				"OBJECTID" : 34158,
				"POSTAL_CODE" : "278274",
				"HOUSE_BLK_NO" : "85",
				"STREET_NAME" : "JALAN KELABU ASAP",
				"D_TYPE" : "Terrace House",
				"NO_OF_UNITS" : 1,
				"INC_CRC" : "B067170F57F67396",
				"FMEL_UPD_D" : "20241215232953"
			}
		},
		{
			"type" : "Feature",
			"geometry" : {
				"type" : "Point",
				"coordinates" : [ 103.79671350685551, 1.310487834885117 ]
			},
			"properties" : {
				"OBJECTID" : 34159,
				"POSTAL_CODE" : "278275",
				"HOUSE_BLK_NO" : "87",
				"STREET_NAME" : "JALAN KELABU ASAP",
				"D_TYPE" : "Terrace House",
				"NO_OF_UNITS" : 1,
				"INC_CRC" : "CB5820B9C4A1736D",
				"FMEL_UPD_D" : "20241215232953"
			}
		},
		{
			"type" : "Feature",
			"geometry" : {
				"type" : "Point",
				"coordinates" : [ 103.796667044762, 1.3104840539573577 ]
			},
			"properties" : {
				"OBJECTID" : 34160,
				"POSTAL_CODE" : "278276",
				"HOUSE_BLK_NO" : "89",
				"STREET_NAME" : "JALAN KELABU ASAP",
				"D_TYPE" : "Terrace House",
				"NO_OF_UNITS" : 1,
				"INC_CRC" : "242E0241FC501902",
				"FMEL_UPD_D" : "20241215232953"
			}
		},
		{
			"type" : "Feature",
			"geometry" : {
				"type" : "Point",
				"coordinates" : [ 103.79912538521793, 1.3091183691312274 ]
			},
			"properties" : {
				"OBJECTID" : 34161,
				"POSTAL_CODE" : "278147",
				"HOUSE_BLK_NO" : "1",
				"STREET_NAME" : "JALAN KUNING",
				"D_TYPE" : "Terrace House",
				"NO_OF_UNITS" : 1,
				"INC_CRC" : "6D620B06A925DA4C",
				"FMEL_UPD_D" : "20241215232953"
			}
		},
		{
			"type" : "Feature",
			"geometry" : {
				"type" : "Point",
				"coordinates" : [ 103.79901781618203, 1.3095332702219222 ]
			},
			"properties" : {
				"OBJECTID" : 34162,
				"POSTAL_CODE" : "278148",
				"HOUSE_BLK_NO" : "2",
				"STREET_NAME" : "JALAN KUNING",
				"D_TYPE" : "Terrace House",
				"NO_OF_UNITS" : 1,
				"INC_CRC" : "7812009171E9777F",
				"FMEL_UPD_D" : "20241215232953"
			}
		},
		{
			"type" : "Feature",
			"geometry" : {
				"type" : "Point",
				"coordinates" : [ 103.79908574810285, 1.3091450382980512 ]
			},
			"properties" : {
				"OBJECTID" : 34163,
				"POSTAL_CODE" : "278149",
				"HOUSE_BLK_NO" : "3",
				"STREET_NAME" : "JALAN KUNING",
				"D_TYPE" : "Terrace House",
				"NO_OF_UNITS" : 1,
				"INC_CRC" : "F6591C6703474A93",
				"FMEL_UPD_D" : "20241215232953"
			}
		},
		{
			"type" : "Feature",
			"geometry" : {
				"type" : "Point",
				"coordinates" : [ 103.7989628749321, 1.3095638641178518 ]
			},
			"properties" : {
				"OBJECTID" : 34164,
				"POSTAL_CODE" : "278150",
				"HOUSE_BLK_NO" : "4",
				"STREET_NAME" : "JALAN KUNING",
				"D_TYPE" : "Terrace House",
				"NO_OF_UNITS" : 1,
				"INC_CRC" : "96E16E19511EC90A",
				"FMEL_UPD_D" : "20241215232953"
			}
		},
		{
			"type" : "Feature",
			"geometry" : {
				"type" : "Point",
				"coordinates" : [ 103.79902227690802, 1.3091783614506554 ]
			},
			"properties" : {
				"OBJECTID" : 34165,
				"POSTAL_CODE" : "278151",
				"HOUSE_BLK_NO" : "5",
				"STREET_NAME" : "JALAN KUNING",
				"D_TYPE" : "Terrace House",
				"NO_OF_UNITS" : 1,
				"INC_CRC" : "BE0E42EA925984E5",
				"FMEL_UPD_D" : "20241215232953"
			}
		},
		{
			"type" : "Feature",
			"geometry" : {
				"type" : "Point",
				"coordinates" : [ 103.79893425901834, 1.3096186121451492 ]
			},
			"properties" : {
				"OBJECTID" : 34166,
				"POSTAL_CODE" : "278152",
				"HOUSE_BLK_NO" : "6",
				"STREET_NAME" : "JALAN KUNING",
				"D_TYPE" : "Terrace House",
				"NO_OF_UNITS" : 1,
				"INC_CRC" : "D17BB5B375270323",
				"FMEL_UPD_D" : "20241215232953"
			}
		},
		{
			"type" : "Feature",
			"geometry" : {
				"type" : "Point",
				"coordinates" : [ 103.798981901185, 1.3092049853873604 ]
			},
			"properties" : {
				"OBJECTID" : 34167,
				"POSTAL_CODE" : "278153",
				"HOUSE_BLK_NO" : "7",
				"STREET_NAME" : "JALAN KUNING",
				"D_TYPE" : "Terrace House",
				"NO_OF_UNITS" : 1,
				"INC_CRC" : "7BEFBE26F0FE1C04",
				"FMEL_UPD_D" : "20241215232953"
			}
		},
		{
			"type" : "Feature",
			"geometry" : {
				"type" : "Point",
				"coordinates" : [ 103.79887576673802, 1.3096466249335357 ]
			},
			"properties" : {
				"OBJECTID" : 34168,
				"POSTAL_CODE" : "278154",
				"HOUSE_BLK_NO" : "8",
				"STREET_NAME" : "JALAN KUNING",
				"D_TYPE" : "Terrace House",
				"NO_OF_UNITS" : 1,
				"INC_CRC" : "7652C9B7CCCD7D22",
				"FMEL_UPD_D" : "20241215232953"
			}
		},
		{
			"type" : "Feature",
			"geometry" : {
				"type" : "Point",
				"coordinates" : [ 103.79891950917394, 1.309236085624015 ]
			},
			"properties" : {
				"OBJECTID" : 34169,
				"POSTAL_CODE" : "278155",
				"HOUSE_BLK_NO" : "9",
				"STREET_NAME" : "JALAN KUNING",
				"D_TYPE" : "Terrace House",
				"NO_OF_UNITS" : 1,
				"INC_CRC" : "CE46E308FD8690F1",
				"FMEL_UPD_D" : "20241215232953"
			}
		},
		{
			"type" : "Feature",
			"geometry" : {
				"type" : "Point",
				"coordinates" : [ 103.86990800878355, 1.406526145390197 ]
			},
			"properties" : {
				"OBJECTID" : 34170,
				"POSTAL_CODE" : "798699",
				"HOUSE_BLK_NO" : "25",
				"STREET_NAME" : "MAIDA VALE",
				"D_TYPE" : "Semi-Detached House",
				"NO_OF_UNITS" : 1,
				"INC_CRC" : "58785C9DEA33FA06",
				"FMEL_UPD_D" : "20241215232953"
			}
		},
		{
			"type" : "Feature",
			"geometry" : {
				"type" : "Point",
				"coordinates" : [ 103.86957573312183, 1.4067038734716735 ]
			},
			"properties" : {
				"OBJECTID" : 34171,
				"POSTAL_CODE" : "798701",
				"HOUSE_BLK_NO" : "27",
				"STREET_NAME" : "MAIDA VALE",
				"D_TYPE" : "Semi-Detached House",
				"NO_OF_UNITS" : 1,
				"INC_CRC" : "F0C30EFE745FD4B1",
				"FMEL_UPD_D" : "20241215232953"
			}
		},
		{
			"type" : "Feature",
			"geometry" : {
				"type" : "Point",
				"coordinates" : [ 103.86952984397713, 1.4068041599970105 ]
			},
			"properties" : {
				"OBJECTID" : 34172,
				"POSTAL_CODE" : "798703",
				"HOUSE_BLK_NO" : "29",
				"STREET_NAME" : "MAIDA VALE",
				"D_TYPE" : "Semi-Detached House",
				"NO_OF_UNITS" : 1,
				"INC_CRC" : "250FF6A8CCB9C633",
				"FMEL_UPD_D" : "20241215232953"
			}
		},
		{
			"type" : "Feature",
			"geometry" : {
				"type" : "Point",
				"coordinates" : [ 103.86937454607548, 1.407090591621415 ]
			},
			"properties" : {
				"OBJECTID" : 34173,
				"POSTAL_CODE" : "798705",
				"HOUSE_BLK_NO" : "31",
				"STREET_NAME" : "MAIDA VALE",
				"D_TYPE" : "Semi-Detached House",
				"NO_OF_UNITS" : 1,
				"INC_CRC" : "194FF6F23C62AAA5",
				"FMEL_UPD_D" : "20241215232953"
			}
		},
		{
			"type" : "Feature",
			"geometry" : {
				"type" : "Point",
				"coordinates" : [ 103.86933212960037, 1.4071685122672768 ]
			},
			"properties" : {
				"OBJECTID" : 34174,
				"POSTAL_CODE" : "798707",
				"HOUSE_BLK_NO" : "33",
				"STREET_NAME" : "MAIDA VALE",
				"D_TYPE" : "Semi-Detached House",
				"NO_OF_UNITS" : 1,
				"INC_CRC" : "0C9FB81DE01C9B7E",
				"FMEL_UPD_D" : "20241215232953"
			}
		},
		{
			"type" : "Feature",
			"geometry" : {
				"type" : "Point",
				"coordinates" : [ 103.86856046913488, 1.4068482807501417 ]
			},
			"properties" : {
				"OBJECTID" : 34175,
				"POSTAL_CODE" : "798692",
				"HOUSE_BLK_NO" : "18",
				"STREET_NAME" : "MAIDA VALE",
				"D_TYPE" : "Semi-Detached House",
				"NO_OF_UNITS" : 1,
				"INC_CRC" : "B1C2C5BAD47292A8",
				"FMEL_UPD_D" : "20241215232953"
			}
		},
		{
			"type" : "Feature",
			"geometry" : {
				"type" : "Point",
				"coordinates" : [ 103.7773039034722, 1.307298612773704 ]
			},
			"properties" : {
				"OBJECTID" : 34176,
				"POSTAL_CODE" : "139451",
				"HOUSE_BLK_NO" : "1",
				"STREET_NAME" : "MAIDSTONE ROAD",
				"D_TYPE" : "Detached House",
				"NO_OF_UNITS" : 1,
				"INC_CRC" : "79C2947BFECDBFA9",
				"FMEL_UPD_D" : "20241215232953"
			}
		},
		{
			"type" : "Feature",
			"geometry" : {
				"type" : "Point",
				"coordinates" : [ 103.77705147046639, 1.3070814438990348 ]
			},
			"properties" : {
				"OBJECTID" : 34177,
				"POSTAL_CODE" : "139452",
				"HOUSE_BLK_NO" : "2",
				"STREET_NAME" : "MAIDSTONE ROAD",
				"D_TYPE" : "Detached House",
				"NO_OF_UNITS" : 1,
				"INC_CRC" : "87447F9C0011F37C",
				"FMEL_UPD_D" : "20241215232953"
			}
		},
		{
			"type" : "Feature",
			"geometry" : {
				"type" : "Point",
				"coordinates" : [ 103.7767352211719, 1.3069323540993147 ]
			},
			"properties" : {
				"OBJECTID" : 34178,
				"POSTAL_CODE" : "139453",
				"HOUSE_BLK_NO" : "3",
				"STREET_NAME" : "MAIDSTONE ROAD",
				"D_TYPE" : "Detached House",
				"NO_OF_UNITS" : 1,
				"INC_CRC" : "4B8BFF911FFA0ECF",
				"FMEL_UPD_D" : "20241215232953"
			}
		},
		{
			"type" : "Feature",
			"geometry" : {
				"type" : "Point",
				"coordinates" : [ 103.7764653705871, 1.3068852902732304 ]
			},
			"properties" : {
				"OBJECTID" : 34179,
				"POSTAL_CODE" : "139454",
				"HOUSE_BLK_NO" : "4",
				"STREET_NAME" : "MAIDSTONE ROAD",
				"D_TYPE" : "Detached House",
				"NO_OF_UNITS" : 1,
				"INC_CRC" : "FC420A548B1D0B49",
				"FMEL_UPD_D" : "20241215232953"
			}
		},
		{
			"type" : "Feature",
			"geometry" : {
				"type" : "Point",
				"coordinates" : [ 103.7758323846057, 1.30708510320131 ]
			},
			"properties" : {
				"OBJECTID" : 34180,
				"POSTAL_CODE" : "139455",
				"HOUSE_BLK_NO" : "5",
				"STREET_NAME" : "MAIDSTONE ROAD",
				"D_TYPE" : "Detached House",
				"NO_OF_UNITS" : 1,
				"INC_CRC" : "20A80676D5A75962",
				"FMEL_UPD_D" : "20241215232953"
			}
		},
		{
			"type" : "Feature",
			"geometry" : {
				"type" : "Point",
				"coordinates" : [ 103.77549995166146, 1.3069751953625277 ]
			},
			"properties" : {
				"OBJECTID" : 34181,
				"POSTAL_CODE" : "139456",
				"HOUSE_BLK_NO" : "6",
				"STREET_NAME" : "MAIDSTONE ROAD",
				"D_TYPE" : "Detached House",
				"NO_OF_UNITS" : 1,
				"INC_CRC" : "BCA7EDBD839409E0",
				"FMEL_UPD_D" : "20241215232953"
			}
		},
		{
			"type" : "Feature",
			"geometry" : {
				"type" : "Point",
				"coordinates" : [ 103.77530175778259, 1.3068387827836627 ]
			},
			"properties" : {
				"OBJECTID" : 34182,
				"POSTAL_CODE" : "139457",
				"HOUSE_BLK_NO" : "7",
				"STREET_NAME" : "MAIDSTONE ROAD",
				"D_TYPE" : "Detached House",
				"NO_OF_UNITS" : 1,
				"INC_CRC" : "DE73D8D1DBC342EA",
				"FMEL_UPD_D" : "20241215232953"
			}
		},
		{
			"type" : "Feature",
			"geometry" : {
				"type" : "Point",
				"coordinates" : [ 103.77569056438549, 1.3066051402337744 ]
			},
			"properties" : {
				"OBJECTID" : 34183,
				"POSTAL_CODE" : "139458",
				"HOUSE_BLK_NO" : "8",
				"STREET_NAME" : "MAIDSTONE ROAD",
				"D_TYPE" : "Detached House",
				"NO_OF_UNITS" : 1,
				"INC_CRC" : "9B046EB8A9F60F2C",
				"FMEL_UPD_D" : "20241215232953"
			}
		},
		{
			"type" : "Feature",
			"geometry" : {
				"type" : "Point",
				"coordinates" : [ 103.77559036628666, 1.3062612443516275 ]
			},
			"properties" : {
				"OBJECTID" : 34184,
				"POSTAL_CODE" : "139459",
				"HOUSE_BLK_NO" : "9",
				"STREET_NAME" : "MAIDSTONE ROAD",
				"D_TYPE" : "Detached House",
				"NO_OF_UNITS" : 1,
				"INC_CRC" : "270609C7AFAF956F",
				"FMEL_UPD_D" : "20241215232953"
			}
		},
		{
			"type" : "Feature",
			"geometry" : {
				"type" : "Point",
				"coordinates" : [ 103.77561029641522, 1.3060485148163024 ]
			},
			"properties" : {
				"OBJECTID" : 34185,
				"POSTAL_CODE" : "139460",
				"HOUSE_BLK_NO" : "10",
				"STREET_NAME" : "MAIDSTONE ROAD",
				"D_TYPE" : "Detached House",
				"NO_OF_UNITS" : 1,
				"INC_CRC" : "B95A339805210A1F",
				"FMEL_UPD_D" : "20241215232953"
			}
		},
		{
			"type" : "Feature",
			"geometry" : {
				"type" : "Point",
				"coordinates" : [ 103.77563970012449, 1.3057084338227505 ]
			},
			"properties" : {
				"OBJECTID" : 34186,
				"POSTAL_CODE" : "139462",
				"HOUSE_BLK_NO" : "12",
				"STREET_NAME" : "MAIDSTONE ROAD",
				"D_TYPE" : "Detached House",
				"NO_OF_UNITS" : 1,
				"INC_CRC" : "687502935F273548",
				"FMEL_UPD_D" : "20241215232953"
			}
		},
		{
			"type" : "Feature",
			"geometry" : {
				"type" : "Point",
				"coordinates" : [ 103.77588719395817, 1.3055914021238901 ]
			},
			"properties" : {
				"OBJECTID" : 34187,
				"POSTAL_CODE" : "139463",
				"HOUSE_BLK_NO" : "13",
				"STREET_NAME" : "MAIDSTONE ROAD",
				"D_TYPE" : "Detached House",
				"NO_OF_UNITS" : 1,
				"INC_CRC" : "BD99930611432765",
				"FMEL_UPD_D" : "20241215232953"
			}
		},
		{
			"type" : "Feature",
			"geometry" : {
				"type" : "Point",
				"coordinates" : [ 103.77564899986224, 1.3051266184981996 ]
			},
			"properties" : {
				"OBJECTID" : 34188,
				"POSTAL_CODE" : "139464",
				"HOUSE_BLK_NO" : "14",
				"STREET_NAME" : "MAIDSTONE ROAD",
				"D_TYPE" : "Detached House",
				"NO_OF_UNITS" : 1,
				"INC_CRC" : "B99F2A9D8813C1A7",
				"FMEL_UPD_D" : "20241215232953"
			}
		},
		{
			"type" : "Feature",
			"geometry" : {
				"type" : "Point",
				"coordinates" : [ 103.77594179892964, 1.3049837329646852 ]
			},
			"properties" : {
				"OBJECTID" : 34189,
				"POSTAL_CODE" : "139465",
				"HOUSE_BLK_NO" : "15",
				"STREET_NAME" : "MAIDSTONE ROAD",
				"D_TYPE" : "Detached House",
				"NO_OF_UNITS" : 1,
				"INC_CRC" : "4C12BF8E127BA7C2",
				"FMEL_UPD_D" : "20241215232953"
			}
		},
		{
			"type" : "Feature",
			"geometry" : {
				"type" : "Point",
				"coordinates" : [ 103.77609717265581, 1.3053109472920281 ]
			},
			"properties" : {
				"OBJECTID" : 34190,
				"POSTAL_CODE" : "139466",
				"HOUSE_BLK_NO" : "16",
				"STREET_NAME" : "MAIDSTONE ROAD",
				"D_TYPE" : "Detached House",
				"NO_OF_UNITS" : 1,
				"INC_CRC" : "6E6A7FC61DCBDCB9",
				"FMEL_UPD_D" : "20241215232953"
			}
		},
		{
			"type" : "Feature",
			"geometry" : {
				"type" : "Point",
				"coordinates" : [ 103.849765074433, 1.3209798999681193 ]
			},
			"properties" : {
				"OBJECTID" : 34191,
				"POSTAL_CODE" : "308206",
				"HOUSE_BLK_NO" : "2",
				"STREET_NAME" : "MANDALAY ROAD",
				"D_TYPE" : "Detached House",
				"NO_OF_UNITS" : 1,
				"INC_CRC" : "700F81A0006BAE91",
				"FMEL_UPD_D" : "20241215232953"
			}
		},
		{
			"type" : "Feature",
			"geometry" : {
				"type" : "Point",
				"coordinates" : [ 103.83994500467772, 1.3100313198476028 ]
			},
			"properties" : {
				"OBJECTID" : 34192,
				"POSTAL_CODE" : "228575",
				"HOUSE_BLK_NO" : "44",
				"STREET_NAME" : "MONK'S HILL ROAD",
				"D_TYPE" : "Other Apartment nec",
				"NO_OF_UNITS" : 24,
				"INC_CRC" : "88336EB9EC04B82D",
				"FMEL_UPD_D" : "20241215232953"
			}
		},
		{
			"type" : "Feature",
			"geometry" : {
				"type" : "Point",
				"coordinates" : [ 103.83999964450354, 1.3096859817009403 ]
			},
			"properties" : {
				"OBJECTID" : 34193,
				"POSTAL_CODE" : "228577",
				"HOUSE_BLK_NO" : "46",
				"STREET_NAME" : "MONK'S HILL ROAD",
				"D_TYPE" : "Other Apartment nec",
				"NO_OF_UNITS" : 8,
				"INC_CRC" : "D7A8A904F1AEF759",
				"FMEL_UPD_D" : "20241215232953"
			}
		},
		{
			"type" : "Feature",
			"geometry" : {
				"type" : "Point",
				"coordinates" : [ 103.84016152334891, 1.3090040052465313 ]
			},
			"properties" : {
				"OBJECTID" : 34194,
				"POSTAL_CODE" : "228576",
				"HOUSE_BLK_NO" : "50",
				"STREET_NAME" : "MONK'S HILL ROAD",
				"D_TYPE" : "Other Apartment nec",
				"NO_OF_UNITS" : 16,
				"INC_CRC" : "8B482099DDE01FEE",
				"FMEL_UPD_D" : "20241215232953"
			}
		},
		{
			"type" : "Feature",
			"geometry" : {
				"type" : "Point",
				"coordinates" : [ 103.8405897206046, 1.3116413205750468 ]
			},
			"properties" : {
				"OBJECTID" : 34195,
				"POSTAL_CODE" : "228541",
				"HOUSE_BLK_NO" : "52",
				"STREET_NAME" : "MONK'S HILL TERRACE",
				"D_TYPE" : "Terrace House",
				"NO_OF_UNITS" : 1,
				"INC_CRC" : "14984240AF8498F1",
				"FMEL_UPD_D" : "20241215232953"
			}
		},
		{
			"type" : "Feature",
			"geometry" : {
				"type" : "Point",
				"coordinates" : [ 103.84054330517078, 1.3116485076964064 ]
			},
			"properties" : {
				"OBJECTID" : 34196,
				"POSTAL_CODE" : "228542",
				"HOUSE_BLK_NO" : "54",
				"STREET_NAME" : "MONK'S HILL TERRACE",
				"D_TYPE" : "Terrace House",
				"NO_OF_UNITS" : 1,
				"INC_CRC" : "87D1D8705EE5FD31",
				"FMEL_UPD_D" : "20241215232953"
			}
		},
		{
			"type" : "Feature",
			"geometry" : {
				"type" : "Point",
				"coordinates" : [ 103.8404937817472, 1.3116880529952248 ]
			},
			"properties" : {
				"OBJECTID" : 34197,
				"POSTAL_CODE" : "228543",
				"HOUSE_BLK_NO" : "56",
				"STREET_NAME" : "MONK'S HILL TERRACE",
				"D_TYPE" : "Terrace House",
				"NO_OF_UNITS" : 1,
				"INC_CRC" : "D35B5B032D62A85B",
				"FMEL_UPD_D" : "20241215232953"
			}
		},
		{
			"type" : "Feature",
			"geometry" : {
				"type" : "Point",
				"coordinates" : [ 103.84044362839555, 1.3117121788765294 ]
			},
			"properties" : {
				"OBJECTID" : 34198,
				"POSTAL_CODE" : "228544",
				"HOUSE_BLK_NO" : "58",
				"STREET_NAME" : "MONK'S HILL TERRACE",
				"D_TYPE" : "Terrace House",
				"NO_OF_UNITS" : 1,
				"INC_CRC" : "112207A46830A7AB",
				"FMEL_UPD_D" : "20241215232953"
			}
		},
		{
			"type" : "Feature",
			"geometry" : {
				"type" : "Point",
				"coordinates" : [ 103.86893051056994, 1.4055421765733136 ]
			},
			"properties" : {
				"OBJECTID" : 33612,
				"POSTAL_CODE" : "799899",
				"HOUSE_BLK_NO" : "20",
				"STREET_NAME" : "BROMPTON ROAD",
				"D_TYPE" : "Semi-Detached House",
				"NO_OF_UNITS" : 1,
				"INC_CRC" : "3D03C278F7745CDB",
				"FMEL_UPD_D" : "20241215232953"
			}
		},
		{
			"type" : "Feature",
			"geometry" : {
				"type" : "Point",
				"coordinates" : [ 103.8688748275936, 1.4056912183958536 ]
			},
			"properties" : {
				"OBJECTID" : 33613,
				"POSTAL_CODE" : "799900",
				"HOUSE_BLK_NO" : "22",
				"STREET_NAME" : "BROMPTON ROAD",
				"D_TYPE" : "Semi-Detached House",
				"NO_OF_UNITS" : 1,
				"INC_CRC" : "BDBC4FC24D532F5E",
				"FMEL_UPD_D" : "20241215232953"
			}
		},
		{
			"type" : "Feature",
			"geometry" : {
				"type" : "Point",
				"coordinates" : [ 103.86880395322056, 1.4059042767478358 ]
			},
			"properties" : {
				"OBJECTID" : 33614,
				"POSTAL_CODE" : "799901",
				"HOUSE_BLK_NO" : "24",
				"STREET_NAME" : "BROMPTON ROAD",
				"D_TYPE" : "Semi-Detached House",
				"NO_OF_UNITS" : 1,
				"INC_CRC" : "837C380137958907",
				"FMEL_UPD_D" : "20241215232953"
			}
		},
		{
			"type" : "Feature",
			"geometry" : {
				"type" : "Point",
				"coordinates" : [ 103.86874728699462, 1.4060411901589096 ]
			},
			"properties" : {
				"OBJECTID" : 33615,
				"POSTAL_CODE" : "799902",
				"HOUSE_BLK_NO" : "26",
				"STREET_NAME" : "BROMPTON ROAD",
				"D_TYPE" : "Semi-Detached House",
				"NO_OF_UNITS" : 1,
				"INC_CRC" : "53EEB5B37567241A",
				"FMEL_UPD_D" : "20241215232953"
			}
		},
		{
			"type" : "Feature",
			"geometry" : {
				"type" : "Point",
				"coordinates" : [ 103.86863492593099, 1.4062577589746728 ]
			},
			"properties" : {
				"OBJECTID" : 33616,
				"POSTAL_CODE" : "799903",
				"HOUSE_BLK_NO" : "28",
				"STREET_NAME" : "BROMPTON ROAD",
				"D_TYPE" : "Semi-Detached House",
				"NO_OF_UNITS" : 1,
				"INC_CRC" : "B7DBC007A2CA552E",
				"FMEL_UPD_D" : "20241215232953"
			}
		},
		{
			"type" : "Feature",
			"geometry" : {
				"type" : "Point",
				"coordinates" : [ 103.86857686754612, 1.406379050421945 ]
			},
			"properties" : {
				"OBJECTID" : 33617,
				"POSTAL_CODE" : "799904",
				"HOUSE_BLK_NO" : "30",
				"STREET_NAME" : "BROMPTON ROAD",
				"D_TYPE" : "Semi-Detached House",
				"NO_OF_UNITS" : 1,
				"INC_CRC" : "B439BF3310936C57",
				"FMEL_UPD_D" : "20241215232953"
			}
		},
		{
			"type" : "Feature",
			"geometry" : {
				"type" : "Point",
				"coordinates" : [ 103.86852760251645, 1.4067280813479601 ]
			},
			"properties" : {
				"OBJECTID" : 33618,
				"POSTAL_CODE" : "799905",
				"HOUSE_BLK_NO" : "32",
				"STREET_NAME" : "BROMPTON ROAD",
				"D_TYPE" : "Semi-Detached House",
				"NO_OF_UNITS" : 1,
				"INC_CRC" : "80B6B36D2AB39695",
				"FMEL_UPD_D" : "20241215232953"
			}
		},
		{
			"type" : "Feature",
			"geometry" : {
				"type" : "Point",
				"coordinates" : [ 103.81879053777465, 1.2995496463793903 ]
			},
			"properties" : {
				"OBJECTID" : 33619,
				"POSTAL_CODE" : "249784",
				"HOUSE_BLK_NO" : "20",
				"STREET_NAME" : "CHATSWORTH ROAD",
				"D_TYPE" : "Detached House",
				"NO_OF_UNITS" : 1,
				"INC_CRC" : "1683FC9611575D98",
				"FMEL_UPD_D" : "20241215232953"
			}
		},
		{
			"type" : "Feature",
			"geometry" : {
				"type" : "Point",
				"coordinates" : [ 103.8173522589516, 1.2990715135445678 ]
			},
			"properties" : {
				"OBJECTID" : 33620,
				"POSTAL_CODE" : "249786",
				"HOUSE_BLK_NO" : "23",
				"STREET_NAME" : "CHATSWORTH ROAD",
				"D_TYPE" : "Detached House",
				"NO_OF_UNITS" : 1,
				"INC_CRC" : "ABCD5FB1BACEF108",
				"FMEL_UPD_D" : "20241215232953"
			}
		},
		{
			"type" : "Feature",
			"geometry" : {
				"type" : "Point",
				"coordinates" : [ 103.8180169840723, 1.2997084012055553 ]
			},
			"properties" : {
				"OBJECTID" : 33621,
				"POSTAL_CODE" : "249787",
				"HOUSE_BLK_NO" : "24",
				"STREET_NAME" : "CHATSWORTH ROAD",
				"D_TYPE" : "Detached House",
				"NO_OF_UNITS" : 1,
				"INC_CRC" : "CE645F9F593E95C3",
				"FMEL_UPD_D" : "20241215232953"
			}
		},
		{
			"type" : "Feature",
			"geometry" : {
				"type" : "Point",
				"coordinates" : [ 103.84037418025858, 1.3084322082955568 ]
			},
			"properties" : {
				"OBJECTID" : 33622,
				"POSTAL_CODE" : "229516",
				"HOUSE_BLK_NO" : "426",
				"STREET_NAME" : "CLEMENCEAU AVENUE NORTH",
				"D_TYPE" : "Other Apartment nec",
				"NO_OF_UNITS" : 64,
				"INC_CRC" : "428B864971F08844",
				"FMEL_UPD_D" : "20241215232953"
			}
		},
		{
			"type" : "Feature",
			"geometry" : {
				"type" : "Point",
				"coordinates" : [ 103.81397993208158, 1.318396743072151 ]
			},
			"properties" : {
				"OBJECTID" : 33623,
				"POSTAL_CODE" : "259612",
				"HOUSE_BLK_NO" : "5",
				"STREET_NAME" : "CLUNY PARK",
				"D_TYPE" : "Detached House",
				"NO_OF_UNITS" : 1,
				"INC_CRC" : "530D6176A0F6783B",
				"FMEL_UPD_D" : "20241215232953"
			}
		},
		{
			"type" : "Feature",
			"geometry" : {
				"type" : "Point",
				"coordinates" : [ 103.81394052869875, 1.3195706839981909 ]
			},
			"properties" : {
				"OBJECTID" : 33624,
				"POSTAL_CODE" : "259586",
				"HOUSE_BLK_NO" : "55",
				"STREET_NAME" : "CLUNY PARK ROAD",
				"D_TYPE" : "Detached House",
				"NO_OF_UNITS" : 1,
				"INC_CRC" : "9565E86DBD2C2911",
				"FMEL_UPD_D" : "20241215232953"
			}
		},
		{
			"type" : "Feature",
			"geometry" : {
				"type" : "Point",
				"coordinates" : [ 103.77613685980998, 1.3067747215180952 ]
			},
			"properties" : {
				"OBJECTID" : 33625,
				"POSTAL_CODE" : "139835",
				"HOUSE_BLK_NO" : "1",
				"STREET_NAME" : "DEAL ROAD",
				"D_TYPE" : "Detached House",
				"NO_OF_UNITS" : 1,
				"INC_CRC" : "C489694F9E1302FF",
				"FMEL_UPD_D" : "20241215232953"
			}
		},
		{
			"type" : "Feature",
			"geometry" : {
				"type" : "Point",
				"coordinates" : [ 103.77598183559627, 1.3062861423829444 ]
			},
			"properties" : {
				"OBJECTID" : 33626,
				"POSTAL_CODE" : "139836",
				"HOUSE_BLK_NO" : "2",
				"STREET_NAME" : "DEAL ROAD",
				"D_TYPE" : "Detached House",
				"NO_OF_UNITS" : 1,
				"INC_CRC" : "97BA3C467B7682D7",
				"FMEL_UPD_D" : "20241215232953"
			}
		},
		{
			"type" : "Feature",
			"geometry" : {
				"type" : "Point",
				"coordinates" : [ 103.77617431570138, 1.3061800485846375 ]
			},
			"properties" : {
				"OBJECTID" : 33627,
				"POSTAL_CODE" : "139837",
				"HOUSE_BLK_NO" : "3",
				"STREET_NAME" : "DEAL ROAD",
				"D_TYPE" : "Detached House",
				"NO_OF_UNITS" : 1,
				"INC_CRC" : "34BB3173B7957A44",
				"FMEL_UPD_D" : "20241215232953"
			}
		},
		{
			"type" : "Feature",
			"geometry" : {
				"type" : "Point",
				"coordinates" : [ 103.77641958957115, 1.306488085191692 ]
			},
			"properties" : {
				"OBJECTID" : 33628,
				"POSTAL_CODE" : "139838",
				"HOUSE_BLK_NO" : "4",
				"STREET_NAME" : "DEAL ROAD",
				"D_TYPE" : "Detached House",
				"NO_OF_UNITS" : 1,
				"INC_CRC" : "F7CC9FC8F5166AE8",
				"FMEL_UPD_D" : "20241215232953"
			}
		},
		{
			"type" : "Feature",
			"geometry" : {
				"type" : "Point",
				"coordinates" : [ 103.77660431157086, 1.306344195990143 ]
			},
			"properties" : {
				"OBJECTID" : 33629,
				"POSTAL_CODE" : "139839",
				"HOUSE_BLK_NO" : "5",
				"STREET_NAME" : "DEAL ROAD",
				"D_TYPE" : "Detached House",
				"NO_OF_UNITS" : 1,
				"INC_CRC" : "EFD7F382539A63E2",
				"FMEL_UPD_D" : "20241215232953"
			}
		},
		{
			"type" : "Feature",
			"geometry" : {
				"type" : "Point",
				"coordinates" : [ 103.77637860587555, 1.3059326499253041 ]
			},
			"properties" : {
				"OBJECTID" : 33630,
				"POSTAL_CODE" : "139840",
				"HOUSE_BLK_NO" : "6",
				"STREET_NAME" : "DEAL ROAD",
				"D_TYPE" : "Detached House",
				"NO_OF_UNITS" : 1,
				"INC_CRC" : "956AA14686D15523",
				"FMEL_UPD_D" : "20241215232953"
			}
		},
		{
			"type" : "Feature",
			"geometry" : {
				"type" : "Point",
				"coordinates" : [ 103.77668328063537, 1.3059305424501095 ]
			},
			"properties" : {
				"OBJECTID" : 33631,
				"POSTAL_CODE" : "139841",
				"HOUSE_BLK_NO" : "7",
				"STREET_NAME" : "DEAL ROAD",
				"D_TYPE" : "Detached House",
				"NO_OF_UNITS" : 1,
				"INC_CRC" : "51ECE7DD263A5ACB",
				"FMEL_UPD_D" : "20241215232953"
			}
		},
		{
			"type" : "Feature",
			"geometry" : {
				"type" : "Point",
				"coordinates" : [ 103.7769287199245, 1.3062768372412532 ]
			},
			"properties" : {
				"OBJECTID" : 33632,
				"POSTAL_CODE" : "139842",
				"HOUSE_BLK_NO" : "8",
				"STREET_NAME" : "DEAL ROAD",
				"D_TYPE" : "Detached House",
				"NO_OF_UNITS" : 1,
				"INC_CRC" : "335C61C1F471EE59",
				"FMEL_UPD_D" : "20241215232953"
			}
		},
		{
			"type" : "Feature",
			"geometry" : {
				"type" : "Point",
				"coordinates" : [ 103.77723102233091, 1.30628527001362 ]
			},
			"properties" : {
				"OBJECTID" : 33633,
				"POSTAL_CODE" : "139843",
				"HOUSE_BLK_NO" : "9",
				"STREET_NAME" : "DEAL ROAD",
				"D_TYPE" : "Detached House",
				"NO_OF_UNITS" : 1,
				"INC_CRC" : "3E96415C360912BB",
				"FMEL_UPD_D" : "20241215232953"
			}
		},
		{
			"type" : "Feature",
			"geometry" : {
				"type" : "Point",
				"coordinates" : [ 103.77703018805879, 1.3058849034090907 ]
			},
			"properties" : {
				"OBJECTID" : 33634,
				"POSTAL_CODE" : "139844",
				"HOUSE_BLK_NO" : "10",
				"STREET_NAME" : "DEAL ROAD",
				"D_TYPE" : "Detached House",
				"NO_OF_UNITS" : 1,
				"INC_CRC" : "CC5C66A4D9AD3DD2",
				"FMEL_UPD_D" : "20241215232953"
			}
		},
		{
			"type" : "Feature",
			"geometry" : {
				"type" : "Point",
				"coordinates" : [ 103.77730211430894, 1.305926761695807 ]
			},
			"properties" : {
				"OBJECTID" : 33635,
				"POSTAL_CODE" : "139845",
				"HOUSE_BLK_NO" : "11",
				"STREET_NAME" : "DEAL ROAD",
				"D_TYPE" : "Detached House",
				"NO_OF_UNITS" : 1,
				"INC_CRC" : "477ACBE5E0A1A20D",
				"FMEL_UPD_D" : "20241215232953"
			}
		},
		{
			"type" : "Feature",
			"geometry" : {
				"type" : "Point",
				"coordinates" : [ 103.8359394695394, 1.2998476780713641 ]
			},
			"properties" : {
				"OBJECTID" : 33636,
				"POSTAL_CODE" : "239892",
				"HOUSE_BLK_NO" : "141",
				"STREET_NAME" : "DEVONSHIRE ROAD",
				"D_TYPE" : "Terrace House",
				"NO_OF_UNITS" : 1,
				"INC_CRC" : "FC10ECE16BBCD84A",
				"FMEL_UPD_D" : "20241215232953"
			}
		},
		{
			"type" : "Feature",
			"geometry" : {
				"type" : "Point",
				"coordinates" : [ 103.87056329775363, 1.4034711849180217 ]
			},
			"properties" : {
				"OBJECTID" : 33637,
				"POSTAL_CODE" : "799751",
				"HOUSE_BLK_NO" : "1",
				"STREET_NAME" : "EDGWARE ROAD",
				"D_TYPE" : "Detached House",
				"NO_OF_UNITS" : 1,
				"INC_CRC" : "28A5E06D83075547",
				"FMEL_UPD_D" : "20241215232953"
			}
		},
		{
			"type" : "Feature",
			"geometry" : {
				"type" : "Point",
				"coordinates" : [ 103.87046920944817, 1.403047606818389 ]
			},
			"properties" : {
				"OBJECTID" : 33638,
				"POSTAL_CODE" : "799753",
				"HOUSE_BLK_NO" : "2",
				"STREET_NAME" : "EDGWARE ROAD",
				"D_TYPE" : "Semi-Detached House",
				"NO_OF_UNITS" : 1,
				"INC_CRC" : "E2090E6F3D7270A4",
				"FMEL_UPD_D" : "20241215232953"
			}
		},
		{
			"type" : "Feature",
			"geometry" : {
				"type" : "Point",
				"coordinates" : [ 103.86954274209606, 1.4035259910199742 ]
			},
			"properties" : {
				"OBJECTID" : 33639,
				"POSTAL_CODE" : "799754",
				"HOUSE_BLK_NO" : "3",
				"STREET_NAME" : "EDGWARE ROAD",
				"D_TYPE" : "Semi-Detached House",
				"NO_OF_UNITS" : 1,
				"INC_CRC" : "07C8115309337D14",
				"FMEL_UPD_D" : "20241215232953"
			}
		},
		{
			"type" : "Feature",
			"geometry" : {
				"type" : "Point",
				"coordinates" : [ 103.87034719092463, 1.4030489390832945 ]
			},
			"properties" : {
				"OBJECTID" : 33640,
				"POSTAL_CODE" : "799755",
				"HOUSE_BLK_NO" : "4",
				"STREET_NAME" : "EDGWARE ROAD",
				"D_TYPE" : "Semi-Detached House",
				"NO_OF_UNITS" : 1,
				"INC_CRC" : "A4E7FAEFB545682D",
				"FMEL_UPD_D" : "20241215232953"
			}
		},
		{
			"type" : "Feature",
			"geometry" : {
				"type" : "Point",
				"coordinates" : [ 103.87052514592318, 1.404166299468366 ]
			},
			"properties" : {
				"OBJECTID" : 33602,
				"POSTAL_CODE" : "799881",
				"HOUSE_BLK_NO" : "1",
				"STREET_NAME" : "BROMPTON ROAD",
				"D_TYPE" : "Detached House",
				"NO_OF_UNITS" : 1,
				"INC_CRC" : "0DA8F538D4C312B2",
				"FMEL_UPD_D" : "20241215232953"
			}
		},
		{
			"type" : "Feature",
			"geometry" : {
				"type" : "Point",
				"coordinates" : [ 103.87033530771673, 1.4046271283254423 ]
			},
			"properties" : {
				"OBJECTID" : 33603,
				"POSTAL_CODE" : "799882",
				"HOUSE_BLK_NO" : "2",
				"STREET_NAME" : "BROMPTON ROAD",
				"D_TYPE" : "Detached House",
				"NO_OF_UNITS" : 1,
				"INC_CRC" : "A6870B3AC3F1967A",
				"FMEL_UPD_D" : "20241215232953"
			}
		},
		{
			"type" : "Feature",
			"geometry" : {
				"type" : "Point",
				"coordinates" : [ 103.87006720302064, 1.4045831859253997 ]
			},
			"properties" : {
				"OBJECTID" : 33604,
				"POSTAL_CODE" : "799884",
				"HOUSE_BLK_NO" : "4",
				"STREET_NAME" : "BROMPTON ROAD",
				"D_TYPE" : "Semi-Detached House",
				"NO_OF_UNITS" : 1,
				"INC_CRC" : "94FA6F1F6122ABF9",
				"FMEL_UPD_D" : "20241215232953"
			}
		},
		{
			"type" : "Feature",
			"geometry" : {
				"type" : "Point",
				"coordinates" : [ 103.8699252003487, 1.4046117977169652 ]
			},
			"properties" : {
				"OBJECTID" : 33605,
				"POSTAL_CODE" : "799886",
				"HOUSE_BLK_NO" : "6",
				"STREET_NAME" : "BROMPTON ROAD",
				"D_TYPE" : "Semi-Detached House",
				"NO_OF_UNITS" : 1,
				"INC_CRC" : "F7F7243CD4D120A4",
				"FMEL_UPD_D" : "20241215232953"
			}
		},
		{
			"type" : "Feature",
			"geometry" : {
				"type" : "Point",
				"coordinates" : [ 103.86968833545431, 1.40471944515127 ]
			},
			"properties" : {
				"OBJECTID" : 33606,
				"POSTAL_CODE" : "799888",
				"HOUSE_BLK_NO" : "8",
				"STREET_NAME" : "BROMPTON ROAD",
				"D_TYPE" : "Semi-Detached House",
				"NO_OF_UNITS" : 1,
				"INC_CRC" : "5BB917558F5713D4",
				"FMEL_UPD_D" : "20241215232953"
			}
		},
		{
			"type" : "Feature",
			"geometry" : {
				"type" : "Point",
				"coordinates" : [ 103.86955659433464, 1.404789766020114 ]
			},
			"properties" : {
				"OBJECTID" : 33607,
				"POSTAL_CODE" : "799890",
				"HOUSE_BLK_NO" : "10",
				"STREET_NAME" : "BROMPTON ROAD",
				"D_TYPE" : "Semi-Detached House",
				"NO_OF_UNITS" : 1,
				"INC_CRC" : "93D66B6214E845A2",
				"FMEL_UPD_D" : "20241215232953"
			}
		},
		{
			"type" : "Feature",
			"geometry" : {
				"type" : "Point",
				"coordinates" : [ 103.8693612693693, 1.40491376819342 ]
			},
			"properties" : {
				"OBJECTID" : 33608,
				"POSTAL_CODE" : "799892",
				"HOUSE_BLK_NO" : "12",
				"STREET_NAME" : "BROMPTON ROAD",
				"D_TYPE" : "Semi-Detached House",
				"NO_OF_UNITS" : 1,
				"INC_CRC" : "136269C4D82A5E0A",
				"FMEL_UPD_D" : "20241215232953"
			}
		},
		{
			"type" : "Feature",
			"geometry" : {
				"type" : "Point",
				"coordinates" : [ 103.86925301495768, 1.4050137780413599 ]
			},
			"properties" : {
				"OBJECTID" : 33609,
				"POSTAL_CODE" : "799894",
				"HOUSE_BLK_NO" : "14",
				"STREET_NAME" : "BROMPTON ROAD",
				"D_TYPE" : "Semi-Detached House",
				"NO_OF_UNITS" : 1,
				"INC_CRC" : "6EB2A5D113F0726A",
				"FMEL_UPD_D" : "20241215232953"
			}
		},
		{
			"type" : "Feature",
			"geometry" : {
				"type" : "Point",
				"coordinates" : [ 103.86914315549012, 1.4052202062107635 ]
			},
			"properties" : {
				"OBJECTID" : 33610,
				"POSTAL_CODE" : "799896",
				"HOUSE_BLK_NO" : "16",
				"STREET_NAME" : "BROMPTON ROAD",
				"D_TYPE" : "Semi-Detached House",
				"NO_OF_UNITS" : 1,
				"INC_CRC" : "59D2E0F0EB5D8967",
				"FMEL_UPD_D" : "20241215232953"
			}
		},
		{
			"type" : "Feature",
			"geometry" : {
				"type" : "Point",
				"coordinates" : [ 103.8690555247597, 1.4053408035743624 ]
			},
			"properties" : {
				"OBJECTID" : 33611,
				"POSTAL_CODE" : "799898",
				"HOUSE_BLK_NO" : "18",
				"STREET_NAME" : "BROMPTON ROAD",
				"D_TYPE" : "Semi-Detached House",
				"NO_OF_UNITS" : 1,
				"INC_CRC" : "9E03CB579E9577E8",
				"FMEL_UPD_D" : "20241215232953"
			}
		},
		{
			"type" : "Feature",
			"geometry" : {
				"type" : "Point",
				"coordinates" : [ 103.86938707630247, 1.4035399170256866 ]
			},
			"properties" : {
				"OBJECTID" : 33641,
				"POSTAL_CODE" : "799756",
				"HOUSE_BLK_NO" : "5",
				"STREET_NAME" : "EDGWARE ROAD",
				"D_TYPE" : "Semi-Detached House",
				"NO_OF_UNITS" : 1,
				"INC_CRC" : "B4283574982ED672",
				"FMEL_UPD_D" : "20241215232953"
			}
		},
		{
			"type" : "Feature",
			"geometry" : {
				"type" : "Point",
				"coordinates" : [ 103.87006626244766, 1.403044160358228 ]
			},
			"properties" : {
				"OBJECTID" : 33642,
				"POSTAL_CODE" : "799757",
				"HOUSE_BLK_NO" : "6",
				"STREET_NAME" : "EDGWARE ROAD",
				"D_TYPE" : "Semi-Detached House",
				"NO_OF_UNITS" : 1,
				"INC_CRC" : "9F02740126E022D4",
				"FMEL_UPD_D" : "20241215232953"
			}
		},
		{
			"type" : "Feature",
			"geometry" : {
				"type" : "Point",
				"coordinates" : [ 103.86995417773505, 1.4030441928746984 ]
			},
			"properties" : {
				"OBJECTID" : 33643,
				"POSTAL_CODE" : "799759",
				"HOUSE_BLK_NO" : "8",
				"STREET_NAME" : "EDGWARE ROAD",
				"D_TYPE" : "Semi-Detached House",
				"NO_OF_UNITS" : 1,
				"INC_CRC" : "BF5C7089817A887D",
				"FMEL_UPD_D" : "20241215232953"
			}
		},
		{
			"type" : "Feature",
			"geometry" : {
				"type" : "Point",
				"coordinates" : [ 103.86961657541707, 1.4030244767051328 ]
			},
			"properties" : {
				"OBJECTID" : 33644,
				"POSTAL_CODE" : "799761",
				"HOUSE_BLK_NO" : "10",
				"STREET_NAME" : "EDGWARE ROAD",
				"D_TYPE" : "Semi-Detached House",
				"NO_OF_UNITS" : 1,
				"INC_CRC" : "3422B626E9F6F20B",
				"FMEL_UPD_D" : "20241215232953"
			}
		},
		{
			"type" : "Feature",
			"geometry" : {
				"type" : "Point",
				"coordinates" : [ 103.8695045550442, 1.4031181705455074 ]
			},
			"properties" : {
				"OBJECTID" : 33645,
				"POSTAL_CODE" : "799763",
				"HOUSE_BLK_NO" : "12",
				"STREET_NAME" : "EDGWARE ROAD",
				"D_TYPE" : "Semi-Detached House",
				"NO_OF_UNITS" : 1,
				"INC_CRC" : "55E699B03E5E002C",
				"FMEL_UPD_D" : "20241215232953"
			}
		},
		{
			"type" : "Feature",
			"geometry" : {
				"type" : "Point",
				"coordinates" : [ 103.8709179125836, 1.4030701526337133 ]
			},
			"properties" : {
				"OBJECTID" : 33646,
				"POSTAL_CODE" : "799752",
				"HOUSE_BLK_NO" : "1A",
				"STREET_NAME" : "EDGWARE ROAD",
				"D_TYPE" : "Detached House",
				"NO_OF_UNITS" : 1,
				"INC_CRC" : "ACF6507527ACEFFE",
				"FMEL_UPD_D" : "20241215232953"
			}
		},
		{
			"type" : "Feature",
			"geometry" : {
				"type" : "Point",
				"coordinates" : [ 103.77683175352817, 1.3074705344428825 ]
			},
			"properties" : {
				"OBJECTID" : 33647,
				"POSTAL_CODE" : "139577",
				"HOUSE_BLK_NO" : "1",
				"STREET_NAME" : "FOLKESTONE ROAD",
				"D_TYPE" : "Detached House",
				"NO_OF_UNITS" : 1,
				"INC_CRC" : "DD77939720282ABD",
				"FMEL_UPD_D" : "20241215232953"
			}
		},
		{
			"type" : "Feature",
			"geometry" : {
				"type" : "Point",
				"coordinates" : [ 103.77656724740433, 1.3075051945310097 ]
			},
			"properties" : {
				"OBJECTID" : 33648,
				"POSTAL_CODE" : "139578",
				"HOUSE_BLK_NO" : "2",
				"STREET_NAME" : "FOLKESTONE ROAD",
				"D_TYPE" : "Detached House",
				"NO_OF_UNITS" : 1,
				"INC_CRC" : "0B04511AC97DE718",
				"FMEL_UPD_D" : "20241215232953"
			}
		},
		{
			"type" : "Feature",
			"geometry" : {
				"type" : "Point",
				"coordinates" : [ 103.77614004769421, 1.3072584416368773 ]
			},
			"properties" : {
				"OBJECTID" : 33649,
				"POSTAL_CODE" : "139579",
				"HOUSE_BLK_NO" : "3",
				"STREET_NAME" : "FOLKESTONE ROAD",
				"D_TYPE" : "Detached House",
				"NO_OF_UNITS" : 1,
				"INC_CRC" : "BB7EA0B9DE10BBD3",
				"FMEL_UPD_D" : "20241215232953"
			}
		},
		{
			"type" : "Feature",
			"geometry" : {
				"type" : "Point",
				"coordinates" : [ 103.77588179306004, 1.3073993248085918 ]
			},
			"properties" : {
				"OBJECTID" : 33650,
				"POSTAL_CODE" : "139580",
				"HOUSE_BLK_NO" : "4",
				"STREET_NAME" : "FOLKESTONE ROAD",
				"D_TYPE" : "Detached House",
				"NO_OF_UNITS" : 1,
				"INC_CRC" : "4E618A4475EC4C27",
				"FMEL_UPD_D" : "20241215232953"
			}
		},
		{
			"type" : "Feature",
			"geometry" : {
				"type" : "Point",
				"coordinates" : [ 103.7762028651366, 1.3076554029316478 ]
			},
			"properties" : {
				"OBJECTID" : 33651,
				"POSTAL_CODE" : "139581",
				"HOUSE_BLK_NO" : "5",
				"STREET_NAME" : "FOLKESTONE ROAD",
				"D_TYPE" : "Detached House",
				"NO_OF_UNITS" : 1,
				"INC_CRC" : "B6B815F99470E95F",
				"FMEL_UPD_D" : "20241215232953"
			}
		},
		{
			"type" : "Feature",
			"geometry" : {
				"type" : "Point",
				"coordinates" : [ 103.775876774168, 1.3078167729190178 ]
			},
			"properties" : {
				"OBJECTID" : 33652,
				"POSTAL_CODE" : "139582",
				"HOUSE_BLK_NO" : "6",
				"STREET_NAME" : "FOLKESTONE ROAD",
				"D_TYPE" : "Detached House",
				"NO_OF_UNITS" : 1,
				"INC_CRC" : "A2F7F65A4154BA59",
				"FMEL_UPD_D" : "20241215232953"
			}
		},
		{
			"type" : "Feature",
			"geometry" : {
				"type" : "Point",
				"coordinates" : [ 103.77564043118151, 1.3079295507334083 ]
			},
			"properties" : {
				"OBJECTID" : 33653,
				"POSTAL_CODE" : "139585",
				"HOUSE_BLK_NO" : "9",
				"STREET_NAME" : "FOLKESTONE ROAD",
				"D_TYPE" : "Detached House",
				"NO_OF_UNITS" : 1,
				"INC_CRC" : "362FA2D607B678AC",
				"FMEL_UPD_D" : "20241215232953"
			}
		},
		{
			"type" : "Feature",
			"geometry" : {
				"type" : "Point",
				"coordinates" : [ 103.77532719004161, 1.3080617669514027 ]
			},
			"properties" : {
				"OBJECTID" : 33654,
				"POSTAL_CODE" : "139586",
				"HOUSE_BLK_NO" : "10",
				"STREET_NAME" : "FOLKESTONE ROAD",
				"D_TYPE" : "Detached House",
				"NO_OF_UNITS" : 1,
				"INC_CRC" : "D2B6D04262F85DD4",
				"FMEL_UPD_D" : "20241215232953"
			}
		},
		{
			"type" : "Feature",
			"geometry" : {
				"type" : "Point",
				"coordinates" : [ 103.77504900712944, 1.3081319979164976 ]
			},
			"properties" : {
				"OBJECTID" : 33655,
				"POSTAL_CODE" : "139589",
				"HOUSE_BLK_NO" : "13",
				"STREET_NAME" : "FOLKESTONE ROAD",
				"D_TYPE" : "Detached House",
				"NO_OF_UNITS" : 1,
				"INC_CRC" : "CC6FFC77263544FB",
				"FMEL_UPD_D" : "20241215232953"
			}
		},
		{
			"type" : "Feature",
			"geometry" : {
				"type" : "Point",
				"coordinates" : [ 103.77397110720092, 1.3078535395349329 ]
			},
			"properties" : {
				"OBJECTID" : 33656,
				"POSTAL_CODE" : "139597",
				"HOUSE_BLK_NO" : "21",
				"STREET_NAME" : "FOLKESTONE ROAD",
				"D_TYPE" : "Detached House",
				"NO_OF_UNITS" : 1,
				"INC_CRC" : "7F511103DB64DE4B",
				"FMEL_UPD_D" : "20241215232953"
			}
		},
		{
			"type" : "Feature",
			"geometry" : {
				"type" : "Point",
				"coordinates" : [ 103.83478148986343, 1.31148999434765 ]
			},
			"properties" : {
				"OBJECTID" : 33657,
				"POSTAL_CODE" : "258896",
				"HOUSE_BLK_NO" : "1",
				"STREET_NAME" : "GOODWOOD HILL",
				"D_TYPE" : "Detached House",
				"NO_OF_UNITS" : 1,
				"INC_CRC" : "CFB45E949377A006",
				"FMEL_UPD_D" : "20241215232953"
			}
		},
		{
			"type" : "Feature",
			"geometry" : {
				"type" : "Point",
				"coordinates" : [ 103.83549776471872, 1.311536692508467 ]
			},
			"properties" : {
				"OBJECTID" : 33658,
				"POSTAL_CODE" : "258898",
				"HOUSE_BLK_NO" : "3",
				"STREET_NAME" : "GOODWOOD HILL",
				"D_TYPE" : "Detached House",
				"NO_OF_UNITS" : 1,
				"INC_CRC" : "1392F4D49DDBD960",
				"FMEL_UPD_D" : "20241215232953"
			}
		},
		{
			"type" : "Feature",
			"geometry" : {
				"type" : "Point",
				"coordinates" : [ 103.83400188914241, 1.3123952601431068 ]
			},
			"properties" : {
				"OBJECTID" : 33659,
				"POSTAL_CODE" : "258900",
				"HOUSE_BLK_NO" : "4",
				"STREET_NAME" : "GOODWOOD HILL",
				"D_TYPE" : "Detached House",
				"NO_OF_UNITS" : 1,
				"INC_CRC" : "8481F71D4C200402",
				"FMEL_UPD_D" : "20241215232953"
			}
		},
		{
			"type" : "Feature",
			"geometry" : {
				"type" : "Point",
				"coordinates" : [ 103.83506671015014, 1.3129957587008363 ]
			},
			"properties" : {
				"OBJECTID" : 33660,
				"POSTAL_CODE" : "258905",
				"HOUSE_BLK_NO" : "6",
				"STREET_NAME" : "GOODWOOD HILL",
				"D_TYPE" : "Detached House",
				"NO_OF_UNITS" : 1,
				"INC_CRC" : "C5F7D3DA52C09238",
				"FMEL_UPD_D" : "20241215232953"
			}
		},
		{
			"type" : "Feature",
			"geometry" : {
				"type" : "Point",
				"coordinates" : [ 103.83515254377706, 1.313786871561673 ]
			},
			"properties" : {
				"OBJECTID" : 33661,
				"POSTAL_CODE" : "258906",
				"HOUSE_BLK_NO" : "7",
				"STREET_NAME" : "GOODWOOD HILL",
				"D_TYPE" : "Detached House",
				"NO_OF_UNITS" : 1,
				"INC_CRC" : "F0F2976EB5FCDE49",
				"FMEL_UPD_D" : "20241215232953"
			}
		},
		{
			"type" : "Feature",
			"geometry" : {
				"type" : "Point",
				"coordinates" : [ 103.83430285444935, 1.314141097222679 ]
			},
			"properties" : {
				"OBJECTID" : 33662,
				"POSTAL_CODE" : "258908",
				"HOUSE_BLK_NO" : "9",
				"STREET_NAME" : "GOODWOOD HILL",
				"D_TYPE" : "Detached House",
				"NO_OF_UNITS" : 1,
				"INC_CRC" : "6A28E53367265CC7",
				"FMEL_UPD_D" : "20241215232953"
			}
		},
		{
			"type" : "Feature",
			"geometry" : {
				"type" : "Point",
				"coordinates" : [ 103.83346756591796, 1.3139785432795466 ]
			},
			"properties" : {
				"OBJECTID" : 33663,
				"POSTAL_CODE" : "258910",
				"HOUSE_BLK_NO" : "11",
				"STREET_NAME" : "GOODWOOD HILL",
				"D_TYPE" : "Detached House",
				"NO_OF_UNITS" : 1,
				"INC_CRC" : "4393007D1C29C449",
				"FMEL_UPD_D" : "20241215232953"
			}
		},
		{
			"type" : "Feature",
			"geometry" : {
				"type" : "Point",
				"coordinates" : [ 103.83243262522257, 1.313453713151373 ]
			},
			"properties" : {
				"OBJECTID" : 33664,
				"POSTAL_CODE" : "258912",
				"HOUSE_BLK_NO" : "15",
				"STREET_NAME" : "GOODWOOD HILL",
				"D_TYPE" : "Detached House",
				"NO_OF_UNITS" : 1,
				"INC_CRC" : "4C9196C10C638168",
				"FMEL_UPD_D" : "20241215232953"
			}
		},
		{
			"type" : "Feature",
			"geometry" : {
				"type" : "Point",
				"coordinates" : [ 103.83365624136225, 1.3117667837097429 ]
			},
			"properties" : {
				"OBJECTID" : 33665,
				"POSTAL_CODE" : "258913",
				"HOUSE_BLK_NO" : "19",
				"STREET_NAME" : "GOODWOOD HILL",
				"D_TYPE" : "Detached House",
				"NO_OF_UNITS" : 1,
				"INC_CRC" : "CD3C0B830EB03ED3",
				"FMEL_UPD_D" : "20241215232953"
			}
		},
		{
			"type" : "Feature",
			"geometry" : {
				"type" : "Point",
				"coordinates" : [ 103.8357400707798, 1.3121778624518396 ]
			},
			"properties" : {
				"OBJECTID" : 33666,
				"POSTAL_CODE" : "258899",
				"HOUSE_BLK_NO" : "3A",
				"STREET_NAME" : "GOODWOOD HILL",
				"D_TYPE" : "Detached House",
				"NO_OF_UNITS" : 1,
				"INC_CRC" : "D3118C5D828DA5CD",
				"FMEL_UPD_D" : "20241215232953"
			}
		},
		{
			"type" : "Feature",
			"geometry" : {
				"type" : "Point",
				"coordinates" : [ 103.8352542272418, 1.3125605800732267 ]
			},
			"properties" : {
				"OBJECTID" : 33667,
				"POSTAL_CODE" : "258901",
				"HOUSE_BLK_NO" : "4A",
				"STREET_NAME" : "GOODWOOD HILL",
				"D_TYPE" : "Detached House",
				"NO_OF_UNITS" : 1,
				"INC_CRC" : "E7E90DEEB113A533",
				"FMEL_UPD_D" : "20241215232953"
			}
		},
		{
			"type" : "Feature",
			"geometry" : {
				"type" : "Point",
				"coordinates" : [ 103.83594722069944, 1.3131899349811162 ]
			},
			"properties" : {
				"OBJECTID" : 33668,
				"POSTAL_CODE" : "258902",
				"HOUSE_BLK_NO" : "5A",
				"STREET_NAME" : "GOODWOOD HILL",
				"D_TYPE" : "Detached House",
				"NO_OF_UNITS" : 1,
				"INC_CRC" : "9F3FE721D7E2140B",
				"FMEL_UPD_D" : "20241215232953"
			}
		},
		{
			"type" : "Feature",
			"geometry" : {
				"type" : "Point",
				"coordinates" : [ 103.83576661410392, 1.3132901369653271 ]
			},
			"properties" : {
				"OBJECTID" : 33669,
				"POSTAL_CODE" : "258903",
				"HOUSE_BLK_NO" : "5B",
				"STREET_NAME" : "GOODWOOD HILL",
				"D_TYPE" : "Detached House",
				"NO_OF_UNITS" : 1,
				"INC_CRC" : "795B045CFD8E941E",
				"FMEL_UPD_D" : "20241215232953"
			}
		},
		{
			"type" : "Feature",
			"geometry" : {
				"type" : "Point",
				"coordinates" : [ 103.83470291390971, 1.3138167773823954 ]
			},
			"properties" : {
				"OBJECTID" : 33670,
				"POSTAL_CODE" : "258907",
				"HOUSE_BLK_NO" : "7A",
				"STREET_NAME" : "GOODWOOD HILL",
				"D_TYPE" : "Detached House",
				"NO_OF_UNITS" : 1,
				"INC_CRC" : "2176601696292EF0",
				"FMEL_UPD_D" : "20241215232953"
			}
		},
		{
			"type" : "Feature",
			"geometry" : {
				"type" : "Point",
				"coordinates" : [ 103.83280025956338, 1.3140153689565899 ]
			},
			"properties" : {
				"OBJECTID" : 33671,
				"POSTAL_CODE" : "258911",
				"HOUSE_BLK_NO" : "11A",
				"STREET_NAME" : "GOODWOOD HILL",
				"D_TYPE" : "Detached House",
				"NO_OF_UNITS" : 1,
				"INC_CRC" : "461939266749F2C8",
				"FMEL_UPD_D" : "20241215232953"
			}
		},
		{
			"type" : "Feature",
			"geometry" : {
				"type" : "Point",
				"coordinates" : [ 103.83349167937257, 1.3134590318784907 ]
			},
			"properties" : {
				"OBJECTID" : 33672,
				"POSTAL_CODE" : "258909",
				"HOUSE_BLK_NO" : "10A/B",
				"STREET_NAME" : "GOODWOOD HILL",
				"D_TYPE" : "Detached House",
				"NO_OF_UNITS" : 1,
				"INC_CRC" : "5EA1B881AEBBDA5C",
				"FMEL_UPD_D" : "20241215232953"
			}
		},
		{
			"type" : "Feature",
			"geometry" : {
				"type" : "Point",
				"coordinates" : [ 103.79697728030833, 1.2998482625575296 ]
			},
			"properties" : {
				"OBJECTID" : 33673,
				"POSTAL_CODE" : "140071",
				"HOUSE_BLK_NO" : "71",
				"STREET_NAME" : "COMMONWEALTH DRIVE",
				"D_TYPE" : "3-room flat",
				"NO_OF_UNITS" : 18,
				"INC_CRC" : "700D26497C734AE8",
				"FMEL_UPD_D" : "20241215232953"
			}
		},
		{
			"type" : "Feature",
			"geometry" : {
				"type" : "Point",
				"coordinates" : [ 103.79695269080386, 1.3000315814314423 ]
			},
			"properties" : {
				"OBJECTID" : 33674,
				"POSTAL_CODE" : "140072",
				"HOUSE_BLK_NO" : "72",
				"STREET_NAME" : "COMMONWEALTH DRIVE",
				"D_TYPE" : "3-room flat",
				"NO_OF_UNITS" : 12,
				"INC_CRC" : "178B9BE144F7B190",
				"FMEL_UPD_D" : "20241215232953"
			}
		},
		{
			"type" : "Feature",
			"geometry" : {
				"type" : "Point",
				"coordinates" : [ 103.79659183975262, 1.3000271484042663 ]
			},
			"properties" : {
				"OBJECTID" : 33675,
				"POSTAL_CODE" : "140073",
				"HOUSE_BLK_NO" : "73",
				"STREET_NAME" : "COMMONWEALTH DRIVE",
				"D_TYPE" : "3-room flat",
				"NO_OF_UNITS" : 12,
				"INC_CRC" : "AF28C3E30FC48648",
				"FMEL_UPD_D" : "20241215232953"
			}
		},
		{
			"type" : "Feature",
			"geometry" : {
				"type" : "Point",
				"coordinates" : [ 103.79884456306537, 1.309696759760227 ]
			},
			"properties" : {
				"OBJECTID" : 33676,
				"POSTAL_CODE" : "278156",
				"HOUSE_BLK_NO" : "10",
				"STREET_NAME" : "JALAN KUNING",
				"D_TYPE" : "Terrace House",
				"NO_OF_UNITS" : 1,
				"INC_CRC" : "E9E5EE6E4C11A5D5",
				"FMEL_UPD_D" : "20241215232953"
			}
		},
		{
			"type" : "Feature",
			"geometry" : {
				"type" : "Point",
				"coordinates" : [ 103.79887782967084, 1.3092615935550775 ]
			},
			"properties" : {
				"OBJECTID" : 33677,
				"POSTAL_CODE" : "278157",
				"HOUSE_BLK_NO" : "11",
				"STREET_NAME" : "JALAN KUNING",
				"D_TYPE" : "Terrace House",
				"NO_OF_UNITS" : 1,
				"INC_CRC" : "9347AF3A561D774E",
				"FMEL_UPD_D" : "20241215232953"
			}
		},
		{
			"type" : "Feature",
			"geometry" : {
				"type" : "Point",
				"coordinates" : [ 103.79878755331386, 1.3097301137441129 ]
			},
			"properties" : {
				"OBJECTID" : 33678,
				"POSTAL_CODE" : "278158",
				"HOUSE_BLK_NO" : "12",
				"STREET_NAME" : "JALAN KUNING",
				"D_TYPE" : "Terrace House",
				"NO_OF_UNITS" : 1,
				"INC_CRC" : "C7A039A06BAD66A6",
				"FMEL_UPD_D" : "20241215232953"
			}
		},
		{
			"type" : "Feature",
			"geometry" : {
				"type" : "Point",
				"coordinates" : [ 103.79875478888637, 1.3097783231557594 ]
			},
			"properties" : {
				"OBJECTID" : 33679,
				"POSTAL_CODE" : "278159",
				"HOUSE_BLK_NO" : "14",
				"STREET_NAME" : "JALAN KUNING",
				"D_TYPE" : "Terrace House",
				"NO_OF_UNITS" : 1,
				"INC_CRC" : "6617948F8AA12B07",
				"FMEL_UPD_D" : "20241215232953"
			}
		},
		{
			"type" : "Feature",
			"geometry" : {
				"type" : "Point",
				"coordinates" : [ 103.7988142344035, 1.3092998346350189 ]
			},
			"properties" : {
				"OBJECTID" : 33680,
				"POSTAL_CODE" : "278160",
				"HOUSE_BLK_NO" : "15",
				"STREET_NAME" : "JALAN KUNING",
				"D_TYPE" : "Terrace House",
				"NO_OF_UNITS" : 1,
				"INC_CRC" : "E1E97DC8C22F49E3",
				"FMEL_UPD_D" : "20241215232953"
			}
		},
		{
			"type" : "Feature",
			"geometry" : {
				"type" : "Point",
				"coordinates" : [ 103.79869998055145, 1.3098134108349753 ]
			},
			"properties" : {
				"OBJECTID" : 33681,
				"POSTAL_CODE" : "278161",
				"HOUSE_BLK_NO" : "16",
				"STREET_NAME" : "JALAN KUNING",
				"D_TYPE" : "Terrace House",
				"NO_OF_UNITS" : 1,
				"INC_CRC" : "EADBEDB2246A7CEA",
				"FMEL_UPD_D" : "20241215232953"
			}
		},
		{
			"type" : "Feature",
			"geometry" : {
				"type" : "Point",
				"coordinates" : [ 103.7987324566092, 1.309367469118047 ]
			},
			"properties" : {
				"OBJECTID" : 33682,
				"POSTAL_CODE" : "278162",
				"HOUSE_BLK_NO" : "17",
				"STREET_NAME" : "JALAN KUNING",
				"D_TYPE" : "Terrace House",
				"NO_OF_UNITS" : 1,
				"INC_CRC" : "B816118D3D927AA1",
				"FMEL_UPD_D" : "20241215232953"
			}
		},
		{
			"type" : "Feature",
			"geometry" : {
				"type" : "Point",
				"coordinates" : [ 103.79866664288058, 1.309859201966537 ]
			},
			"properties" : {
				"OBJECTID" : 33683,
				"POSTAL_CODE" : "278163",
				"HOUSE_BLK_NO" : "18",
				"STREET_NAME" : "JALAN KUNING",
				"D_TYPE" : "Terrace House",
				"NO_OF_UNITS" : 1,
				"INC_CRC" : "70DEE82D7983CF4E",
				"FMEL_UPD_D" : "20241215232953"
			}
		},
		{
			"type" : "Feature",
			"geometry" : {
				"type" : "Point",
				"coordinates" : [ 103.83019529146978, 1.4572437669698315 ]
			},
			"properties" : {
				"OBJECTID" : 33684,
				"POSTAL_CODE" : "758820",
				"HOUSE_BLK_NO" : "115",
				"STREET_NAME" : "KING'S AVENUE",
				"D_TYPE" : "Detached House",
				"NO_OF_UNITS" : 1,
				"INC_CRC" : "48404D24287F3ADE",
				"FMEL_UPD_D" : "20241215232953"
			}
		},
		{
			"type" : "Feature",
			"geometry" : {
				"type" : "Point",
				"coordinates" : [ 103.83057151040408, 1.4569049015187292 ]
			},
			"properties" : {
				"OBJECTID" : 33685,
				"POSTAL_CODE" : "758821",
				"HOUSE_BLK_NO" : "116",
				"STREET_NAME" : "KING'S AVENUE",
				"D_TYPE" : "Detached House",
				"NO_OF_UNITS" : 1,
				"INC_CRC" : "E3D5EDF2A7DB83FA",
				"FMEL_UPD_D" : "20241215232953"
			}
		},
		{
			"type" : "Feature",
			"geometry" : {
				"type" : "Point",
				"coordinates" : [ 103.83153355962526, 1.457575765750267 ]
			},
			"properties" : {
				"OBJECTID" : 33686,
				"POSTAL_CODE" : "758823",
				"HOUSE_BLK_NO" : "120",
				"STREET_NAME" : "KING'S AVENUE",
				"D_TYPE" : "Detached House",
				"NO_OF_UNITS" : 1,
				"INC_CRC" : "2C462A6FC0CCDCC8",
				"FMEL_UPD_D" : "20241215232953"
			}
		},
		{
			"type" : "Feature",
			"geometry" : {
				"type" : "Point",
				"coordinates" : [ 103.83096443246136, 1.4582957679678832 ]
			},
			"properties" : {
				"OBJECTID" : 33687,
				"POSTAL_CODE" : "758824",
				"HOUSE_BLK_NO" : "122",
				"STREET_NAME" : "KING'S AVENUE",
				"D_TYPE" : "Detached House",
				"NO_OF_UNITS" : 1,
				"INC_CRC" : "FBDC4A4972F81034",
				"FMEL_UPD_D" : "20241215232953"
			}
		},
		{
			"type" : "Feature",
			"geometry" : {
				"type" : "Point",
				"coordinates" : [ 103.83150344655968, 1.458618873167926 ]
			},
			"properties" : {
				"OBJECTID" : 33688,
				"POSTAL_CODE" : "758825",
				"HOUSE_BLK_NO" : "124",
				"STREET_NAME" : "KING'S AVENUE",
				"D_TYPE" : "Detached House",
				"NO_OF_UNITS" : 1,
				"INC_CRC" : "C065CF4D86DD2118",
				"FMEL_UPD_D" : "20241215232953"
			}
		},
		{
			"type" : "Feature",
			"geometry" : {
				"type" : "Point",
				"coordinates" : [ 103.83172081930051, 1.4581835027529644 ]
			},
			"properties" : {
				"OBJECTID" : 33689,
				"POSTAL_CODE" : "758826",
				"HOUSE_BLK_NO" : "126",
				"STREET_NAME" : "KING'S AVENUE",
				"D_TYPE" : "Detached House",
				"NO_OF_UNITS" : 1,
				"INC_CRC" : "CC48CC5BD3B9FAED",
				"FMEL_UPD_D" : "20241215232953"
			}
		},
		{
			"type" : "Feature",
			"geometry" : {
				"type" : "Point",
				"coordinates" : [ 103.83236642150386, 1.4583779458199737 ]
			},
			"properties" : {
				"OBJECTID" : 33690,
				"POSTAL_CODE" : "758827",
				"HOUSE_BLK_NO" : "127",
				"STREET_NAME" : "KING'S AVENUE",
				"D_TYPE" : "Detached House",
				"NO_OF_UNITS" : 1,
				"INC_CRC" : "6E70EFCCB393CAA1",
				"FMEL_UPD_D" : "20241215232953"
			}
		},
		{
			"type" : "Feature",
			"geometry" : {
				"type" : "Point",
				"coordinates" : [ 103.76626004004777, 1.355054804504713 ]
			},
			"properties" : {
				"OBJECTID" : 33691,
				"POSTAL_CODE" : "596160",
				"HOUSE_BLK_NO" : "2",
				"STREET_NAME" : "LORONG SESUAI",
				"D_TYPE" : "Terrace House",
				"NO_OF_UNITS" : 1,
				"INC_CRC" : "B5B7C8815711D8D4",
				"FMEL_UPD_D" : "20241215232953"
			}
		},
		{
			"type" : "Feature",
			"geometry" : {
				"type" : "Point",
				"coordinates" : [ 103.76620540053932, 1.3551386465472126 ]
			},
			"properties" : {
				"OBJECTID" : 33692,
				"POSTAL_CODE" : "596161",
				"HOUSE_BLK_NO" : "4",
				"STREET_NAME" : "LORONG SESUAI",
				"D_TYPE" : "Terrace House",
				"NO_OF_UNITS" : 1,
				"INC_CRC" : "0A07743B09DBCA2B",
				"FMEL_UPD_D" : "20241215232953"
			}
		},
		{
			"type" : "Feature",
			"geometry" : {
				"type" : "Point",
				"coordinates" : [ 103.76615051570859, 1.3552228647967077 ]
			},
			"properties" : {
				"OBJECTID" : 33693,
				"POSTAL_CODE" : "596162",
				"HOUSE_BLK_NO" : "6",
				"STREET_NAME" : "LORONG SESUAI",
				"D_TYPE" : "Terrace House",
				"NO_OF_UNITS" : 1,
				"INC_CRC" : "B99C435A60CAE6F3",
				"FMEL_UPD_D" : "20241215232953"
			}
		},
		{
			"type" : "Feature",
			"geometry" : {
				"type" : "Point",
				"coordinates" : [ 103.76609551585268, 1.3553072666273347 ]
			},
			"properties" : {
				"OBJECTID" : 33694,
				"POSTAL_CODE" : "596163",
				"HOUSE_BLK_NO" : "8",
				"STREET_NAME" : "LORONG SESUAI",
				"D_TYPE" : "Terrace House",
				"NO_OF_UNITS" : 1,
				"INC_CRC" : "77852EFC3F8E6628",
				"FMEL_UPD_D" : "20241215232953"
			}
		},
		{
			"type" : "Feature",
			"geometry" : {
				"type" : "Point",
				"coordinates" : [ 103.76577821261776, 1.3547375863446074 ]
			},
			"properties" : {
				"OBJECTID" : 33695,
				"POSTAL_CODE" : "596164",
				"HOUSE_BLK_NO" : "10",
				"STREET_NAME" : "LORONG SESUAI",
				"D_TYPE" : "Detached House",
				"NO_OF_UNITS" : 1,
				"INC_CRC" : "7A57A6FD96FAAD39",
				"FMEL_UPD_D" : "20241215232953"
			}
		},
		{
			"type" : "Feature",
			"geometry" : {
				"type" : "Point",
				"coordinates" : [ 103.76519617740352, 1.3549691015364356 ]
			},
			"properties" : {
				"OBJECTID" : 33696,
				"POSTAL_CODE" : "596165",
				"HOUSE_BLK_NO" : "12",
				"STREET_NAME" : "LORONG SESUAI",
				"D_TYPE" : "Semi-Detached House",
				"NO_OF_UNITS" : 1,
				"INC_CRC" : "BC647031A767080D",
				"FMEL_UPD_D" : "20241215232953"
			}
		},
		{
			"type" : "Feature",
			"geometry" : {
				"type" : "Point",
				"coordinates" : [ 103.76513957973542, 1.3550263488726986 ]
			},
			"properties" : {
				"OBJECTID" : 33697,
				"POSTAL_CODE" : "596166",
				"HOUSE_BLK_NO" : "14",
				"STREET_NAME" : "LORONG SESUAI",
				"D_TYPE" : "Semi-Detached House",
				"NO_OF_UNITS" : 1,
				"INC_CRC" : "5CF1EE9A81C10180",
				"FMEL_UPD_D" : "20241215232953"
			}
		},
		{
			"type" : "Feature",
			"geometry" : {
				"type" : "Point",
				"coordinates" : [ 103.76497893158451, 1.355191652966697 ]
			},
			"properties" : {
				"OBJECTID" : 33698,
				"POSTAL_CODE" : "596167",
				"HOUSE_BLK_NO" : "16",
				"STREET_NAME" : "LORONG SESUAI",
				"D_TYPE" : "Semi-Detached House",
				"NO_OF_UNITS" : 1,
				"INC_CRC" : "83ED43AA23C795FA",
				"FMEL_UPD_D" : "20241215232953"
			}
		},
		{
			"type" : "Feature",
			"geometry" : {
				"type" : "Point",
				"coordinates" : [ 103.76493298352469, 1.3552868368504216 ]
			},
			"properties" : {
				"OBJECTID" : 33699,
				"POSTAL_CODE" : "596168",
				"HOUSE_BLK_NO" : "18",
				"STREET_NAME" : "LORONG SESUAI",
				"D_TYPE" : "Semi-Detached House",
				"NO_OF_UNITS" : 1,
				"INC_CRC" : "335AE9FAC3A77770",
				"FMEL_UPD_D" : "20241215232953"
			}
		},
		{
			"type" : "Feature",
			"geometry" : {
				"type" : "Point",
				"coordinates" : [ 103.76450528825298, 1.355294564202945 ]
			},
			"properties" : {
				"OBJECTID" : 33700,
				"POSTAL_CODE" : "596169",
				"HOUSE_BLK_NO" : "20",
				"STREET_NAME" : "LORONG SESUAI",
				"D_TYPE" : "Detached House",
				"NO_OF_UNITS" : 1,
				"INC_CRC" : "2966E16F91FD0719",
				"FMEL_UPD_D" : "20241215232953"
			}
		},
		{
			"type" : "Feature",
			"geometry" : {
				"type" : "Point",
				"coordinates" : [ 103.76470255409434, 1.354896515941904 ]
			},
			"properties" : {
				"OBJECTID" : 33701,
				"POSTAL_CODE" : "596170",
				"HOUSE_BLK_NO" : "22",
				"STREET_NAME" : "LORONG SESUAI",
				"D_TYPE" : "Detached House",
				"NO_OF_UNITS" : 1,
				"INC_CRC" : "4C593FF6845C4CC2",
				"FMEL_UPD_D" : "20241215232953"
			}
		},
		{
			"type" : "Feature",
			"geometry" : {
				"type" : "Point",
				"coordinates" : [ 103.76498295760629, 1.354117247235995 ]
			},
			"properties" : {
				"OBJECTID" : 33702,
				"POSTAL_CODE" : "596171",
				"HOUSE_BLK_NO" : "24",
				"STREET_NAME" : "LORONG SESUAI",
				"D_TYPE" : "Semi-Detached House",
				"NO_OF_UNITS" : 1,
				"INC_CRC" : "0366BD35E0B06426",
				"FMEL_UPD_D" : "20241215232953"
			}
		},
		{
			"type" : "Feature",
			"geometry" : {
				"type" : "Point",
				"coordinates" : [ 103.76500936145824, 1.3540048835009935 ]
			},
			"properties" : {
				"OBJECTID" : 33703,
				"POSTAL_CODE" : "596172",
				"HOUSE_BLK_NO" : "26",
				"STREET_NAME" : "LORONG SESUAI",
				"D_TYPE" : "Semi-Detached House",
				"NO_OF_UNITS" : 1,
				"INC_CRC" : "E5A86EF5D3BDDF42",
				"FMEL_UPD_D" : "20241215232953"
			}
		},
		{
			"type" : "Feature",
			"geometry" : {
				"type" : "Point",
				"coordinates" : [ 103.7651107104809, 1.353715395010794 ]
			},
			"properties" : {
				"OBJECTID" : 33704,
				"POSTAL_CODE" : "596173",
				"HOUSE_BLK_NO" : "28",
				"STREET_NAME" : "LORONG SESUAI",
				"D_TYPE" : "Semi-Detached House",
				"NO_OF_UNITS" : 1,
				"INC_CRC" : "A0639C15E12C0593",
				"FMEL_UPD_D" : "20241215232953"
			}
		},
		{
			"type" : "Feature",
			"geometry" : {
				"type" : "Point",
				"coordinates" : [ 103.76514354607986, 1.3536087931570444 ]
			},
			"properties" : {
				"OBJECTID" : 33705,
				"POSTAL_CODE" : "596174",
				"HOUSE_BLK_NO" : "30",
				"STREET_NAME" : "LORONG SESUAI",
				"D_TYPE" : "Semi-Detached House",
				"NO_OF_UNITS" : 1,
				"INC_CRC" : "CD33EF0611603273",
				"FMEL_UPD_D" : "20241215232953"
			}
		},
		{
			"type" : "Feature",
			"geometry" : {
				"type" : "Point",
				"coordinates" : [ 103.83449643608989, 1.4592006905037003 ]
			},
			"properties" : {
				"OBJECTID" : 33706,
				"POSTAL_CODE" : "758735",
				"HOUSE_BLK_NO" : "164",
				"STREET_NAME" : "MALTA CRESCENT",
				"D_TYPE" : "Detached House",
				"NO_OF_UNITS" : 1,
				"INC_CRC" : "ED946A9B5817B807",
				"FMEL_UPD_D" : "20241215232953"
			}
		},
		{
			"type" : "Feature",
			"geometry" : {
				"type" : "Point",
				"coordinates" : [ 103.81486050681222, 1.40221753704266 ]
			},
			"properties" : {
				"OBJECTID" : 33707,
				"POSTAL_CODE" : "779392",
				"HOUSE_BLK_NO" : "155-14",
				"STREET_NAME" : "MANDAI ROAD",
				"D_TYPE" : "Detached House",
				"NO_OF_UNITS" : 1,
				"INC_CRC" : "7B3C38E7FEFD7074",
				"FMEL_UPD_D" : "20241215232953"
			}
		},
		{
			"type" : "Feature",
			"geometry" : {
				"type" : "Point",
				"coordinates" : [ 103.82192144587067, 1.2674048106594455 ]
			},
			"properties" : {
				"OBJECTID" : 33708,
				"POSTAL_CODE" : "099280",
				"HOUSE_BLK_NO" : "45",
				"STREET_NAME" : "MARANG ROAD",
				"D_TYPE" : "Detached House",
				"NO_OF_UNITS" : 1,
				"INC_CRC" : "596B922BD1B5AD81",
				"FMEL_UPD_D" : "20241215232953"
			}
		},
		{
			"type" : "Feature",
			"geometry" : {
				"type" : "Point",
				"coordinates" : [ 103.8163632132196, 1.3251573146576463 ]
			},
			"properties" : {
				"OBJECTID" : 33709,
				"POSTAL_CODE" : "298749",
				"HOUSE_BLK_NO" : "1",
				"STREET_NAME" : "LEYDEN HILL",
				"D_TYPE" : "Detached House",
				"NO_OF_UNITS" : 1,
				"INC_CRC" : "B5C9DCA9126A8EF7",
				"FMEL_UPD_D" : "20241215232953"
			}
		},
		{
			"type" : "Feature",
			"geometry" : {
				"type" : "Point",
				"coordinates" : [ 103.81605538451589, 1.3251996738574738 ]
			},
			"properties" : {
				"OBJECTID" : 33710,
				"POSTAL_CODE" : "298750",
				"HOUSE_BLK_NO" : "2",
				"STREET_NAME" : "LEYDEN HILL",
				"D_TYPE" : "Detached House",
				"NO_OF_UNITS" : 1,
				"INC_CRC" : "05EECFBC9E3A7353",
				"FMEL_UPD_D" : "20241215232953"
			}
		},
		{
			"type" : "Feature",
			"geometry" : {
				"type" : "Point",
				"coordinates" : [ 103.81580854675138, 1.325270404274789 ]
			},
			"properties" : {
				"OBJECTID" : 33711,
				"POSTAL_CODE" : "298751",
				"HOUSE_BLK_NO" : "3",
				"STREET_NAME" : "LEYDEN HILL",
				"D_TYPE" : "Detached House",
				"NO_OF_UNITS" : 1,
				"INC_CRC" : "B50E0F3A3502EEC4",
				"FMEL_UPD_D" : "20241215232953"
			}
		},
		{
			"type" : "Feature",
			"geometry" : {
				"type" : "Point",
				"coordinates" : [ 103.81545791542727, 1.3253096801155801 ]
			},
			"properties" : {
				"OBJECTID" : 33712,
				"POSTAL_CODE" : "298752",
				"HOUSE_BLK_NO" : "4",
				"STREET_NAME" : "LEYDEN HILL",
				"D_TYPE" : "Detached House",
				"NO_OF_UNITS" : 1,
				"INC_CRC" : "AA32F564E113EC64",
				"FMEL_UPD_D" : "20241215232953"
			}
		},
		{
			"type" : "Feature",
			"geometry" : {
				"type" : "Point",
				"coordinates" : [ 103.81515098815402, 1.3251995452539544 ]
			},
			"properties" : {
				"OBJECTID" : 33713,
				"POSTAL_CODE" : "298753",
				"HOUSE_BLK_NO" : "5",
				"STREET_NAME" : "LEYDEN HILL",
				"D_TYPE" : "Detached House",
				"NO_OF_UNITS" : 1,
				"INC_CRC" : "106F1AFF863CEE4D",
				"FMEL_UPD_D" : "20241215232953"
			}
		},
		{
			"type" : "Feature",
			"geometry" : {
				"type" : "Point",
				"coordinates" : [ 103.87127332877883, 1.404171623116852 ]
			},
			"properties" : {
				"OBJECTID" : 33714,
				"POSTAL_CODE" : "798676",
				"HOUSE_BLK_NO" : "1",
				"STREET_NAME" : "MAIDA VALE",
				"D_TYPE" : "Detached House",
				"NO_OF_UNITS" : 1,
				"INC_CRC" : "1447E03B15BB9DF0",
				"FMEL_UPD_D" : "20241215232953"
			}
		},
		{
			"type" : "Feature",
			"geometry" : {
				"type" : "Point",
				"coordinates" : [ 103.87078403696002, 1.4038998986645128 ]
			},
			"properties" : {
				"OBJECTID" : 33715,
				"POSTAL_CODE" : "798677",
				"HOUSE_BLK_NO" : "2",
				"STREET_NAME" : "MAIDA VALE",
				"D_TYPE" : "Detached House",
				"NO_OF_UNITS" : 1,
				"INC_CRC" : "395E3D19B97A25C9",
				"FMEL_UPD_D" : "20241215232953"
			}
		},
		{
			"type" : "Feature",
			"geometry" : {
				"type" : "Point",
				"coordinates" : [ 103.87101063764402, 1.404493052765582 ]
			},
			"properties" : {
				"OBJECTID" : 33716,
				"POSTAL_CODE" : "798678",
				"HOUSE_BLK_NO" : "3",
				"STREET_NAME" : "MAIDA VALE",
				"D_TYPE" : "Semi-Detached House",
				"NO_OF_UNITS" : 1,
				"INC_CRC" : "B8E1F9F0372D1E20",
				"FMEL_UPD_D" : "20241215232953"
			}
		},
		{
			"type" : "Feature",
			"geometry" : {
				"type" : "Point",
				"coordinates" : [ 103.870966477937, 1.404565974145434 ]
			},
			"properties" : {
				"OBJECTID" : 33717,
				"POSTAL_CODE" : "798680",
				"HOUSE_BLK_NO" : "5",
				"STREET_NAME" : "MAIDA VALE",
				"D_TYPE" : "Semi-Detached House",
				"NO_OF_UNITS" : 1,
				"INC_CRC" : "8F5CE5CFC83CEA5C",
				"FMEL_UPD_D" : "20241215232953"
			}
		},
		{
			"type" : "Feature",
			"geometry" : {
				"type" : "Point",
				"coordinates" : [ 103.8709206644158, 1.4049501097519341 ]
			},
			"properties" : {
				"OBJECTID" : 33718,
				"POSTAL_CODE" : "798682",
				"HOUSE_BLK_NO" : "7",
				"STREET_NAME" : "MAIDA VALE",
				"D_TYPE" : "Semi-Detached House",
				"NO_OF_UNITS" : 1,
				"INC_CRC" : "81222FC78A506CB0",
				"FMEL_UPD_D" : "20241215232953"
			}
		},
		{
			"type" : "Feature",
			"geometry" : {
				"type" : "Point",
				"coordinates" : [ 103.86995376339416, 1.4052323644935347 ]
			},
			"properties" : {
				"OBJECTID" : 33719,
				"POSTAL_CODE" : "798683",
				"HOUSE_BLK_NO" : "8",
				"STREET_NAME" : "MAIDA VALE",
				"D_TYPE" : "Semi-Detached House",
				"NO_OF_UNITS" : 1,
				"INC_CRC" : "EB3D1DFF2344A0CD",
				"FMEL_UPD_D" : "20241215232953"
			}
		},
		{
			"type" : "Feature",
			"geometry" : {
				"type" : "Point",
				"coordinates" : [ 103.87088357650458, 1.4050202193486128 ]
			},
			"properties" : {
				"OBJECTID" : 33720,
				"POSTAL_CODE" : "798684",
				"HOUSE_BLK_NO" : "9",
				"STREET_NAME" : "MAIDA VALE",
				"D_TYPE" : "Semi-Detached House",
				"NO_OF_UNITS" : 1,
				"INC_CRC" : "51EC046F7C4111CB",
				"FMEL_UPD_D" : "20241215232953"
			}
		},
		{
			"type" : "Feature",
			"geometry" : {
				"type" : "Point",
				"coordinates" : [ 103.86970924237096, 1.4056215793998181 ]
			},
			"properties" : {
				"OBJECTID" : 33721,
				"POSTAL_CODE" : "798685",
				"HOUSE_BLK_NO" : "10",
				"STREET_NAME" : "MAIDA VALE",
				"D_TYPE" : "Semi-Detached House",
				"NO_OF_UNITS" : 1,
				"INC_CRC" : "620A24634E0E97AF",
				"FMEL_UPD_D" : "20241215232953"
			}
		},
		{
			"type" : "Feature",
			"geometry" : {
				"type" : "Point",
				"coordinates" : [ 103.87069147408953, 1.4053249614030725 ]
			},
			"properties" : {
				"OBJECTID" : 33722,
				"POSTAL_CODE" : "798686",
				"HOUSE_BLK_NO" : "11",
				"STREET_NAME" : "MAIDA VALE",
				"D_TYPE" : "Semi-Detached House",
				"NO_OF_UNITS" : 1,
				"INC_CRC" : "E134169AB5FC2158",
				"FMEL_UPD_D" : "20241215232953"
			}
		},
		{
			"type" : "Feature",
			"geometry" : {
				"type" : "Point",
				"coordinates" : [ 103.86945748621413, 1.4059162160245653 ]
			},
			"properties" : {
				"OBJECTID" : 33723,
				"POSTAL_CODE" : "798687",
				"HOUSE_BLK_NO" : "12",
				"STREET_NAME" : "MAIDA VALE",
				"D_TYPE" : "Semi-Detached House",
				"NO_OF_UNITS" : 1,
				"INC_CRC" : "2B295368B4995F16",
				"FMEL_UPD_D" : "20241215232953"
			}
		},
		{
			"type" : "Feature",
			"geometry" : {
				"type" : "Point",
				"coordinates" : [ 103.87064687852963, 1.4053969467674738 ]
			},
			"properties" : {
				"OBJECTID" : 33724,
				"POSTAL_CODE" : "798688",
				"HOUSE_BLK_NO" : "13",
				"STREET_NAME" : "MAIDA VALE",
				"D_TYPE" : "Semi-Detached House",
				"NO_OF_UNITS" : 1,
				"INC_CRC" : "29022CEDE765E11C",
				"FMEL_UPD_D" : "20241215232953"
			}
		},
		{
			"type" : "Feature",
			"geometry" : {
				"type" : "Point",
				"coordinates" : [ 103.86921088395317, 1.4064253748783033 ]
			},
			"properties" : {
				"OBJECTID" : 33725,
				"POSTAL_CODE" : "798689",
				"HOUSE_BLK_NO" : "14",
				"STREET_NAME" : "MAIDA VALE",
				"D_TYPE" : "Semi-Detached House",
				"NO_OF_UNITS" : 1,
				"INC_CRC" : "056DEA51181FE45E",
				"FMEL_UPD_D" : "20241215232953"
			}
		},
		{
			"type" : "Feature",
			"geometry" : {
				"type" : "Point",
				"coordinates" : [ 103.87045075843854, 1.4056986755270224 ]
			},
			"properties" : {
				"OBJECTID" : 33726,
				"POSTAL_CODE" : "798690",
				"HOUSE_BLK_NO" : "15",
				"STREET_NAME" : "MAIDA VALE",
				"D_TYPE" : "Semi-Detached House",
				"NO_OF_UNITS" : 1,
				"INC_CRC" : "000A5C7C42CE6894",
				"FMEL_UPD_D" : "20241215232953"
			}
		},
		{
			"type" : "Feature",
			"geometry" : {
				"type" : "Point",
				"coordinates" : [ 103.86895548091216, 1.406819888543591 ]
			},
			"properties" : {
				"OBJECTID" : 33727,
				"POSTAL_CODE" : "798708",
				"HOUSE_BLK_NO" : "16",
				"STREET_NAME" : "MAIDA VALE",
				"D_TYPE" : "Semi-Detached House",
				"NO_OF_UNITS" : 1,
				"INC_CRC" : "EA40249C88A880EB",
				"FMEL_UPD_D" : "20241215232953"
			}
		},
		{
			"type" : "Feature",
			"geometry" : {
				"type" : "Point",
				"coordinates" : [ 103.8704043299602, 1.4057837633392753 ]
			},
			"properties" : {
				"OBJECTID" : 33728,
				"POSTAL_CODE" : "798691",
				"HOUSE_BLK_NO" : "17",
				"STREET_NAME" : "MAIDA VALE",
				"D_TYPE" : "Semi-Detached House",
				"NO_OF_UNITS" : 1,
				"INC_CRC" : "551EA59B0DA56146",
				"FMEL_UPD_D" : "20241215232953"
			}
		},
		{
			"type" : "Feature",
			"geometry" : {
				"type" : "Point",
				"coordinates" : [ 103.8702152634047, 1.406067329628285 ]
			},
			"properties" : {
				"OBJECTID" : 33729,
				"POSTAL_CODE" : "798693",
				"HOUSE_BLK_NO" : "19",
				"STREET_NAME" : "MAIDA VALE",
				"D_TYPE" : "Semi-Detached House",
				"NO_OF_UNITS" : 1,
				"INC_CRC" : "D7E6344F7B84B7EF",
				"FMEL_UPD_D" : "20241215232953"
			}
		},
		{
			"type" : "Feature",
			"geometry" : {
				"type" : "Point",
				"coordinates" : [ 103.87017412310905, 1.4061544657360587 ]
			},
			"properties" : {
				"OBJECTID" : 33730,
				"POSTAL_CODE" : "798695",
				"HOUSE_BLK_NO" : "21",
				"STREET_NAME" : "MAIDA VALE",
				"D_TYPE" : "Semi-Detached House",
				"NO_OF_UNITS" : 1,
				"INC_CRC" : "0F5F2B469EBCDE23",
				"FMEL_UPD_D" : "20241215232953"
			}
		},
		{
			"type" : "Feature",
			"geometry" : {
				"type" : "Point",
				"coordinates" : [ 103.86995528193619, 1.4064393347611397 ]
			},
			"properties" : {
				"OBJECTID" : 33731,
				"POSTAL_CODE" : "798697",
				"HOUSE_BLK_NO" : "23",
				"STREET_NAME" : "MAIDA VALE",
				"D_TYPE" : "Semi-Detached House",
				"NO_OF_UNITS" : 1,
				"INC_CRC" : "AFD54FAE40087768",
				"FMEL_UPD_D" : "20241215232953"
			}
		},
		{
			"type" : "Feature",
			"geometry" : {
				"type" : "Point",
				"coordinates" : [ 103.85569336132849, 1.3075453187638368 ]
			},
			"properties" : {
				"OBJECTID" : 33732,
				"POSTAL_CODE" : "209120",
				"HOUSE_BLK_NO" : "79",
				"STREET_NAME" : "HINDOO ROAD",
				"D_TYPE" : "Other Apartment nec",
				"NO_OF_UNITS" : 2,
				"INC_CRC" : "023E51E14A988454",
				"FMEL_UPD_D" : "20241215232953"
			}
		},
		{
			"type" : "Feature",
			"geometry" : {
				"type" : "Point",
				"coordinates" : [ 103.85574683090381, 1.307511731084211 ]
			},
			"properties" : {
				"OBJECTID" : 33733,
				"POSTAL_CODE" : "209121",
				"HOUSE_BLK_NO" : "81",
				"STREET_NAME" : "HINDOO ROAD",
				"D_TYPE" : "Other Apartment nec",
				"NO_OF_UNITS" : 2,
				"INC_CRC" : "9D01DCB2A2230223",
				"FMEL_UPD_D" : "20241215232953"
			}
		},
		{
			"type" : "Feature",
			"geometry" : {
				"type" : "Point",
				"coordinates" : [ 103.85580153598123, 1.307478210315315 ]
			},
			"properties" : {
				"OBJECTID" : 33734,
				"POSTAL_CODE" : "209122",
				"HOUSE_BLK_NO" : "83",
				"STREET_NAME" : "HINDOO ROAD",
				"D_TYPE" : "Other Apartment nec",
				"NO_OF_UNITS" : 2,
				"INC_CRC" : "433BAF060D2F6FB4",
				"FMEL_UPD_D" : "20241215232953"
			}
		},
		{
			"type" : "Feature",
			"geometry" : {
				"type" : "Point",
				"coordinates" : [ 103.85584800678204, 1.3074463645029424 ]
			},
			"properties" : {
				"OBJECTID" : 33735,
				"POSTAL_CODE" : "209123",
				"HOUSE_BLK_NO" : "85",
				"STREET_NAME" : "HINDOO ROAD",
				"D_TYPE" : "Other Apartment nec",
				"NO_OF_UNITS" : 2,
				"INC_CRC" : "154175004BAFA8F8",
				"FMEL_UPD_D" : "20241215232953"
			}
		},
		{
			"type" : "Feature",
			"geometry" : {
				"type" : "Point",
				"coordinates" : [ 103.85589391240701, 1.3074158354497991 ]
			},
			"properties" : {
				"OBJECTID" : 33736,
				"POSTAL_CODE" : "209124",
				"HOUSE_BLK_NO" : "87",
				"STREET_NAME" : "HINDOO ROAD",
				"D_TYPE" : "Other Apartment nec",
				"NO_OF_UNITS" : 2,
				"INC_CRC" : "1C1172C14F203E19",
				"FMEL_UPD_D" : "20241215232953"
			}
		},
		{
			"type" : "Feature",
			"geometry" : {
				"type" : "Point",
				"coordinates" : [ 103.85594108857872, 1.307385483639788 ]
			},
			"properties" : {
				"OBJECTID" : 33737,
				"POSTAL_CODE" : "209125",
				"HOUSE_BLK_NO" : "89",
				"STREET_NAME" : "HINDOO ROAD",
				"D_TYPE" : "Other Apartment nec",
				"NO_OF_UNITS" : 2,
				"INC_CRC" : "DA5D9DEF39210C97",
				"FMEL_UPD_D" : "20241215232953"
			}
		},
		{
			"type" : "Feature",
			"geometry" : {
				"type" : "Point",
				"coordinates" : [ 103.85598940590117, 1.307354742941724 ]
			},
			"properties" : {
				"OBJECTID" : 33738,
				"POSTAL_CODE" : "209126",
				"HOUSE_BLK_NO" : "91",
				"STREET_NAME" : "HINDOO ROAD",
				"D_TYPE" : "Other Apartment nec",
				"NO_OF_UNITS" : 2,
				"INC_CRC" : "CD3C37E31ADB7308",
				"FMEL_UPD_D" : "20241215232953"
			}
		},
		{
			"type" : "Feature",
			"geometry" : {
				"type" : "Point",
				"coordinates" : [ 103.85604149439835, 1.3073208731066313 ]
			},
			"properties" : {
				"OBJECTID" : 33739,
				"POSTAL_CODE" : "209127",
				"HOUSE_BLK_NO" : "93",
				"STREET_NAME" : "HINDOO ROAD",
				"D_TYPE" : "Other Apartment nec",
				"NO_OF_UNITS" : 2,
				"INC_CRC" : "BF97072AF05AFCD9",
				"FMEL_UPD_D" : "20241215232953"
			}
		},
		{
			"type" : "Feature",
			"geometry" : {
				"type" : "Point",
				"coordinates" : [ 103.85609245162404, 1.3072871416485807 ]
			},
			"properties" : {
				"OBJECTID" : 33740,
				"POSTAL_CODE" : "209128",
				"HOUSE_BLK_NO" : "95",
				"STREET_NAME" : "HINDOO ROAD",
				"D_TYPE" : "Other Apartment nec",
				"NO_OF_UNITS" : 2,
				"INC_CRC" : "F9E24CF899398D0C",
				"FMEL_UPD_D" : "20241215232953"
			}
		},
		{
			"type" : "Feature",
			"geometry" : {
				"type" : "Point",
				"coordinates" : [ 103.84337744178391, 1.3115004958678278 ]
			},
			"properties" : {
				"OBJECTID" : 33741,
				"POSTAL_CODE" : "229182",
				"HOUSE_BLK_NO" : "1",
				"STREET_NAME" : "HOOPER ROAD",
				"D_TYPE" : "Terrace House",
				"NO_OF_UNITS" : 1,
				"INC_CRC" : "BC0B049BCEC726B8",
				"FMEL_UPD_D" : "20241215232953"
			}
		},
		{
			"type" : "Feature",
			"geometry" : {
				"type" : "Point",
				"coordinates" : [ 103.84331859589305, 1.3115228501915681 ]
			},
			"properties" : {
				"OBJECTID" : 33742,
				"POSTAL_CODE" : "229183",
				"HOUSE_BLK_NO" : "3",
				"STREET_NAME" : "HOOPER ROAD",
				"D_TYPE" : "Terrace House",
				"NO_OF_UNITS" : 1,
				"INC_CRC" : "C4D3A1CA7D69C852",
				"FMEL_UPD_D" : "20241215232953"
			}
		},
		{
			"type" : "Feature",
			"geometry" : {
				"type" : "Point",
				"coordinates" : [ 103.84325977606618, 1.3115470114344985 ]
			},
			"properties" : {
				"OBJECTID" : 33743,
				"POSTAL_CODE" : "229184",
				"HOUSE_BLK_NO" : "5",
				"STREET_NAME" : "HOOPER ROAD",
				"D_TYPE" : "Terrace House",
				"NO_OF_UNITS" : 1,
				"INC_CRC" : "6644B2B320FB0DC9",
				"FMEL_UPD_D" : "20241215232953"
			}
		},
		{
			"type" : "Feature",
			"geometry" : {
				"type" : "Point",
				"coordinates" : [ 103.84320209473641, 1.3115804984803692 ]
			},
			"properties" : {
				"OBJECTID" : 33744,
				"POSTAL_CODE" : "229185",
				"HOUSE_BLK_NO" : "7",
				"STREET_NAME" : "HOOPER ROAD",
				"D_TYPE" : "Terrace House",
				"NO_OF_UNITS" : 1,
				"INC_CRC" : "886FEDDB3246750C",
				"FMEL_UPD_D" : "20241215232953"
			}
		},
		{
			"type" : "Feature",
			"geometry" : {
				"type" : "Point",
				"coordinates" : [ 103.8431461601853, 1.311614164582225 ]
			},
			"properties" : {
				"OBJECTID" : 33745,
				"POSTAL_CODE" : "229186",
				"HOUSE_BLK_NO" : "9",
				"STREET_NAME" : "HOOPER ROAD",
				"D_TYPE" : "Terrace House",
				"NO_OF_UNITS" : 1,
				"INC_CRC" : "CE9CBBB3A157B1F7",
				"FMEL_UPD_D" : "20241215232953"
			}
		},
		{
			"type" : "Feature",
			"geometry" : {
				"type" : "Point",
				"coordinates" : [ 103.84381172023097, 1.311450341627104 ]
			},
			"properties" : {
				"OBJECTID" : 33746,
				"POSTAL_CODE" : "229187",
				"HOUSE_BLK_NO" : "10",
				"STREET_NAME" : "HOOPER ROAD",
				"D_TYPE" : "Terrace House",
				"NO_OF_UNITS" : 1,
				"INC_CRC" : "450B64CEC6AEF05E",
				"FMEL_UPD_D" : "20241215232953"
			}
		},
		{
			"type" : "Feature",
			"geometry" : {
				"type" : "Point",
				"coordinates" : [ 103.84308452610486, 1.3116399093747235 ]
			},
			"properties" : {
				"OBJECTID" : 33747,
				"POSTAL_CODE" : "229188",
				"HOUSE_BLK_NO" : "11",
				"STREET_NAME" : "HOOPER ROAD",
				"D_TYPE" : "Terrace House",
				"NO_OF_UNITS" : 1,
				"INC_CRC" : "9F422254900D8AE7",
				"FMEL_UPD_D" : "20241215232953"
			}
		},
		{
			"type" : "Feature",
			"geometry" : {
				"type" : "Point",
				"coordinates" : [ 103.84386026743941, 1.3115459825114273 ]
			},
			"properties" : {
				"OBJECTID" : 33748,
				"POSTAL_CODE" : "229189",
				"HOUSE_BLK_NO" : "12",
				"STREET_NAME" : "HOOPER ROAD",
				"D_TYPE" : "Terrace House",
				"NO_OF_UNITS" : 1,
				"INC_CRC" : "6318B26ACE9F56E0",
				"FMEL_UPD_D" : "20241215232953"
			}
		},
		{
			"type" : "Feature",
			"geometry" : {
				"type" : "Point",
				"coordinates" : [ 103.84302558588881, 1.311669641499188 ]
			},
			"properties" : {
				"OBJECTID" : 33749,
				"POSTAL_CODE" : "229190",
				"HOUSE_BLK_NO" : "13",
				"STREET_NAME" : "HOOPER ROAD",
				"D_TYPE" : "Terrace House",
				"NO_OF_UNITS" : 1,
				"INC_CRC" : "83C37793577F2C90",
				"FMEL_UPD_D" : "20241215232953"
			}
		},
		{
			"type" : "Feature",
			"geometry" : {
				"type" : "Point",
				"coordinates" : [ 103.84390857024421, 1.3116411522217288 ]
			},
			"properties" : {
				"OBJECTID" : 33750,
				"POSTAL_CODE" : "229191",
				"HOUSE_BLK_NO" : "14",
				"STREET_NAME" : "HOOPER ROAD",
				"D_TYPE" : "Terrace House",
				"NO_OF_UNITS" : 1,
				"INC_CRC" : "4F241CB9547B57D9",
				"FMEL_UPD_D" : "20241215232953"
			}
		},
		{
			"type" : "Feature",
			"geometry" : {
				"type" : "Point",
				"coordinates" : [ 103.84295107019953, 1.3116939275982888 ]
			},
			"properties" : {
				"OBJECTID" : 33751,
				"POSTAL_CODE" : "229192",
				"HOUSE_BLK_NO" : "15",
				"STREET_NAME" : "HOOPER ROAD",
				"D_TYPE" : "Terrace House",
				"NO_OF_UNITS" : 1,
				"INC_CRC" : "68CF737C82036D86",
				"FMEL_UPD_D" : "20241215232953"
			}
		},
		{
			"type" : "Feature",
			"geometry" : {
				"type" : "Point",
				"coordinates" : [ 103.84395487914216, 1.3117292271984164 ]
			},
			"properties" : {
				"OBJECTID" : 33752,
				"POSTAL_CODE" : "229193",
				"HOUSE_BLK_NO" : "16",
				"STREET_NAME" : "HOOPER ROAD",
				"D_TYPE" : "Terrace House",
				"NO_OF_UNITS" : 1,
				"INC_CRC" : "CE4927439F2BC474",
				"FMEL_UPD_D" : "20241215232953"
			}
		},
		{
			"type" : "Feature",
			"geometry" : {
				"type" : "Point",
				"coordinates" : [ 103.84342670839384, 1.311740307865876 ]
			},
			"properties" : {
				"OBJECTID" : 33753,
				"POSTAL_CODE" : "229194",
				"HOUSE_BLK_NO" : "17",
				"STREET_NAME" : "HOOPER ROAD",
				"D_TYPE" : "Semi-Detached House",
				"NO_OF_UNITS" : 1,
				"INC_CRC" : "BCED7987F6482BC5",
				"FMEL_UPD_D" : "20241215232953"
			}
		},
		{
			"type" : "Feature",
			"geometry" : {
				"type" : "Point",
				"coordinates" : [ 103.8440411532547, 1.3119205225719104 ]
			},
			"properties" : {
				"OBJECTID" : 33754,
				"POSTAL_CODE" : "229195",
				"HOUSE_BLK_NO" : "18",
				"STREET_NAME" : "HOOPER ROAD",
				"D_TYPE" : "Terrace House",
				"NO_OF_UNITS" : 1,
				"INC_CRC" : "4F9E37572131086E",
				"FMEL_UPD_D" : "20241215232953"
			}
		},
		{
			"type" : "Feature",
			"geometry" : {
				"type" : "Point",
				"coordinates" : [ 103.84345714339122, 1.3117996503452785 ]
			},
			"properties" : {
				"OBJECTID" : 33755,
				"POSTAL_CODE" : "229196",
				"HOUSE_BLK_NO" : "19",
				"STREET_NAME" : "HOOPER ROAD",
				"D_TYPE" : "Semi-Detached House",
				"NO_OF_UNITS" : 1,
				"INC_CRC" : "67942098AA1551A8",
				"FMEL_UPD_D" : "20241215232953"
			}
		},
		{
			"type" : "Feature",
			"geometry" : {
				"type" : "Point",
				"coordinates" : [ 103.84406951615746, 1.3119665708914257 ]
			},
			"properties" : {
				"OBJECTID" : 33756,
				"POSTAL_CODE" : "229197",
				"HOUSE_BLK_NO" : "20",
				"STREET_NAME" : "HOOPER ROAD",
				"D_TYPE" : "Terrace House",
				"NO_OF_UNITS" : 1,
				"INC_CRC" : "21DE9B50EE0D523D",
				"FMEL_UPD_D" : "20241215232953"
			}
		},
		{
			"type" : "Feature",
			"geometry" : {
				"type" : "Point",
				"coordinates" : [ 103.84351452697597, 1.3119076149779438 ]
			},
			"properties" : {
				"OBJECTID" : 33757,
				"POSTAL_CODE" : "229198",
				"HOUSE_BLK_NO" : "21",
				"STREET_NAME" : "HOOPER ROAD",
				"D_TYPE" : "Terrace House",
				"NO_OF_UNITS" : 1,
				"INC_CRC" : "E61EA01CAD32F83E",
				"FMEL_UPD_D" : "20241215232953"
			}
		},
		{
			"type" : "Feature",
			"geometry" : {
				"type" : "Point",
				"coordinates" : [ 103.844094189627, 1.3120147263963144 ]
			},
			"properties" : {
				"OBJECTID" : 33758,
				"POSTAL_CODE" : "229199",
				"HOUSE_BLK_NO" : "22",
				"STREET_NAME" : "HOOPER ROAD",
				"D_TYPE" : "Terrace House",
				"NO_OF_UNITS" : 1,
				"INC_CRC" : "69D2C3C258744BCE",
				"FMEL_UPD_D" : "20241215232953"
			}
		},
		{
			"type" : "Feature",
			"geometry" : {
				"type" : "Point",
				"coordinates" : [ 103.84354204976377, 1.3119631148225002 ]
			},
			"properties" : {
				"OBJECTID" : 33759,
				"POSTAL_CODE" : "229200",
				"HOUSE_BLK_NO" : "23",
				"STREET_NAME" : "HOOPER ROAD",
				"D_TYPE" : "Terrace House",
				"NO_OF_UNITS" : 1,
				"INC_CRC" : "886C8792B7762B0E",
				"FMEL_UPD_D" : "20241215232953"
			}
		},
		{
			"type" : "Feature",
			"geometry" : {
				"type" : "Point",
				"coordinates" : [ 103.84411795736246, 1.3120635004903152 ]
			},
			"properties" : {
				"OBJECTID" : 33760,
				"POSTAL_CODE" : "229201",
				"HOUSE_BLK_NO" : "24",
				"STREET_NAME" : "HOOPER ROAD",
				"D_TYPE" : "Terrace House",
				"NO_OF_UNITS" : 1,
				"INC_CRC" : "BC5A1C658CB31200",
				"FMEL_UPD_D" : "20241215232953"
			}
		},
		{
			"type" : "Feature",
			"geometry" : {
				"type" : "Point",
				"coordinates" : [ 103.84357081165115, 1.3120183460652992 ]
			},
			"properties" : {
				"OBJECTID" : 33761,
				"POSTAL_CODE" : "229202",
				"HOUSE_BLK_NO" : "25",
				"STREET_NAME" : "HOOPER ROAD",
				"D_TYPE" : "Terrace House",
				"NO_OF_UNITS" : 1,
				"INC_CRC" : "A2C39ACB0DC5FA22",
				"FMEL_UPD_D" : "20241215232953"
			}
		},
		{
			"type" : "Feature",
			"geometry" : {
				"type" : "Point",
				"coordinates" : [ 103.8441416118782, 1.3121114769348898 ]
			},
			"properties" : {
				"OBJECTID" : 33762,
				"POSTAL_CODE" : "229203",
				"HOUSE_BLK_NO" : "26",
				"STREET_NAME" : "HOOPER ROAD",
				"D_TYPE" : "Terrace House",
				"NO_OF_UNITS" : 1,
				"INC_CRC" : "3131DCFB58EB62F5",
				"FMEL_UPD_D" : "20241215232953"
			}
		},
		{
			"type" : "Feature",
			"geometry" : {
				"type" : "Point",
				"coordinates" : [ 103.84360065812106, 1.3120814986336682 ]
			},
			"properties" : {
				"OBJECTID" : 33763,
				"POSTAL_CODE" : "229204",
				"HOUSE_BLK_NO" : "27",
				"STREET_NAME" : "HOOPER ROAD",
				"D_TYPE" : "Terrace House",
				"NO_OF_UNITS" : 1,
				"INC_CRC" : "CC8E3D4602E25EAC",
				"FMEL_UPD_D" : "20241215232953"
			}
		},
		{
			"type" : "Feature",
			"geometry" : {
				"type" : "Point",
				"coordinates" : [ 103.8441654137485, 1.3121574890984453 ]
			},
			"properties" : {
				"OBJECTID" : 33764,
				"POSTAL_CODE" : "229205",
				"HOUSE_BLK_NO" : "28",
				"STREET_NAME" : "HOOPER ROAD",
				"D_TYPE" : "Terrace House",
				"NO_OF_UNITS" : 1,
				"INC_CRC" : "E387250160D24F47",
				"FMEL_UPD_D" : "20241215232953"
			}
		},
		{
			"type" : "Feature",
			"geometry" : {
				"type" : "Point",
				"coordinates" : [ 103.84363346532466, 1.3121476274535984 ]
			},
			"properties" : {
				"OBJECTID" : 33765,
				"POSTAL_CODE" : "229206",
				"HOUSE_BLK_NO" : "29",
				"STREET_NAME" : "HOOPER ROAD",
				"D_TYPE" : "Terrace House",
				"NO_OF_UNITS" : 1,
				"INC_CRC" : "21AA978DEEC1D9FE",
				"FMEL_UPD_D" : "20241215232953"
			}
		},
		{
			"type" : "Feature",
			"geometry" : {
				"type" : "Point",
				"coordinates" : [ 103.84418670056972, 1.3122010956626333 ]
			},
			"properties" : {
				"OBJECTID" : 33766,
				"POSTAL_CODE" : "229207",
				"HOUSE_BLK_NO" : "30",
				"STREET_NAME" : "HOOPER ROAD",
				"D_TYPE" : "Terrace House",
				"NO_OF_UNITS" : 1,
				"INC_CRC" : "ADFFDB197F3F648F",
				"FMEL_UPD_D" : "20241215232953"
			}
		},
		{
			"type" : "Feature",
			"geometry" : {
				"type" : "Point",
				"coordinates" : [ 103.8436685584085, 1.3122062048183012 ]
			},
			"properties" : {
				"OBJECTID" : 33767,
				"POSTAL_CODE" : "229208",
				"HOUSE_BLK_NO" : "31",
				"STREET_NAME" : "HOOPER ROAD",
				"D_TYPE" : "Terrace House",
				"NO_OF_UNITS" : 1,
				"INC_CRC" : "26ADCBE102072565",
				"FMEL_UPD_D" : "20241215232953"
			}
		},
		{
			"type" : "Feature",
			"geometry" : {
				"type" : "Point",
				"coordinates" : [ 103.8199567347606, 1.3041691978229077 ]
			},
			"properties" : {
				"OBJECTID" : 33768,
				"POSTAL_CODE" : "248160",
				"HOUSE_BLK_NO" : "37",
				"STREET_NAME" : "SHERWOOD ROAD",
				"D_TYPE" : "Detached House",
				"NO_OF_UNITS" : 1,
				"INC_CRC" : "3F145E2206A4DCCF",
				"FMEL_UPD_D" : "20241215232953"
			}
		},
		{
			"type" : "Feature",
			"geometry" : {
				"type" : "Point",
				"coordinates" : [ 103.7750566336829, 1.3064699456647975 ]
			},
			"properties" : {
				"OBJECTID" : 33769,
				"POSTAL_CODE" : "139100",
				"HOUSE_BLK_NO" : "1/1A",
				"STREET_NAME" : "ST MARGARET ROAD",
				"D_TYPE" : "Detached House",
				"NO_OF_UNITS" : 1,
				"INC_CRC" : "C6BAD80612BE20A7",
				"FMEL_UPD_D" : "20241215232953"
			}
		},
		{
			"type" : "Feature",
			"geometry" : {
				"type" : "Point",
				"coordinates" : [ 103.77477984095894, 1.3066581039342142 ]
			},
			"properties" : {
				"OBJECTID" : 33770,
				"POSTAL_CODE" : "139101",
				"HOUSE_BLK_NO" : "2/2A",
				"STREET_NAME" : "ST MARGARET ROAD",
				"D_TYPE" : "Detached House",
				"NO_OF_UNITS" : 1,
				"INC_CRC" : "CD9DD50A823962DA",
				"FMEL_UPD_D" : "20241215232953"
			}
		},
		{
			"type" : "Feature",
			"geometry" : {
				"type" : "Point",
				"coordinates" : [ 103.77433945115983, 1.3067857970361973 ]
			},
			"properties" : {
				"OBJECTID" : 33771,
				"POSTAL_CODE" : "139104",
				"HOUSE_BLK_NO" : "5/5A",
				"STREET_NAME" : "ST MARGARET ROAD",
				"D_TYPE" : "Detached House",
				"NO_OF_UNITS" : 1,
				"INC_CRC" : "3AFFE11031DFA2D7",
				"FMEL_UPD_D" : "20241215232953"
			}
		},
		{
			"type" : "Feature",
			"geometry" : {
				"type" : "Point",
				"coordinates" : [ 103.8314665066408, 1.3129691359158537 ]
			},
			"properties" : {
				"OBJECTID" : 33772,
				"POSTAL_CODE" : "257827",
				"HOUSE_BLK_NO" : "12",
				"STREET_NAME" : "STEVENS ROAD",
				"D_TYPE" : "Detached House",
				"NO_OF_UNITS" : 1,
				"INC_CRC" : "ED92F52BD5A1163C",
				"FMEL_UPD_D" : "20241215232953"
			}
		},
		{
			"type" : "Feature",
			"geometry" : {
				"type" : "Point",
				"coordinates" : [ 103.83153106580271, 1.3139877978973218 ]
			},
			"properties" : {
				"OBJECTID" : 33773,
				"POSTAL_CODE" : "257830",
				"HOUSE_BLK_NO" : "14",
				"STREET_NAME" : "STEVENS ROAD",
				"D_TYPE" : "Detached House",
				"NO_OF_UNITS" : 1,
				"INC_CRC" : "3735FAB523CA897F",
				"FMEL_UPD_D" : "20241215232953"
			}
		},
		{
			"type" : "Feature",
			"geometry" : {
				"type" : "Point",
				"coordinates" : [ 103.83102925563624, 1.3136082934960736 ]
			},
			"properties" : {
				"OBJECTID" : 33774,
				"POSTAL_CODE" : "257831",
				"HOUSE_BLK_NO" : "16",
				"STREET_NAME" : "STEVENS ROAD",
				"D_TYPE" : "Detached House",
				"NO_OF_UNITS" : 1,
				"INC_CRC" : "7F76294061C0EAB4",
				"FMEL_UPD_D" : "20241215232953"
			}
		},
		{
			"type" : "Feature",
			"geometry" : {
				"type" : "Point",
				"coordinates" : [ 103.83179025282509, 1.3135325164626197 ]
			},
			"properties" : {
				"OBJECTID" : 33775,
				"POSTAL_CODE" : "257828",
				"HOUSE_BLK_NO" : "12A",
				"STREET_NAME" : "STEVENS ROAD",
				"D_TYPE" : "Detached House",
				"NO_OF_UNITS" : 1,
				"INC_CRC" : "DF12555CA3C2624E",
				"FMEL_UPD_D" : "20241215232953"
			}
		},
		{
			"type" : "Feature",
			"geometry" : {
				"type" : "Point",
				"coordinates" : [ 103.8319390723953, 1.313619847432677 ]
			},
			"properties" : {
				"OBJECTID" : 33776,
				"POSTAL_CODE" : "257829",
				"HOUSE_BLK_NO" : "12B",
				"STREET_NAME" : "STEVENS ROAD",
				"D_TYPE" : "Detached House",
				"NO_OF_UNITS" : 1,
				"INC_CRC" : "BBBF8832E04D4BA9",
				"FMEL_UPD_D" : "20241215232953"
			}
		},
		{
			"type" : "Feature",
			"geometry" : {
				"type" : "Point",
				"coordinates" : [ 103.83086859505522, 1.3134736777512386 ]
			},
			"properties" : {
				"OBJECTID" : 33777,
				"POSTAL_CODE" : "257832",
				"HOUSE_BLK_NO" : "16A",
				"STREET_NAME" : "STEVENS ROAD",
				"D_TYPE" : "Detached House",
				"NO_OF_UNITS" : 1,
				"INC_CRC" : "C3BE218D345DA3F9",
				"FMEL_UPD_D" : "20241215232953"
			}
		},
		{
			"type" : "Feature",
			"geometry" : {
				"type" : "Point",
				"coordinates" : [ 103.87010022145148, 1.403432050517727 ]
			},
			"properties" : {
				"OBJECTID" : 33778,
				"POSTAL_CODE" : "797910",
				"HOUSE_BLK_NO" : "2",
				"STREET_NAME" : "SUSSEX GARDENS",
				"D_TYPE" : "Semi-Detached House",
				"NO_OF_UNITS" : 1,
				"INC_CRC" : "05CCFBF867AA05CF",
				"FMEL_UPD_D" : "20241215232953"
			}
		},
		{
			"type" : "Feature",
			"geometry" : {
				"type" : "Point",
				"coordinates" : [ 103.87036033390865, 1.4036974129655866 ]
			},
			"properties" : {
				"OBJECTID" : 33779,
				"POSTAL_CODE" : "797911",
				"HOUSE_BLK_NO" : "3",
				"STREET_NAME" : "SUSSEX GARDENS",
				"D_TYPE" : "Semi-Detached House",
				"NO_OF_UNITS" : 1,
				"INC_CRC" : "5A6CC7B9730B1F79",
				"FMEL_UPD_D" : "20241215232953"
			}
		},
		{
			"type" : "Feature",
			"geometry" : {
				"type" : "Point",
				"coordinates" : [ 103.87001143438158, 1.4035540912992035 ]
			},
			"properties" : {
				"OBJECTID" : 33780,
				"POSTAL_CODE" : "797912",
				"HOUSE_BLK_NO" : "4",
				"STREET_NAME" : "SUSSEX GARDENS",
				"D_TYPE" : "Semi-Detached House",
				"NO_OF_UNITS" : 1,
				"INC_CRC" : "2383722FC9B62994",
				"FMEL_UPD_D" : "20241215232953"
			}
		},
		{
			"type" : "Feature",
			"geometry" : {
				"type" : "Point",
				"coordinates" : [ 103.87027360890333, 1.4038075070775562 ]
			},
			"properties" : {
				"OBJECTID" : 33781,
				"POSTAL_CODE" : "797913",
				"HOUSE_BLK_NO" : "5",
				"STREET_NAME" : "SUSSEX GARDENS",
				"D_TYPE" : "Semi-Detached House",
				"NO_OF_UNITS" : 1,
				"INC_CRC" : "CC5A1F0746C7B144",
				"FMEL_UPD_D" : "20241215232953"
			}
		},
		{
			"type" : "Feature",
			"geometry" : {
				"type" : "Point",
				"coordinates" : [ 103.86983027680128, 1.403633067723638 ]
			},
			"properties" : {
				"OBJECTID" : 33782,
				"POSTAL_CODE" : "797914",
				"HOUSE_BLK_NO" : "6",
				"STREET_NAME" : "SUSSEX GARDENS",
				"D_TYPE" : "Semi-Detached House",
				"NO_OF_UNITS" : 1,
				"INC_CRC" : "B8F1D63574E12864",
				"FMEL_UPD_D" : "20241215232953"
			}
		},
		{
			"type" : "Feature",
			"geometry" : {
				"type" : "Point",
				"coordinates" : [ 103.8693197921726, 1.4041838043270245 ]
			},
			"properties" : {
				"OBJECTID" : 33783,
				"POSTAL_CODE" : "797915",
				"HOUSE_BLK_NO" : "7",
				"STREET_NAME" : "SUSSEX GARDENS",
				"D_TYPE" : "Semi-Detached House",
				"NO_OF_UNITS" : 1,
				"INC_CRC" : "AED6A558FEED6BD6",
				"FMEL_UPD_D" : "20241215232953"
			}
		},
		{
			"type" : "Feature",
			"geometry" : {
				"type" : "Point",
				"coordinates" : [ 103.86971991029506, 1.4037586901139667 ]
			},
			"properties" : {
				"OBJECTID" : 33784,
				"POSTAL_CODE" : "797916",
				"HOUSE_BLK_NO" : "8",
				"STREET_NAME" : "SUSSEX GARDENS",
				"D_TYPE" : "Semi-Detached House",
				"NO_OF_UNITS" : 1,
				"INC_CRC" : "3F1E5525D29AE182",
				"FMEL_UPD_D" : "20241215232953"
			}
		},
		{
			"type" : "Feature",
			"geometry" : {
				"type" : "Point",
				"coordinates" : [ 103.86919885541751, 1.4041809013805493 ]
			},
			"properties" : {
				"OBJECTID" : 33785,
				"POSTAL_CODE" : "797917",
				"HOUSE_BLK_NO" : "9",
				"STREET_NAME" : "SUSSEX GARDENS",
				"D_TYPE" : "Semi-Detached House",
				"NO_OF_UNITS" : 1,
				"INC_CRC" : "E060DB276F6F01E3",
				"FMEL_UPD_D" : "20241215232953"
			}
		},
		{
			"type" : "Feature",
			"geometry" : {
				"type" : "Point",
				"coordinates" : [ 103.86943133939043, 1.4037608216781947 ]
			},
			"properties" : {
				"OBJECTID" : 33786,
				"POSTAL_CODE" : "797918",
				"HOUSE_BLK_NO" : "10",
				"STREET_NAME" : "SUSSEX GARDENS",
				"D_TYPE" : "Semi-Detached House",
				"NO_OF_UNITS" : 1,
				"INC_CRC" : "B193E070059592A4",
				"FMEL_UPD_D" : "20241215232953"
			}
		},
		{
			"type" : "Feature",
			"geometry" : {
				"type" : "Point",
				"coordinates" : [ 103.86932685815665, 1.4038590589173547 ]
			},
			"properties" : {
				"OBJECTID" : 33787,
				"POSTAL_CODE" : "797919",
				"HOUSE_BLK_NO" : "12",
				"STREET_NAME" : "SUSSEX GARDENS",
				"D_TYPE" : "Semi-Detached House",
				"NO_OF_UNITS" : 1,
				"INC_CRC" : "4C22EB3708BA4D76",
				"FMEL_UPD_D" : "20241215232953"
			}
		},
		{
			"type" : "Feature",
			"geometry" : {
				"type" : "Point",
				"coordinates" : [ 103.81826564664142, 1.300439609663257 ]
			},
			"properties" : {
				"OBJECTID" : 33788,
				"POSTAL_CODE" : "247952",
				"HOUSE_BLK_NO" : "303",
				"STREET_NAME" : "TANGLIN ROAD",
				"D_TYPE" : "Detached House",
				"NO_OF_UNITS" : 1,
				"INC_CRC" : "31890DB67707AFF8",
				"FMEL_UPD_D" : "20241215232953"
			}
		},
		{
			"type" : "Feature",
			"geometry" : {
				"type" : "Point",
				"coordinates" : [ 103.81789706251548, 1.3001457657436004 ]
			},
			"properties" : {
				"OBJECTID" : 33789,
				"POSTAL_CODE" : "247953",
				"HOUSE_BLK_NO" : "305",
				"STREET_NAME" : "TANGLIN ROAD",
				"D_TYPE" : "Detached House",
				"NO_OF_UNITS" : 1,
				"INC_CRC" : "4C6C9059E34265F9",
				"FMEL_UPD_D" : "20241215232953"
			}
		},
		{
			"type" : "Feature",
			"geometry" : {
				"type" : "Point",
				"coordinates" : [ 103.81723782192996, 1.2986726463470735 ]
			},
			"properties" : {
				"OBJECTID" : 33790,
				"POSTAL_CODE" : "247954",
				"HOUSE_BLK_NO" : "309",
				"STREET_NAME" : "TANGLIN ROAD",
				"D_TYPE" : "Detached House",
				"NO_OF_UNITS" : 1,
				"INC_CRC" : "02FAFD331370A867",
				"FMEL_UPD_D" : "20241215232953"
			}
		},
		{
			"type" : "Feature",
			"geometry" : {
				"type" : "Point",
				"coordinates" : [ 103.81011295616423, 1.3329859212993227 ]
			},
			"properties" : {
				"OBJECTID" : 33791,
				"POSTAL_CODE" : "287599",
				"HOUSE_BLK_NO" : "126",
				"STREET_NAME" : "WATTEN ESTATE ROAD",
				"D_TYPE" : "Detached House",
				"NO_OF_UNITS" : 1,
				"INC_CRC" : "9D10641E4BBB0618",
				"FMEL_UPD_D" : "20241215232953"
			}
		},
		{
			"type" : "Feature",
			"geometry" : {
				"type" : "Point",
				"coordinates" : [ 103.81066618026912, 1.3328127189812058 ]
			},
			"properties" : {
				"OBJECTID" : 33792,
				"POSTAL_CODE" : "287600",
				"HOUSE_BLK_NO" : "130",
				"STREET_NAME" : "WATTEN ESTATE ROAD",
				"D_TYPE" : "Detached House",
				"NO_OF_UNITS" : 1,
				"INC_CRC" : "3BF8F0C91CED0137",
				"FMEL_UPD_D" : "20241215232953"
			}
		},
		{
			"type" : "Feature",
			"geometry" : {
				"type" : "Point",
				"coordinates" : [ 103.84008612717157, 1.3093786032712256 ]
			},
			"properties" : {
				"OBJECTID" : 33793,
				"POSTAL_CODE" : "227979",
				"HOUSE_BLK_NO" : "2",
				"STREET_NAME" : "WINSTEDT ROAD",
				"D_TYPE" : "Other Apartment nec",
				"NO_OF_UNITS" : 1,
				"INC_CRC" : "CC6697CB64275554",
				"FMEL_UPD_D" : "20241215232953"
			}
		},
		{
			"type" : "Feature",
			"geometry" : {
				"type" : "Point",
				"coordinates" : [ 103.84008612717157, 1.3093786032712256 ]
			},
			"properties" : {
				"OBJECTID" : 33794,
				"POSTAL_CODE" : "227983",
				"HOUSE_BLK_NO" : "4",
				"STREET_NAME" : "WINSTEDT ROAD",
				"D_TYPE" : "Other Apartment nec",
				"NO_OF_UNITS" : 1,
				"INC_CRC" : "CC6697CB14A54994",
				"FMEL_UPD_D" : "20241215232953"
			}
		},
		{
			"type" : "Feature",
			"geometry" : {
				"type" : "Point",
				"coordinates" : [ 103.84008612717157, 1.3093786032712256 ]
			},
			"properties" : {
				"OBJECTID" : 33795,
				"POSTAL_CODE" : "227980",
				"HOUSE_BLK_NO" : "2A",
				"STREET_NAME" : "WINSTEDT ROAD",
				"D_TYPE" : "Other Apartment nec",
				"NO_OF_UNITS" : 1,
				"INC_CRC" : "CC6697CBF631CF2F",
				"FMEL_UPD_D" : "20241215232953"
			}
		},
		{
			"type" : "Feature",
			"geometry" : {
				"type" : "Point",
				"coordinates" : [ 103.84008612717157, 1.3093786032712256 ]
			},
			"properties" : {
				"OBJECTID" : 33796,
				"POSTAL_CODE" : "227981",
				"HOUSE_BLK_NO" : "2B",
				"STREET_NAME" : "WINSTEDT ROAD",
				"D_TYPE" : "Other Apartment nec",
				"NO_OF_UNITS" : 1,
				"INC_CRC" : "CC6697CB1020ACBA",
				"FMEL_UPD_D" : "20241215232953"
			}
		},
		{
			"type" : "Feature",
			"geometry" : {
				"type" : "Point",
				"coordinates" : [ 103.84008612717157, 1.3093786032712256 ]
			},
			"properties" : {
				"OBJECTID" : 33797,
				"POSTAL_CODE" : "227982",
				"HOUSE_BLK_NO" : "2C",
				"STREET_NAME" : "WINSTEDT ROAD",
				"D_TYPE" : "Other Apartment nec",
				"NO_OF_UNITS" : 1,
				"INC_CRC" : "CC6697CBF39B0AFF",
				"FMEL_UPD_D" : "20241215232953"
			}
		},
		{
			"type" : "Feature",
			"geometry" : {
				"type" : "Point",
				"coordinates" : [ 103.84008612717157, 1.3093786032712256 ]
			},
			"properties" : {
				"OBJECTID" : 33798,
				"POSTAL_CODE" : "227984",
				"HOUSE_BLK_NO" : "4A",
				"STREET_NAME" : "WINSTEDT ROAD",
				"D_TYPE" : "Other Apartment nec",
				"NO_OF_UNITS" : 1,
				"INC_CRC" : "CC6697CB9D6C1AB4",
				"FMEL_UPD_D" : "20241215232953"
			}
		},
		{
			"type" : "Feature",
			"geometry" : {
				"type" : "Point",
				"coordinates" : [ 103.84008612717157, 1.3093786032712256 ]
			},
			"properties" : {
				"OBJECTID" : 33799,
				"POSTAL_CODE" : "227985",
				"HOUSE_BLK_NO" : "4B",
				"STREET_NAME" : "WINSTEDT ROAD",
				"D_TYPE" : "Other Apartment nec",
				"NO_OF_UNITS" : 1,
				"INC_CRC" : "CC6697CB7B7D7921",
				"FMEL_UPD_D" : "20241215232953"
			}
		},
		{
			"type" : "Feature",
			"geometry" : {
				"type" : "Point",
				"coordinates" : [ 103.84008612717157, 1.3093786032712256 ]
			},
			"properties" : {
				"OBJECTID" : 33800,
				"POSTAL_CODE" : "227986",
				"HOUSE_BLK_NO" : "4C",
				"STREET_NAME" : "WINSTEDT ROAD",
				"D_TYPE" : "Other Apartment nec",
				"NO_OF_UNITS" : 1,
				"INC_CRC" : "CC6697CB98C6DF64",
				"FMEL_UPD_D" : "20241215232953"
			}
		},
		{
			"type" : "Feature",
			"geometry" : {
				"type" : "Point",
				"coordinates" : [ 103.83359987980434, 1.3196691585441211 ]
			},
			"properties" : {
				"OBJECTID" : 33801,
				"POSTAL_CODE" : "309867",
				"HOUSE_BLK_NO" : "7",
				"STREET_NAME" : "BARKER ROAD",
				"D_TYPE" : "Detached House",
				"NO_OF_UNITS" : 1,
				"INC_CRC" : "93A28F432237A4F2",
				"FMEL_UPD_D" : "20241215232953"
			}
		}
	]
}